Timestamp,BPMS:GUNB:925:Y
2024/01/29 14:26:15.629,0
2024/02/02 10:29:01.279,0
2024/02/05 08:01:46.265,0
2024/02/05 22:01:46.266,0
2024/02/10 14:01:46.266,0
2024/02/12 09:34:10.135,0
2024/02/16 11:26:09.469,0
2024/02/16 17:39:05.617,0
2024/02/17 10:58:32.033,-1.3843803405761719
2024/02/19 11:59:59.644,-0.3233271539211273
2024/02/19 13:59:59.802,-3.2128453254699707
2024/02/19 15:59:59.960,-0.24720270931720734
2024/02/19 16:37:40.134,0.15525111556053162
2024/02/19 19:59:59.198,0.6205258369445801
2024/02/19 21:59:58.082,0.04427243024110794
2024/02/19 23:59:59.906,0.025748971849679947
2024/02/20 00:56:58.636,0.06416221708059311
2024/02/20 07:23:39.842,0.09667573869228363
2024/02/20 09:59:55.208,-0.010326692834496498
2024/02/20 11:59:57.522,-0.011836947873234749
2024/02/20 13:53:56.648,-0.4057760536670685
2024/02/20 15:31:01.180,-0.44094908237457275
2024/02/20 17:59:59.368,-0.5221930742263794
2024/02/20 19:59:59.330,-0.07538457959890366
2024/02/20 21:59:59.586,-0.12063923478126526
2024/02/20 23:59:59.352,0.011550307273864746
2024/02/21 00:45:06.210,-0.01776118576526642
2024/02/21 09:59:59.162,-0.02802928537130356
2024/02/21 11:56:24.308,-0.01322367787361145
2024/02/21 13:59:58.008,0.057529523968696594
2024/02/21 15:59:59.440,0.004726916551589966
2024/02/21 17:59:59.304,-0.022168517112731934
2024/02/21 19:59:50.740,-0.024362556636333466
2024/02/21 21:59:59.032,0.011794894933700562
2024/02/21 23:59:59.484,-0.011590428650379181
2024/02/22 01:59:50.332,-0.03437773883342743
2024/02/22 03:59:59.114,-0.014850877225399017
2024/02/22 05:59:59.958,0.007620997726917267
2024/02/22 06:41:57.676,-0.012134470045566559
2024/02/22 09:56:10.954,0.1630798578262329
2024/02/22 11:59:59.354,-0.019573748111724854
2024/02/22 13:59:51.574,0.03746473789215088
2024/02/22 15:59:59.572,0.022276505827903748
2024/02/22 17:59:57.378,-0.004788398742675781
2024/02/22 19:59:57.732,0.033630698919296265
2024/02/22 21:59:49.462,-0.049354784190654755
2024/02/22 23:35:01.000,0.007273100316524506
2024/02/23 01:23:25.064,-0.04054009169340134
2024/02/23 09:59:59.034,-0.012920822948217392
2024/02/23 11:59:58.114,-0.001957722008228302
2024/02/23 13:54:24.288,0.0884784460067749
2024/02/23 19:57:42.232,-0.10195914655923843
2024/02/23 21:59:59.688,-0.07261734455823898
2024/02/23 23:59:59.748,-0.04206053167581558
2024/02/24 01:59:59.906,0.0010348260402679443
2024/02/24 03:59:49.480,-0.030258655548095703
2024/02/24 05:36:19.810,-0.012785501778125763
2024/02/24 07:59:50.972,0.008956708014011383
2024/02/24 09:59:59.460,-0.13466352224349976
2024/02/24 11:59:53.444,-0.0954672247171402
2024/02/24 13:59:59.874,-0.06864988803863525
2024/02/24 15:59:59.836,-0.11655786633491516
2024/02/24 17:59:59.504,0.2722724378108978
2024/02/24 19:59:59.074,0.08759167790412903
2024/02/24 21:59:59.820,1.1566904783248901
2024/02/24 23:54:58.628,-0.14215122163295746
2024/02/25 01:42:36.436,-0.14298078417778015
2024/02/25 09:59:31.662,-0.215387761592865
2024/02/25 11:59:59.652,-0.1927841603755951
2024/02/25 13:59:59.516,-0.2729005515575409
2024/02/25 15:59:59.674,-0.3167699873447418
2024/02/25 17:59:51.992,-0.22133830189704895
2024/02/25 19:59:48.426,-0.19575993716716766
2024/02/25 21:59:59.952,-0.2165212482213974
2024/02/25 23:59:50.506,-0.21951188147068024
2024/02/26 01:47:48.110,-0.22229772806167603
2024/02/26 03:59:59.642,-0.24926213920116425
2024/02/26 05:59:59.898,-0.22890226542949677
2024/02/26 07:59:57.508,-0.2579815983772278
2024/02/26 09:39:38.055,-0.40439873933792114
2024/02/26 11:48:17.026,-0.38591188192367554
2024/02/26 13:59:50.534,-0.31453561782836914
2024/02/26 15:59:41.774,-0.11723051220178604
2024/02/26 17:41:33.348,1.905482530593872
2024/02/26 19:59:53.164,-0.3600490093231201
2024/02/26 21:59:51.656,-0.313740998506546
2024/02/26 23:59:59.066,-0.28511589765548706
2024/02/27 01:59:57.362,-0.29337432980537415
2024/02/27 03:40:19.756,-0.3457117974758148
2024/03/01 11:59:55.607,-0.19416990876197815
2024/03/01 13:59:59.293,0.0009805113077163696
2024/03/01 15:59:52.101,0.02788994461297989
2024/03/01 17:59:59.511,0.04817233234643936
2024/03/01 19:59:49.575,-0.37680065631866455
2024/03/01 21:59:54.241,-0.7507134675979614
2024/03/01 22:59:56.231,-0.7719712853431702
2024/03/03 12:34:21.382,0
2024/03/06 10:34:21.382,0
2024/03/12 14:23:00.840,0
2024/03/14 16:59:33.914,0.04057927057147026
2024/03/14 18:59:59.454,0.051037147641181946
2024/03/14 20:59:44.128,0.13430964946746826
2024/03/14 22:59:53.106,0.13544109463691711
2024/03/15 00:59:59.536,0.14284290373325348
2024/03/15 02:40:57.210,0.19092950224876404
2024/03/15 08:59:59.874,0.12365652620792389
2024/03/15 10:34:37.504,0.18718934059143066
2024/03/15 16:59:27.578,0.20217640697956085
2024/03/15 18:59:50.766,0.20186010003089905
2024/03/15 20:59:05.746,0.23781348764896393
2024/03/15 22:59:59.216,0.12040439248085022
2024/03/15 23:21:09.198,0.1937665045261383
2024/03/16 08:21:17.896,0.14363165199756622
2024/03/16 10:59:53.108,0.16187766194343567
2024/03/16 12:59:54.540,0.17046628892421722
2024/03/16 14:59:51.366,0.13685128092765808
2024/03/16 16:59:58.874,0.18899881839752197
2024/03/16 18:59:59.228,0.1712912768125534
2024/03/16 20:59:59.386,0.27856406569480896
2024/03/16 22:59:59.152,0.2619549632072449
2024/03/17 00:59:59.114,0.16993992030620575
2024/03/17 02:59:59.664,0.16352885961532593
2024/03/17 04:59:59.626,0.15410663187503815
2024/03/17 06:59:59.980,0.13746020197868347
2024/03/17 08:59:53.180,0.17314670979976654
2024/03/17 10:59:56.768,0.18010185658931732
2024/03/17 12:59:59.376,0.06003057584166527
2024/03/17 14:58:01.836,0.11043734848499298
2024/03/17 16:58:48.250,-0.3509775400161743
2024/03/17 18:59:59.458,-0.3933553993701935
2024/03/17 20:59:59.812,-0.34981101751327515
2024/03/17 22:59:59.872,-0.3642512559890747
2024/03/18 00:59:59.442,-0.560893177986145
2024/03/18 02:59:52.348,-0.5115172863006592
2024/03/18 04:59:59.954,-0.5420762300491333
2024/03/18 06:59:52.664,-0.5198725461959839
2024/03/18 08:56:33.882,-0.5324768424034119
2024/03/18 09:27:35.098,-0.5291264653205872
2024/03/18 12:59:59.606,-0.4460049867630005
2024/03/18 14:32:26.700,-0.11817470192909241
2024/03/18 16:59:59.577,-0.19923925399780273
2024/03/18 18:59:50.817,-0.44890451431274414
2024/03/18 20:49:40.729,-0.4322206377983093
2024/03/18 22:35:56.021,-0.4314573407173157
2024/03/19 00:59:59.131,-0.432512491941452
2024/03/19 02:59:54.193,-0.44168585538864136
2024/03/19 04:59:54.253,-0.46769049763679504
2024/03/19 06:59:56.273,-0.46765458583831787
2024/03/19 08:59:58.391,-0.4685317575931549
2024/03/19 10:59:56.785,-0.08558676391839981
2024/03/19 12:59:59.197,-0.13263551890850067
2024/03/19 14:59:57.297,-0.11153881251811981
2024/03/19 15:23:05.761,-0.15472887456417084
2024/03/19 20:59:59.143,-0.18774127960205078
2024/03/19 22:59:59.105,-0.1671239733695984
2024/03/20 00:59:59.361,-0.1716713011264801
2024/03/20 02:59:59.715,-0.14413705468177795
2024/03/20 04:59:59.481,-0.1470012664794922
2024/03/20 06:59:47.193,-0.1474270224571228
2024/03/20 12:59:59.427,-0.014033276587724686
2024/03/20 14:59:51.451,0.0190529003739357
2024/03/20 16:59:59.841,-0.11508874595165253
2024/03/20 18:59:59.215,-0.060420550405979156
2024/03/20 20:59:54.963,-0.046403102576732635
2024/03/20 22:59:59.237,-0.09489662945270538
2024/03/21 00:59:58.709,-0.20130009949207306
2024/03/21 02:59:52.399,-0.07778804004192352
2024/03/21 04:59:59.613,-0.0786525085568428
2024/03/21 06:59:59.183,-0.10411060601472855
2024/03/21 08:47:47.183,-0.09552396833896637
2024/03/21 10:59:57.147,-0.03672467917203903
2024/03/21 12:54:32.336,-0.01662426069378853
2024/03/21 14:59:57.364,0.012263307347893715
2024/03/21 16:59:59.287,0.008615018799901009
2024/03/21 18:59:59.347,-0.026180392131209373
2024/03/21 20:59:56.271,-0.01608050987124443
2024/03/21 22:59:56.135,0.005855364724993706
2024/03/22 00:59:59.919,-0.0016795862466096878
2024/03/22 02:59:57.137,-0.015831436961889267
2024/03/22 04:59:59.647,-0.010957198217511177
2024/03/22 06:59:55.787,-0.017207272350788116
2024/03/22 08:59:54.573,0.0003945678472518921
2024/03/22 10:59:59.239,0.13689526915550232
2024/03/22 12:59:54.399,-0.0247005894780159
2024/03/22 14:59:52.989,-0.0000670701265335083
2024/03/22 16:59:27.960,-0.0854688510298729
2024/03/22 18:37:06.891,-0.020251400768756866
2024/03/22 20:59:34.157,-0.07205456495285034
2024/03/22 22:59:59.893,-0.06511516124010086
2024/03/23 00:59:59.756,-0.07136020809412003
2024/03/23 02:59:58.739,-0.07473166286945343
2024/03/23 04:59:59.387,-0.06298607587814331
2024/03/23 06:59:52.979,-0.08255283534526825
2024/03/23 08:59:58.919,-0.07208370417356491
2024/03/23 10:59:55.451,-0.0424085408449173
2024/03/23 11:38:15.315,-0.08676642179489136
2024/03/23 14:59:57.531,-0.23579415678977966
2024/03/23 16:59:54.650,-1.1093029975891113
2024/03/23 18:59:44.617,-0.7176238298416138
2024/03/23 20:59:59.083,-0.7123421430587769
2024/03/23 22:59:59.338,-0.7403357028961182
2024/03/24 00:59:52.833,0.4140605926513672
2024/03/24 02:59:51.324,0.42030513286590576
2024/03/24 04:59:59.225,0.2616424858570099
2024/03/24 06:59:59.383,0.4241984486579895
2024/03/24 08:58:13.210,0.34366515278816223
2024/03/24 10:59:58.718,0.38213443756103516
2024/03/24 12:59:53.781,0.37194886803627014
2024/03/24 14:59:55.016,0.3994070291519165
2024/03/24 16:59:59.192,0.3744814991950989
2024/03/24 18:59:59.155,0.37293779850006104
2024/03/24 20:59:59.607,0.4220837354660034
2024/03/24 22:59:52.513,0.4024416208267212
2024/03/25 00:58:03.596,0.41531461477279663
2024/03/25 02:59:59.492,0.42363205552101135
2024/03/25 04:59:59.258,0.3978802561759949
2024/03/25 06:59:49.518,0.41140109300613403
2024/03/25 08:59:53.890,0.4132237136363983
2024/03/25 10:59:55.420,0.3510385751724243
2024/03/25 12:59:59.694,0.37050116062164307
2024/03/25 14:39:50.532,0.8585625886917114
2024/03/25 16:52:20.488,0.4015415906906128
2024/03/25 18:59:51.250,0.3765985667705536
2024/03/25 20:59:53.368,0.3794148564338684
2024/03/25 22:58:58.646,0.28321173787117004
2024/03/26 00:59:55.056,0.3267930746078491
2024/03/26 02:56:36.960,0.3543121814727783
2024/03/26 04:59:59.292,0.3829159736633301
2024/03/26 05:39:54.020,0.34984588623046875
2024/03/29 18:59:59.707,0.6043679714202881
2024/03/29 20:59:52.809,0.621060848236084
2024/03/29 22:59:55.417,0.6033833026885986
2024/03/30 00:59:57.927,0.5939746499061584
2024/03/30 02:34:01.355,0.5906256437301636
2024/03/30 04:59:52.461,0.5752463340759277
2024/03/30 06:59:59.675,0.6255921125411987
2024/03/30 08:59:57.285,0.6115015149116516
2024/03/30 10:59:52.151,0.6459894776344299
2024/03/30 12:59:59.757,0.6701036691665649
2024/03/30 14:59:59.033,0.7066671252250671
2024/03/30 16:54:37.457,0.7726306915283203
2024/03/30 18:59:59.153,0.714302659034729
2024/03/30 20:59:56.665,0.6203573942184448
2024/03/30 22:43:56.815,0.5602415800094604
2024/03/31 10:59:59.437,0.14222928881645203
2024/03/31 12:29:56.591,1.1424309015274048
2024/03/31 14:59:59.067,-0.049873851239681244
2024/03/31 16:41:27.807,-0.016570065170526505
2024/03/31 18:59:53.209,0.014706813730299473
2024/03/31 20:42:35.351,-0.020144950598478317
2024/04/01 00:58:14.017,-0.054282862693071365
2024/04/01 04:59:59.095,-0.9785677194595337
2024/04/01 06:59:51.315,-0.8740946650505066
2024/04/01 08:59:59.803,0.004271198064088821
2024/04/01 10:44:47.874,0.035809118300676346
2024/04/01 12:59:59.629,-0.03887396678328514
2024/04/01 14:59:59.199,-0.12821213901042938
2024/04/01 16:48:31.788,-0.10048313438892365
2024/04/01 18:59:59.613,-0.050242938101291656
2024/04/01 20:59:59.085,-0.05104917660355568
2024/04/01 22:59:59.831,-0.11787781119346619
2024/04/02 00:57:29.559,-0.11077722162008286
2024/04/02 02:59:56.423,-0.09611336141824722
2024/04/02 04:59:59.815,-0.11654962599277496
2024/04/02 06:59:51.741,-0.09161590784788132
2024/04/02 08:49:34.008,0.5741676688194275
2024/04/02 09:31:03.306,0.12082129716873169
2024/04/02 12:59:59.662,0.1935003101825714
2024/04/02 14:59:59.918,0.4497085213661194
2024/04/02 16:59:59.684,-0.19365112483501434
2024/04/02 18:59:59.255,0.15480178594589233
2024/04/02 20:59:59.315,0.13084571063518524
2024/04/02 22:29:17.661,0.09065276384353638
2024/04/03 00:59:49.340,0.17260591685771942
2024/04/03 02:59:55.967,0.09295126795768738
2024/04/03 04:59:59.260,0.15956278145313263
2024/04/03 06:52:12.644,0.11417713761329651
2024/04/03 07:43:02.307,0.26802632212638855
2024/04/03 10:50:16.634,0.13053520023822784
2024/04/03 12:59:59.794,0.0314045324921608
2024/04/03 14:59:54.954,0.16450870037078857
2024/04/03 16:59:59.130,0.1509804129600525
2024/04/03 18:59:59.190,0.10879617184400558
2024/04/03 20:59:59.936,0.0704646110534668
2024/04/03 22:59:59.702,0.08062232285737991
2024/04/04 00:59:57.214,0.08016006648540497
2024/04/04 02:59:56.196,0.05947030335664749
2024/04/04 04:59:53.414,0.03660909831523895
2024/04/04 06:54:03.320,0.06915808469057083
2024/04/04 08:59:59.316,0.08007103949785233
2024/04/04 10:59:50.654,0.07464109361171722
2024/04/04 12:59:53.066,0.06986530125141144
2024/04/04 14:59:59.986,0.0576271153986454
2024/04/04 16:59:56.224,0.09714850783348083
2024/04/04 18:59:59.322,0.0782921239733696
2024/04/04 20:59:59.088,0.08191092312335968
2024/04/04 22:55:55.814,0.012934209778904915
2024/04/05 00:59:59.796,-0.003853756934404373
2024/04/05 02:56:07.106,-0.006877534091472626
2024/04/05 04:59:59.916,0.019992120563983917
2024/04/05 06:59:59.094,0.006419084966182709
2024/04/05 08:59:59.154,0.004982847720384598
2024/04/05 10:59:59.214,0.04004223272204399
2024/04/05 12:59:59.274,0.026934999972581863
2024/04/05 14:59:59.334,0.08064686506986618
2024/04/05 16:59:58.414,0.07821983098983765
2024/04/05 18:59:59.062,0.07955360412597656
2024/04/05 20:59:59.612,0.05517584830522537
2024/04/05 22:57:54.232,0.03374641388654709
2024/04/06 00:59:59.242,-0.006059672683477402
2024/04/06 02:55:52.832,0.03568422794342041
2024/04/06 04:59:55.050,0.03461037203669548
2024/04/06 06:59:59.226,0.0624396950006485
2024/04/06 08:59:54.876,0.0562804751098156
2024/04/06 10:59:59.542,0.04457174241542816
2024/04/06 12:59:59.994,0.07182376086711884
2024/04/06 14:59:55.154,0.06080695241689682
2024/04/06 16:59:59.134,0.09931682795286179
2024/04/06 18:59:51.354,0.061963021755218506
2024/04/06 20:59:59.940,0.041264139115810394
2024/04/06 22:59:53.826,0.040266476571559906
2024/04/07 00:59:59.864,0.05125842243432999
2024/04/07 02:59:58.454,-0.009621091187000275
2024/04/07 04:59:59.102,0.009979024529457092
2024/04/07 06:59:59.260,0.02976027876138687
2024/04/07 08:59:59.222,0.03319237008690834
2024/04/07 10:59:48.306,0.04877949506044388
2024/04/07 12:59:52.090,0.10518892109394073
2024/04/07 14:59:50.484,0.08332415670156479
2024/04/07 16:59:59.462,0.10739289224147797
2024/04/07 18:59:59.326,0.09979048371315002
2024/04/07 20:59:59.288,0.12077754735946655
2024/04/07 22:59:59.348,0.08846290409564972
2024/04/08 00:29:53.170,0.04801535606384277
2024/04/08 06:59:33.422,-0.008432023227214813
2024/04/08 08:04:15.888,-0.023174457252025604
2024/04/08 10:59:59.316,0.12780624628067017
2024/04/08 12:59:56.338,0.09728705883026123
2024/04/08 14:59:58.554,0.21057142317295074
2024/04/08 16:59:55.870,0.1876591593027115
2024/04/08 18:59:59.654,0.11381803452968597
2024/04/08 20:59:59.714,0.0993899554014206
2024/04/08 22:59:59.774,0.01354149729013443
2024/04/09 00:59:59.834,0.050686754286289215
2024/04/09 02:59:51.074,0.07565388083457947
2024/04/09 04:59:59.954,0.052641212940216064
2024/04/09 05:59:59.396,0.024648278951644897
2024/04/11 16:59:59.108,-0.34123653173446655
2024/04/11 18:59:59.854,-0.2596447169780731
2024/04/11 20:52:51.849,0.11968010663986206
2024/04/11 22:59:59.288,0.547187089920044
2024/04/12 00:59:55.526,0.24131563305854797
2024/04/12 02:59:53.626,0.7055493593215942
2024/04/12 04:59:55.058,0.46697109937667847
2024/04/12 06:59:54.628,0.48831313848495483
2024/04/12 08:59:59.784,0.2103089988231659
2024/04/12 10:59:58.374,0.24255584180355072
2024/04/12 12:59:53.239,0.3217073678970337
2024/04/12 14:59:59.866,0.31137874722480774
2024/04/12 16:59:59.534,0.34824371337890625
2024/04/12 18:59:59.201,0.3665313422679901
2024/04/12 20:59:55.048,0.27498483657836914
2024/04/12 22:59:59.811,0.30739831924438477
2024/04/13 00:59:59.087,0.23385195434093475
2024/04/13 02:49:04.801,0.28538650274276733
2024/04/13 04:58:46.394,0.29324987530708313
2024/04/13 06:59:59.757,0.2505181133747101
2024/04/13 08:59:59.720,0.25080960988998413
2024/04/13 10:59:48.901,0.2534898817539215
2024/04/13 12:59:49.353,0.23550830781459808
2024/04/13 14:59:59.213,0.2510582506656647
2024/04/13 16:59:51.923,0.2993773818016052
2024/04/13 18:59:59.137,0.2956169545650482
2024/04/13 20:59:55.963,0.25539612770080566
2024/04/13 22:59:59.257,0.223873108625412
2024/04/14 00:55:01.495,0.19545294344425201
2024/04/14 02:59:59.083,0.07811708748340607
2024/04/14 04:59:59.241,0.12851545214653015
2024/04/14 06:59:53.519,0.2563868761062622
2024/04/14 08:59:50.639,0.27202466130256653
2024/04/14 10:59:59.813,0.2432740181684494
2024/04/14 12:59:58.893,0.20835506916046143
2024/04/14 14:59:56.993,0.25459733605384827
2024/04/14 16:59:50.193,0.2233518362045288
2024/04/14 18:59:59.073,0.2451881319284439
2024/04/14 20:59:51.587,0.24263039231300354
2024/04/14 22:59:57.233,0.2787884771823883
2024/04/15 00:59:51.805,0.27883341908454895
2024/04/15 02:59:58.137,0.30561381578445435
2024/04/15 04:59:59.765,0.27699512243270874
2024/04/15 06:59:59.727,0.27797019481658936
2024/04/15 08:59:50.673,-0.01830914616584778
2024/04/15 10:59:59.553,-0.008463695645332336
2024/04/15 12:59:54.713,0.0580650232732296
2024/04/15 14:59:51.833,0.03326275944709778
2024/04/15 16:59:56.499,0.05618833005428314
2024/04/15 18:59:51.757,0.007874111644923687
2024/04/15 20:59:59.559,0.04724360257387161
2024/04/15 22:59:59.031,0.04764721542596817
2024/04/16 00:59:59.385,-0.02665860578417778
2024/04/16 02:59:57.877,-0.004351509734988213
2024/04/16 04:59:59.603,-0.10854828357696533
2024/04/16 06:59:53.587,-0.030864179134368896
2024/04/16 08:59:59.331,-0.06360581517219543
2024/04/16 10:59:59.587,0.0477043017745018
2024/04/16 12:59:51.905,0.044612251222133636
2024/04/16 14:59:59.511,0.047900762408971786
2024/04/16 16:59:55.749,0.013083778321743011
2024/04/16 18:59:53.359,-0.021102115511894226
2024/04/16 20:59:59.397,-0.030804067850112915
2024/04/16 22:59:59.457,-0.11641653627157211
2024/04/17 00:59:58.537,-0.13373541831970215
2024/04/17 02:59:56.539,-0.1423841118812561
2024/04/17 04:59:55.423,-0.1985335648059845
2024/04/17 06:59:57.541,-0.19020871818065643
2024/04/17 08:59:54.955,-0.7105511426925659
2024/04/17 10:59:57.269,-0.6613980531692505
2024/04/17 12:59:59.292,0.014114253222942352
2024/04/17 14:59:52.196,0.036221280694007874
2024/04/17 16:19:39.691,-0.027181759476661682
2024/04/17 18:59:56.920,-0.17100773751735687
2024/04/17 20:59:59.627,-0.1574293076992035
2024/04/17 22:59:52.043,-0.1554546356201172
2024/04/18 00:59:59.453,-0.24877795577049255
2024/04/18 02:59:59.513,-0.21786977350711823
2024/04/18 04:58:46.955,-0.20203566551208496
2024/04/18 06:59:59.241,-0.30135712027549744
2024/04/18 08:57:44.257,-0.2310180813074112
2024/04/18 10:52:15.527,-0.24709688127040863
2024/04/18 12:59:59.813,-0.18163561820983887
2024/04/18 14:46:36.469,0.03695633262395859
2024/04/18 16:59:51.309,-0.10068380832672119
2024/04/18 18:59:59.503,-0.12895765900611877
2024/04/18 19:42:20.153,-0.08468709886074066
2024/04/18 22:59:29.537,-0.26323235034942627
2024/04/19 00:59:46.355,-0.2611300051212311
2024/04/19 02:59:59.057,-0.21347364783287048
2024/04/19 04:59:51.375,-0.2610156834125519
2024/04/19 06:59:54.865,-0.2279932200908661
2024/04/19 08:59:59.825,-0.2491333931684494
2024/04/19 10:59:59.787,-0.2129296362400055
2024/04/19 12:59:59.259,-0.24397055804729462
2024/04/19 14:52:42.043,-0.09678726643323898
2024/04/19 16:55:10.475,-0.09190785884857178
2024/04/19 18:55:21.609,-0.10928356647491455
2024/04/19 20:55:59.595,-0.17101000249385834
2024/04/19 22:51:07.713,0.07487630099058151
2024/04/20 00:59:50.995,-0.03877692297101021
2024/04/20 02:59:53.015,-0.004600249230861664
2024/04/20 04:59:51.899,-0.03823981061577797
2024/04/20 06:59:59.113,-0.048126719892024994
2024/04/20 08:59:59.173,0.01527145691215992
2024/04/20 10:59:59.233,0.023844847455620766
2024/04/20 12:59:53.413,0.06877515465021133
2024/04/20 14:59:56.413,0.10679404437541962
2024/04/20 16:16:07.721,0.09293816238641739
2024/04/20 18:59:52.907,-0.03698444738984108
2024/04/20 20:59:59.827,-0.09818705916404724
2024/04/20 22:55:39.403,-0.15789899230003357
2024/04/21 00:59:59.163,-0.23363982141017914
2024/04/21 02:59:58.733,-0.1782129406929016
2024/04/21 04:59:59.773,-0.22426989674568176
2024/04/21 06:59:53.953,-0.1589118093252182
2024/04/21 08:59:59.893,-0.16529028117656708
2024/04/21 10:53:45.592,-0.13429906964302063
2024/04/21 12:59:55.113,-0.124623604118824
2024/04/21 14:59:51.253,-0.01695619523525238
2024/04/21 16:59:59.153,0.01751113124191761
2024/04/21 18:53:05.456,-0.09199680387973785
2024/04/21 20:59:59.567,-0.104973204433918
2024/04/21 22:59:55.413,-0.07210037112236023
2024/04/22 00:59:56.551,-0.10371438413858414
2024/04/22 02:59:54.749,-0.107512928545475
2024/04/22 04:59:55.985,-0.15487626194953918
2024/04/22 06:59:59.475,-0.22664719820022583
2024/04/22 08:53:54.583,-0.13273543119430542
2024/04/22 10:59:56.850,-0.009131189435720444
2024/04/22 12:59:59.165,0.009696366265416145
2024/04/22 14:42:20.334,0.0902414321899414
2024/04/22 16:59:55.952,-0.032234419137239456
2024/04/22 18:59:59.443,-0.0021147727966308594
2024/04/22 20:59:59.699,-0.011904245242476463
2024/04/22 22:59:59.367,0.04450236260890961
2024/04/23 00:59:59.035,0.018400389701128006
2024/04/23 02:39:05.576,-0.024522965773940086
2024/04/25 16:16:45.032,1.0530868768692017
2024/04/25 18:54:58.978,-1.7203369140625
2024/04/26 10:58:36.626,-5.93105411529541
2024/04/26 11:35:05.064,1.1491715908050537
2024/04/26 14:32:16.006,-1.3339494466781616
2024/04/26 16:59:59.126,0.6147258877754211
2024/04/26 17:09:23.900,0.6218440532684326
2024/05/01 10:58:48.947,-0.3223734498023987
2024/05/01 12:43:51.720,-8.767048835754395
2024/05/04 12:59:59.572,-0.6668976545333862
2024/05/04 14:47:53.059,-0.4854169487953186
2024/05/04 16:59:58.711,0.16691230237483978
2024/05/04 18:59:51.911,-0.6357228755950928
2024/05/04 20:54:47.191,-0.1123320609331131
2024/05/04 22:59:59.480,-0.5582892894744873
2024/05/05 00:59:59.539,-0.5620704889297485
2024/05/05 02:59:59.305,-0.4889684021472931
2024/05/05 04:56:24.941,-0.4906356930732727
2024/05/05 08:59:59.681,0.5585126280784607
2024/05/05 10:59:59.251,-0.09531309455633163
2024/05/05 12:46:32.869,-0.11639153957366943
2024/05/05 14:59:55.451,-0.10162732750177383
2024/05/05 16:59:59.431,-0.1120852530002594
2024/05/05 18:59:59.589,-0.1470937430858612
2024/05/05 20:59:52.985,-0.11179763823747635
2024/05/05 22:59:55.789,-0.1635725498199463
2024/05/06 00:59:50.851,-0.13746900856494904
2024/05/06 02:59:54.341,-0.15990643203258514
2024/05/06 04:59:59.595,-0.14409691095352173
2024/05/06 06:59:51.227,-0.1417628973722458
2024/05/06 08:59:41.095,-0.13105328381061554
2024/05/06 10:59:51.249,-0.11152370274066925
2024/05/06 12:59:59.541,-0.13218317925930023
2024/05/06 14:57:30.347,-0.13351939618587494
2024/05/06 16:59:35.945,-0.1591373234987259
2024/05/06 18:59:59.035,-0.12611091136932373
2024/05/06 20:59:55.959,-0.11105356365442276
2024/05/06 22:59:59.449,0.5046162605285645
2024/05/07 00:59:59.607,-0.10967424511909485
2024/05/07 02:59:59.569,-0.08595306426286697
2024/05/07 04:59:16.803,-0.07830656319856644
2024/05/09 18:59:51.808,-0.16918037831783295
2024/05/09 20:58:52.186,-0.16549381613731384
2024/05/09 22:59:56.730,-2.800189733505249
2024/05/10 00:59:59.926,0.07609570771455765
2024/05/10 02:59:59.594,0.06481047719717026
2024/05/10 04:45:26.964,0.07206670194864273
2024/05/10 06:21:59.646,0.08067132532596588
2024/05/10 08:59:59.186,0.10490185767412186
2024/05/10 10:59:59.441,-0.1341310292482376
2024/05/10 12:59:56.463,-0.13173402845859528
2024/05/10 14:59:07.426,-0.05208522081375122
2024/05/10 16:58:53.080,-0.06842311471700668
2024/05/10 18:59:58.310,-0.014483470469713211
2024/05/10 20:59:59.644,-0.042508743703365326
2024/05/10 22:59:56.666,-0.0926067903637886
2024/05/11 00:59:54.178,-0.030515871942043304
2024/05/11 02:59:59.236,-0.08083034306764603
2024/05/11 04:59:59.688,-0.023926615715026855
2024/05/11 06:59:59.062,-0.08940528333187103
2024/05/11 08:59:57.554,-0.07926630973815918
2024/05/11 10:59:09.299,-0.03025786392390728
2024/05/11 12:57:13.719,-0.054295614361763
2024/05/11 14:59:58.125,-0.05588456615805626
2024/05/11 16:59:59.165,-0.08388214558362961
2024/05/11 18:59:56.286,-0.008391309529542923
2024/05/11 20:53:22.484,0.012713905423879623
2024/05/11 22:56:51.382,0.05170208960771561
2024/05/12 00:59:55.878,0.009408939629793167
2024/05/12 02:59:59.662,-0.07856684923171997
2024/05/12 04:59:59.526,0.009518267586827278
2024/05/12 06:36:50.141,-0.004470895975828171
2024/05/12 08:59:59.645,-0.016107583418488503
2024/05/12 10:59:59.509,-0.019987286999821663
2024/05/12 12:59:51.533,-0.024371866136789322
2024/05/12 14:56:05.605,0.05794976279139519
2024/05/12 16:59:57.925,0.09419028460979462
2024/05/12 18:59:30.251,-0.03496374189853668
2024/05/12 20:59:51.186,0.010835196822881699
2024/05/12 22:59:59.086,0.015149068087339401
2024/05/13 00:59:54.245,0.009444817900657654
2024/05/13 02:59:59.206,-0.042143676429986954
2024/05/13 04:59:59.265,-0.08354741334915161
2024/05/13 06:54:48.861,-0.0056603699922561646
2024/05/13 08:38:32.743,-0.07239322364330292
2024/05/13 10:24:29.905,-0.04655691608786583
2024/05/13 12:59:59.701,0.05901007726788521
2024/05/13 14:59:59.075,-0.05231912434101105
2024/05/13 16:58:49.065,-0.00863572210073471
2024/05/13 18:59:59.685,-0.013592157512903214
2024/05/13 20:59:59.746,-0.02793201059103012
2024/05/13 22:59:56.865,-0.01894371211528778
2024/05/14 00:59:56.925,-0.059672050178050995
2024/05/14 02:59:59.925,-0.02324690669775009
2024/05/14 04:59:59.985,-0.015836723148822784
2024/05/14 06:59:59.065,-0.016871146857738495
2024/05/14 08:57:31.341,-0.06791530549526215
2024/05/14 10:55:55.753,-0.01813945174217224
2024/05/14 12:59:59.245,-0.003937527537345886
2024/05/14 14:59:58.325,-0.055718280375003815
2024/05/14 16:59:59.365,0.017540372908115387
2024/05/14 18:53:38.695,-0.018796317279338837
2024/05/14 20:59:59.485,-0.025459036231040955
2024/05/14 22:59:59.545,0.004748702049255371
2024/05/15 00:59:58.527,-0.006763778626918793
2024/05/15 02:59:56.725,-0.016046464443206787
2024/05/15 04:59:59.725,-0.04363369941711426
2024/05/15 06:58:19.923,-0.003757849335670471
2024/05/15 08:59:59.845,-0.02619108557701111
2024/05/15 10:59:56.181,-0.03131513297557831
2024/05/15 12:51:37.421,-0.0602392815053463
2024/05/15 14:59:56.203,0.027937576174736023
2024/05/15 16:59:57.635,0.02748403325676918
2024/05/15 17:48:44.503,0.009798608720302582
2024/05/15 20:36:42.235,-0.09636440128087997
2024/05/15 22:59:58.599,-0.07322146743535995
2024/05/16 00:59:59.051,-0.05960222706198692
2024/05/16 02:13:14.155,-0.06119057163596153
2024/05/16 04:59:59.857,-0.09928523004055023
2024/05/16 06:59:58.545,-0.07316884398460388
2024/05/16 08:59:58.605,-0.03478392958641052
2024/05/16 10:59:56.705,0.3435784578323364
2024/05/16 12:59:59.313,0.0383821576833725
2024/05/16 14:59:23.211,-0.05155738443136215
2024/05/16 16:59:59.727,-0.01416044868528843
2024/05/16 18:59:34.405,0.023986130952835083
2024/05/16 20:59:59.945,-0.03364699333906174
2024/05/16 22:59:59.907,-0.01864492893218994
2024/05/17 00:59:01.069,0.0035325996577739716
2024/05/17 02:59:58.655,-0.01410432904958725
2024/05/17 04:59:59.597,-0.021475881338119507
2024/05/17 06:59:52.503,-0.03032379224896431
2024/05/17 08:59:54.915,-0.9886460304260254
2024/05/17 10:59:59.287,-0.12101992219686508
2024/05/17 12:59:58.465,-0.09101349115371704
2024/05/17 14:59:59.505,-0.15467411279678345
2024/05/17 16:59:53.685,-0.16925139725208282
2024/05/17 18:59:51.785,0.003688197582960129
2024/05/17 20:59:59.685,-0.042110271751880646
2024/05/17 22:59:59.451,-0.018346048891544342
2024/05/18 00:59:52.945,-0.04374980181455612
2024/05/18 02:59:46.047,-0.04304395988583565
2024/05/18 04:59:59.827,-0.08511319011449814
2024/05/18 06:59:59.985,-0.027454622089862823
2024/05/18 08:59:59.065,-0.038996875286102295
2024/05/18 10:59:59.615,-0.026566684246063232
2024/05/18 12:47:25.075,0.009965699166059494
2024/05/18 14:55:08.381,-0.02887686714529991
2024/05/18 16:59:49.309,-0.0053432397544384
2024/05/18 18:59:59.365,-0.015296809375286102
2024/05/18 20:59:59.131,-0.02802194654941559
2024/05/18 22:59:59.877,-0.011910680681467056
2024/05/19 00:59:59.741,-0.022574670612812042
2024/05/19 02:59:55.391,-0.07434750348329544
2024/05/19 04:59:57.509,-0.005945175886154175
2024/05/19 06:59:55.511,-0.010623946785926819
2024/05/19 08:59:59.491,-0.02789781242609024
2024/05/19 10:58:31.057,-0.08784669637680054
2024/05/19 12:59:59.905,-0.010942075401544571
2024/05/19 14:59:59.965,0.0017789490520954132
2024/05/19 16:59:59.045,-0.0004551708698272705
2024/05/19 18:59:30.391,0.000009208917617797852
2024/05/19 20:59:59.067,-0.08191657811403275
2024/05/19 22:59:52.071,-0.0552946999669075
2024/05/20 00:59:50.759,-0.045231472700834274
2024/05/20 02:59:59.933,-0.05579298734664917
2024/05/20 04:59:54.113,-0.06223871558904648
2024/05/20 06:03:39.445,-0.05684608593583107
2024/05/20 08:59:58.447,-0.031245015561580658
2024/05/20 10:59:59.585,0.0034354478120803833
2024/05/20 12:59:59.645,-0.0387246273458004
2024/05/20 14:59:59.411,-0.06670545786619186
2024/05/20 16:37:10.607,-0.02177567034959793
2024/05/20 18:59:59.041,-0.03413383290171623
2024/05/20 20:59:52.437,-0.029291970655322075
2024/05/20 22:59:59.161,-0.03863464668393135
2024/05/21 00:59:59.515,-0.05301357060670853
2024/05/21 02:30:39.593,-0.005547821521759033
2024/05/21 03:04:07.221,0.016175508499145508
2024/05/23 20:59:28.823,-0.14231383800506592
2024/05/23 22:59:59.164,-0.31668031215667725
2024/05/24 00:59:17.280,-0.15444090962409973
2024/05/24 02:55:43.994,-0.20150429010391235
2024/05/24 04:45:48.704,-0.17052653431892395
2024/05/24 06:48:54.670,-0.1623215228319168
2024/05/24 08:59:59.464,0.6739816069602966
2024/05/24 10:59:59.524,-0.13944058120250702
2024/05/24 12:55:18.324,-0.14364586770534515
2024/05/24 14:59:59.449,-0.15509822964668274
2024/05/24 16:59:28.050,-0.14633364975452423
2024/05/24 18:57:28.550,-0.16201625764369965
2024/05/24 20:56:21.186,-0.14844362437725067
2024/05/24 22:56:20.070,-0.16035616397857666
2024/05/25 00:59:39.462,-0.177069291472435
2024/05/25 02:50:43.462,-0.11642666161060333
2024/05/25 04:59:59.084,-0.14750586450099945
2024/05/25 06:59:59.144,-0.13048017024993896
2024/05/25 08:59:59.302,-0.12360034883022308
2024/05/25 10:59:59.362,-0.11815842986106873
2024/05/25 12:59:59.324,-0.09296112507581711
2024/05/25 14:59:59.188,0.28129467368125916
2024/05/25 16:56:27.078,-0.15266422927379608
2024/05/25 18:34:27.372,-0.15959084033966064
2024/05/25 20:44:25.232,-0.2593940198421478
2024/05/25 22:59:59.624,-0.15459993481636047
2024/05/26 00:58:11.590,-0.19814634323120117
2024/05/26 02:59:59.744,-0.17179131507873535
2024/05/26 04:59:59.804,-0.18318946659564972
2024/05/26 06:47:02.332,-0.18913593888282776
2024/05/26 08:59:59.924,-0.18902644515037537
2024/05/26 10:59:59.984,-0.15086977183818817
2024/05/26 12:59:59.064,-0.1761515885591507
2024/05/26 14:59:59.124,-0.1284368932247162
2024/05/26 16:59:59.184,-0.1155453473329544
2024/05/26 18:59:59.244,-0.14850978553295135
2024/05/26 20:59:59.304,-0.14875757694244385
2024/05/26 22:59:59.364,-0.14636388421058655
2024/05/27 00:59:59.424,-0.17941389977931976
2024/05/27 02:59:59.484,-0.21188843250274658
2024/05/27 04:59:59.544,-0.18985289335250854
2024/05/27 06:40:30.464,-0.3962950110435486
2024/05/27 08:58:46.262,-0.15480385720729828
2024/05/27 10:59:59.332,-0.17114301025867462
2024/05/27 12:59:59.098,-0.18279269337654114
2024/05/27 14:59:59.844,-0.15975308418273926
2024/05/27 16:53:57.206,-0.15169192850589752
2024/05/27 18:59:09.984,-0.1582481414079666
2024/05/27 20:54:46.718,-0.15743766725063324
2024/05/27 22:59:08.928,-0.15493041276931763
2024/05/28 00:56:42.282,-0.19435955584049225
2024/05/28 02:59:59.322,-0.2232394814491272
2024/05/28 04:59:59.480,-0.1925540715456009
2024/05/28 06:59:59.344,-0.16865354776382446
2024/05/28 08:57:00.358,-0.1804945170879364
2024/05/28 10:57:17.372,-0.1624288707971573
2024/05/28 12:59:53.840,-0.17477907240390778
2024/05/28 14:59:59.780,0.18732938170433044
2024/05/28 16:59:59.350,0.1779448390007019
2024/05/28 18:59:46.474,-0.1425996571779251
2024/05/28 20:59:56.138,-0.17974545061588287
2024/05/28 22:59:59.824,-0.15397332608699799
2024/05/29 00:59:59.884,-0.14563573896884918
2024/05/29 02:59:59.944,-0.17545706033706665
2024/05/29 04:27:42.838,-0.19741636514663696
2024/05/29 08:59:59.144,-0.15042728185653687
2024/05/29 10:59:59.301,-0.20967444777488708
2024/05/29 12:53:35.790,-0.132917582988739
2024/05/29 14:58:56.212,-0.17753928899765015
2024/05/29 16:59:59.972,-0.170650914311409
2024/05/29 18:59:42.784,-0.14808252453804016
2024/05/29 20:58:29.344,-0.175867959856987
2024/05/29 22:59:59.564,-0.19380994141101837
2024/05/30 00:37:40.944,1.1955490112304688
2024/05/30 02:59:59.684,-0.1621653139591217
2024/05/30 04:03:26.396,-0.18449485301971436
2024/05/30 20:59:59.930,-0.1846577376127243
2024/05/30 22:58:02.684,0.14335280656814575
2024/05/31 00:59:00.172,0.08795708417892456
2024/05/31 02:52:50.576,0.1262262463569641
2024/05/31 04:59:59.484,-0.24407391250133514
2024/05/31 06:59:50.724,-8.025460243225098
2024/05/31 08:42:28.456,0.4419098496437073
2024/05/31 09:29:44.673,0.44447609782218933
2024/05/31 12:59:59.528,0.3790754973888397
2024/05/31 14:59:08.233,0.5022624731063843
2024/05/31 16:59:59.843,0.5014893412590027
2024/05/31 18:59:59.903,0.5014063119888306
2024/05/31 20:59:59.964,0.4706725478172302
2024/05/31 22:59:59.044,0.5340847969055176
2024/06/01 00:59:59.104,0.47801873087882996
2024/06/01 02:59:59.164,0.4609594941139221
2024/06/01 04:59:59.518,0.46903735399246216
2024/06/01 06:59:59.284,0.4224918484687805
2024/06/01 08:59:59.057,0.5323047041893005
2024/06/01 10:59:59.403,0.4810764789581299
2024/06/01 12:59:59.177,0.5127724409103394
2024/06/01 14:59:59.917,0.5573530197143555
2024/06/01 16:59:59.093,0.5668964385986328
2024/06/01 18:59:59.644,0.5385417938232422
2024/06/01 20:59:59.704,0.49133843183517456
2024/06/01 22:59:16.742,0.47221535444259644
2024/06/02 00:59:59.823,0.4915658235549927
2024/06/02 02:59:59.883,0.5125375986099243
2024/06/02 04:59:59.943,0.5243749618530273
2024/06/02 06:59:59.023,0.5138590931892395
2024/06/02 08:59:59.083,0.532132625579834
2024/06/02 10:59:59.143,0.5208899974822998
2024/06/02 12:59:59.203,0.5043120384216309
2024/06/02 14:59:59.263,0.5624688863754272
2024/06/02 16:59:59.323,0.5780550837516785
2024/06/02 18:59:57.815,0.6107199788093567
2024/06/02 20:59:59.444,0.5602867603302002
2024/06/02 22:59:59.503,0.6115410327911377
2024/06/03 00:59:59.563,0.6060790419578552
2024/06/03 02:59:59.623,0.6014152765274048
2024/06/03 04:59:59.683,0.6278085708618164
2024/06/03 06:59:59.743,0.5760748386383057
2024/06/03 08:59:31.089,0.5493620038032532
2024/06/03 10:59:25.367,0.3015826344490051
2024/06/03 12:59:59.923,0.2824704349040985
2024/06/03 14:59:59.003,0.28940802812576294
2024/06/03 16:59:59.063,0.2828463017940521
2024/06/03 18:59:59.123,0.14739343523979187
2024/06/03 20:59:59.085,0.11624235659837723
2024/06/03 22:59:59.635,-2.401078224182129
2024/06/04 00:46:51.677,0.4560696482658386
2024/06/04 01:36:51.065,0.19482451677322388
2024/06/06 20:59:02.151,0.47455888986587524
2024/06/06 22:59:59.443,-0.6342369318008423
2024/06/07 00:59:59.797,-0.6417853832244873
2024/06/07 02:59:59.563,-0.6095125079154968
2024/06/07 04:59:00.823,-0.6048659086227417
2024/06/07 06:59:59.683,-0.6506969928741455
2024/06/07 08:59:59.743,-0.6058639883995056
2024/06/07 10:59:59.803,0.2103666365146637
2024/06/07 12:59:59.275,0.27630382776260376
2024/06/07 14:59:59.923,0.25068938732147217
2024/06/07 15:35:55.433,1.149468183517456
2024/06/07 18:58:40.173,0.2734655737876892
2024/06/07 20:59:59.613,0.3307165801525116
2024/06/07 22:59:59.085,0.2765023708343506
2024/06/08 00:59:59.243,0.29379385709762573
2024/06/08 02:59:59.303,0.27885517477989197
2024/06/08 04:59:59.657,0.2777874767780304
2024/06/08 06:59:59.227,0.23702207207679749
2024/06/08 08:12:55.907,0.19467495381832123
2024/06/08 10:59:59.543,0.45143359899520874
2024/06/08 12:59:59.603,-1.4154329299926758
2024/06/08 14:55:19.873,0.749319851398468
2024/06/08 16:50:54.157,1.0070960521697998
2024/06/08 18:59:59.783,0.1435217708349228
2024/06/08 20:59:59.059,0.26235949993133545
2024/06/08 22:17:00.053,0.35689404606819153
2024/06/08 23:47:19.061,0.3481757640838623
2024/06/09 02:59:19.059,0.3909264802932739
2024/06/09 04:59:59.103,0.3468855023384094
2024/06/09 06:59:59.163,0.33577632904052734
2024/06/09 08:59:59.223,0.370248407125473
2024/06/09 10:59:59.283,0.37274041771888733
2024/06/09 12:59:59.343,0.40702515840530396
2024/06/09 14:59:50.093,0.3919510543346405
2024/06/09 16:06:45.545,0.3558032512664795
2024/06/09 18:59:59.523,0.41055721044540405
2024/06/09 20:56:03.403,0.41496628522872925
2024/06/09 22:59:59.643,0.3931090235710144
2024/06/10 00:59:59.703,0.3608865439891815
2024/06/10 02:59:59.763,0.39520594477653503
2024/06/10 04:59:59.823,0.3792803883552551
2024/06/10 06:53:04.265,0.3843880593776703
2024/06/10 08:39:22.105,0.374563604593277
2024/06/10 10:59:59.023,0.4136533737182617
2024/06/10 12:59:59.082,0.4339767098426819
2024/06/10 14:59:59.143,0.4209009110927582
2024/06/10 16:59:59.203,0.40252378582954407
2024/06/10 18:59:59.263,0.42833077907562256
2024/06/10 20:59:59.323,0.40459808707237244
2024/06/10 22:59:59.383,0.3751535713672638
2024/06/11 00:59:59.443,0.3937022387981415
2024/06/11 02:59:59.503,0.3481118083000183
2024/06/11 04:59:59.563,0.4116888642311096
2024/06/11 06:59:59.623,0.35203638672828674
2024/06/11 08:59:59.683,0.22142180800437927
2024/06/11 10:59:59.644,0.29945895075798035
2024/06/11 12:28:48.171,0.25404638051986694
2024/06/11 14:59:59.052,0.2692832946777344
2024/06/11 16:59:59.744,0.29891863465309143
2024/06/11 18:59:59.394,0.31462231278419495
2024/06/11 20:59:59.062,0.23891733586788177
2024/06/11 22:59:59.123,0.2566337585449219
2024/06/12 00:59:59.183,0.24065379798412323
2024/06/12 02:59:59.243,0.24181455373764038
2024/06/12 04:59:59.303,0.2431592047214508
2024/06/12 06:59:59.363,0.23758433759212494
2024/06/12 08:59:59.717,0.2373017519712448
2024/06/12 10:59:59.286,0.2509773075580597
2024/06/12 12:59:59.738,0.19345781207084656
2024/06/12 14:59:59.603,0.24380680918693542
2024/06/12 16:59:59.663,0.2231869250535965
2024/06/12 18:59:59.723,0.2589345872402191
2024/06/12 20:59:59.783,0.23182784020900726
2024/06/12 22:59:59.843,0.20573873817920685
2024/06/12 23:21:25.995,0.22582398355007172
2024/06/13 02:59:59.963,0.40261954069137573
2024/06/13 04:59:59.043,0.4412665367126465
2024/06/13 06:59:59.298,0.20555627346038818
2024/06/13 08:59:59.162,0.18354162573814392
2024/06/13 10:59:59.369,0.22450360655784607
2024/06/13 12:59:59.004,0.19247789680957794
2024/06/13 14:59:59.305,0.24831540882587433
2024/06/13 16:59:59.642,0.2179303914308548
2024/06/13 18:59:59.168,0.2624511122703552
2024/06/13 20:56:55.968,0.22983556985855103
2024/06/13 22:59:59.582,0.19174543023109436
2024/06/14 00:59:59.642,0.24509194493293762
2024/06/14 02:47:01.582,0.2180081605911255
2024/06/14 04:59:59.762,0.2125522792339325
2024/06/14 06:59:59.822,0.2163170874118805
2024/06/14 08:59:59.882,0.231392040848732
2024/06/14 10:59:59.942,0.22291621565818787
2024/06/14 12:59:59.022,0.23688814043998718
2024/06/14 14:59:59.082,0.23088984191417694
2024/06/14 16:59:59.142,0.23161031305789948
2024/06/14 18:59:59.202,0.18424829840660095
2024/06/14 20:59:59.262,0.22121377289295197
2024/06/14 22:59:59.322,0.19461633265018463
2024/06/15 00:59:59.382,0.2265324592590332
2024/06/15 02:59:59.442,0.33101892471313477
2024/06/15 04:59:59.502,0.1511189341545105
2024/06/15 06:59:59.562,0.1736110895872116
2024/06/15 08:59:59.622,0.20317989587783813
2024/06/15 10:59:59.682,0.20037123560905457
2024/06/15 12:59:59.742,0.2122131735086441
2024/06/15 14:59:59.312,-2.2871387004852295
2024/06/15 16:59:59.862,0.2051689177751541
2024/06/15 18:59:59.824,-0.17100335657596588
2024/06/15 20:59:07.552,-0.005289025604724884
2024/06/15 22:59:59.710,-0.5189076662063599
2024/06/16 00:20:24.117,-0.5106818675994873
2024/06/16 02:59:59.182,-0.5183404088020325
2024/06/16 04:59:59.242,-0.4890597462654114
2024/06/16 06:59:59.302,-0.5201818346977234
2024/06/16 08:59:53.874,-0.531754732131958
2024/06/16 10:59:59.422,-0.5319042205810547
2024/06/16 12:07:08.398,-0.5324777960777283
2024/06/16 16:59:59.602,-0.2933964133262634
2024/06/16 18:57:44.030,-0.9134857654571533
2024/06/16 20:59:59.722,-1.41636061668396
2024/06/16 22:59:59.096,0.8208575248718262
2024/06/17 00:59:59.450,-0.6386626958847046
2024/06/17 02:59:59.902,-0.6088649034500122
2024/06/17 04:59:59.962,-0.5807805061340332
2024/06/17 06:59:59.042,-0.5974578261375427
2024/06/17 08:55:32.444,0.08277808874845505
2024/06/17 10:59:59.162,0.03194880113005638
2024/06/17 12:59:59.222,0.009713578969240189
2024/06/17 14:16:31.012,0.05630548670887947
2024/06/17 15:12:31.628,0.3335239887237549
2024/06/17 18:59:59.402,0.8340712189674377
2024/06/17 19:57:52.620,0.10825498402118683
2024/06/17 22:11:19.514,0.17505702376365662
2024/06/18 00:59:59.778,0.12883877754211426
2024/06/18 02:59:59.642,0.3244737386703491
2024/06/18 04:59:59.702,0.33000266551971436
2024/06/18 06:00:13.746,0.32230162620544434
2024/06/18 22:55:12.122,-0.0187702476978302
2024/06/19 00:02:52.948,0.8530838489532471
2024/06/19 04:59:59.442,0.06844291090965271
2024/06/19 06:59:59.306,0.0839739739894867
2024/06/19 08:59:59.954,0.16033315658569336
2024/06/19 10:59:59.622,-0.03776578605175018
2024/06/19 12:30:33.624,-0.08113086223602295
2024/06/19 14:59:59.055,-0.03413337469100952
2024/06/19 16:59:58.821,-0.11469665169715881
2024/06/19 18:59:59.862,-0.12394696474075317
2024/06/19 20:59:59.922,-0.16238176822662354
2024/06/19 22:59:59.982,-0.17273584008216858
2024/06/20 00:59:59.062,-0.08118273317813873
2024/06/20 02:59:16.100,-0.15179042518138885
2024/06/20 04:59:59.182,-0.12756070494651794
2024/06/20 06:59:59.242,-0.13096925616264343
2024/06/20 08:59:26.962,-0.16040313243865967
2024/06/20 10:21:59.882,-0.19571709632873535
2024/06/20 12:59:59.422,-0.209295392036438
2024/06/20 14:59:29.690,-0.004422880709171295
2024/06/20 16:53:08.726,-0.037553571164608
2024/06/20 18:59:59.602,0.07767561823129654
2024/06/20 20:59:59.662,0.1032605841755867
2024/06/20 22:59:59.722,0.10400351881980896
2024/06/21 00:59:59.782,0.10179107636213303
2024/06/21 02:59:59.842,0.10958436876535416
2024/06/21 04:59:59.902,0.0911138504743576
2024/06/21 06:54:54.005,0.11276096850633621
2024/06/21 08:56:34.022,0.08564791828393936
2024/06/21 10:59:59.680,0.1477470099925995
2024/06/21 12:59:57.876,0.1336747258901596
2024/06/21 14:58:40.723,0.14028072357177734
2024/06/21 16:59:59.596,0.07243422418832779
2024/06/21 18:59:58.362,0.1675671488046646
2024/06/21 20:59:59.402,0.19219830632209778
2024/06/21 22:59:59.462,0.1813914179801941
2024/06/22 00:59:59.522,0.15454170107841492
2024/06/22 02:59:59.582,0.17212335765361786
2024/06/22 04:59:59.642,0.18087132275104523
2024/06/22 06:59:59.702,0.1937427967786789
2024/06/22 08:59:59.762,0.19206318259239197
2024/06/22 10:59:59.821,0.1714733988046646
2024/06/22 12:59:59.881,0.18363776803016663
2024/06/22 14:45:31.073,0.1981864869594574
2024/06/22 16:59:59.021,0.16762548685073853
2024/06/22 18:59:59.081,0.1557261347770691
2024/06/22 20:59:59.142,0.1733783483505249
2024/06/22 22:59:59.202,0.1600182056427002
2024/06/23 00:59:59.261,0.17581228911876678
2024/06/23 02:59:59.321,0.16647928953170776
2024/06/23 04:59:59.381,0.1876460760831833
2024/06/23 06:59:59.442,0.19449520111083984
2024/06/23 08:59:33.139,0.1747235655784607
2024/06/23 10:59:59.561,0.1973850429058075
2024/06/23 12:59:59.621,0.20907819271087646
2024/06/23 14:59:59.681,0.17505750060081482
2024/06/23 16:59:57.781,0.20796678960323334
2024/06/23 18:59:59.801,0.18152064085006714
2024/06/23 20:59:59.861,0.23091548681259155
2024/06/23 22:59:59.922,0.2094150185585022
2024/06/24 00:59:59.982,0.2233550250530243
2024/06/24 02:59:59.062,0.2227167934179306
2024/06/24 04:59:59.121,0.23680973052978516
2024/06/24 06:59:59.181,0.18495124578475952
2024/06/24 08:59:41.209,0.1807725429534912
2024/06/24 10:59:59.301,0.20385359227657318
2024/06/24 12:59:59.361,0.15987512469291687
2024/06/24 14:59:59.421,0.21764740347862244
2024/06/24 16:59:59.481,0.16081592440605164
2024/06/24 18:59:59.541,0.19026048481464386
2024/06/24 20:59:59.601,0.18965138494968414
2024/06/24 22:59:59.661,0.2030760496854782
2024/06/25 00:59:59.721,0.16404327750205994
2024/06/25 02:59:59.781,0.15229485929012299
2024/06/25 04:59:59.841,0.19749127328395844
2024/06/25 06:59:58.921,0.21364523470401764
2024/06/25 08:59:59.961,0.18893258273601532
2024/06/25 10:59:59.041,0.20289409160614014
2024/06/25 12:59:56.161,0.20853282511234283
2024/06/25 14:59:59.161,0.2314741611480713
2024/06/25 16:59:59.404,0.17709116637706757
2024/06/25 18:59:59.281,0.17357251048088074
2024/06/25 20:59:59.341,0.16194625198841095
2024/06/25 22:59:59.401,0.21097546815872192
2024/06/26 00:59:59.461,0.1996910274028778
2024/06/26 02:59:59.521,0.18790949881076813
2024/06/26 04:59:59.581,0.19374045729637146
2024/06/26 06:59:59.641,0.19694170355796814
2024/06/26 08:59:59.701,0.18897011876106262
2024/06/26 10:59:59.761,0.16836495697498322
2024/06/26 12:59:59.821,0.18310558795928955
2024/06/26 14:59:59.881,0.1753673255443573
2024/06/26 16:59:59.941,0.16959920525550842
2024/06/26 18:59:59.021,0.19058264791965485
2024/06/26 20:59:59.081,0.19983217120170593
2024/06/26 22:59:59.141,0.14755500853061676
2024/06/27 00:59:59.201,0.19631478190422058
2024/06/27 02:59:59.261,0.1431824266910553
2024/06/27 04:59:59.321,1.1436810493469238
2024/06/27 05:10:20.249,0.1689254641532898
2024/06/27 08:59:59.441,-0.020077168941497803
2024/06/27 10:59:59.532,0.0851844772696495
2024/06/27 12:59:59.721,0.12545882165431976
2024/06/27 14:20:03.227,0.18064145743846893
2024/06/27 16:59:59.681,0.10193496942520142
2024/06/27 18:59:59.741,0.14504118263721466
2024/06/27 20:59:59.801,0.12259449064731598
2024/06/27 22:59:59.861,0.1329135149717331
2024/06/28 00:59:59.921,0.12157416343688965
2024/06/28 02:58:43.737,0.1382019817829132
2024/06/28 04:59:59.238,0.1469593644142151
2024/06/28 06:59:59.912,0.160277858376503
2024/06/28 08:59:59.306,0.14511780440807343
2024/06/28 10:59:59.241,0.0979880839586258
2024/06/28 12:59:59.301,0.11769510805606842
2024/06/28 14:59:59.361,0.1307528167963028
2024/06/28 16:59:59.421,0.13459622859954834
2024/06/28 18:59:59.481,0.11780240386724472
2024/06/28 20:59:59.541,0.12887828052043915
2024/06/28 22:59:59.993,0.1168287843465805
2024/06/29 00:25:51.461,0.13032540678977966
2024/06/29 01:09:47.661,0.12183602154254913
2024/06/29 06:43:37.685,0.29358822107315063
2024/06/29 08:59:59.901,0.3184887766838074
2024/06/29 10:59:59.961,0.29301154613494873
2024/06/29 12:59:59.334,0.2665148675441742
2024/06/29 14:59:59.983,0.3044928014278412
2024/06/29 16:59:59.161,0.29716354608535767
2024/06/29 17:09:44.515,0.29993706941604614
2024/06/29 20:59:59.281,0.27496472001075745
2024/06/29 22:59:59.886,0.3080461323261261
2024/06/30 00:59:59.401,0.3086647689342499
2024/06/30 02:59:59.461,0.30141741037368774
2024/06/30 04:59:59.521,0.32696637511253357
2024/06/30 06:34:20.393,0.28426748514175415
2024/06/30 10:59:59.995,-0.0760449469089508
2024/06/30 12:59:59.859,-0.07578321546316147
2024/06/30 14:59:59.821,-0.08789534121751785
2024/06/30 16:17:44.915,0.2870204448699951
2024/06/30 18:59:59.181,0.20434212684631348
2024/06/30 20:59:59.865,0.16128812730312347
2024/06/30 22:59:59.527,1.1765655279159546
2024/07/01 00:59:59.229,-0.1651282012462616
2024/07/01 02:59:59.299,0.2922186851501465
2024/07/01 04:59:59.261,0.2887411415576935
2024/07/01 06:59:59.321,0.33999305963516235
2024/07/01 08:59:59.479,0.31635212898254395
2024/07/01 10:59:59.440,0.25461405515670776
2024/07/01 12:59:59.500,0.25509074330329895
2024/07/01 14:59:59.561,0.24450120329856873
2024/07/01 16:59:59.621,0.2942328155040741
2024/07/01 18:59:59.338,0.35154908895492554
2024/07/01 20:59:59.741,0.344703733921051
2024/07/01 22:59:59.801,0.3335008919239044
2024/07/02 00:13:27.155,1.130489468574524
2024/07/02 02:59:59.198,0.28470584750175476
2024/07/02 04:59:59.981,0.25898340344429016
2024/07/02 06:59:59.296,0.27525702118873596
2024/07/02 08:59:59.121,0.25939705967903137
2024/07/02 10:59:34.680,0.28186050057411194
2024/07/02 12:59:59.675,0.2846287488937378
2024/07/02 14:45:34.156,0.18063101172447205
2024/07/02 16:59:59.353,0.2946869134902954
2024/07/02 18:59:59.335,0.4252622723579407
2024/07/02 20:59:59.481,0.39777427911758423
2024/07/02 22:59:59.088,0.36890095472335815
2024/07/03 00:59:59.601,0.3719668984413147
2024/07/03 01:55:25.035,0.3585110008716583
2024/07/03 03:27:18.025,0.3585110008716583
2024/07/03 06:59:59.781,0.2276117503643036
2024/07/03 08:57:36.271,0.266683965921402
2024/07/03 10:55:52.058,0.15087877213954926
2024/07/03 12:59:59.846,0.18732839822769165
2024/07/03 14:34:20.149,1.0295109748840332
2024/07/03 16:59:59.100,0.3699861168861389
2024/07/03 18:59:59.160,0.16433629393577576
2024/07/03 20:59:59.122,-0.4155888855457306
2024/07/03 22:59:59.085,0.2619101405143738
2024/07/04 00:35:05.527,0.23773597180843353
2024/07/04 02:50:04.247,0.26267343759536743
2024/07/04 04:59:59.461,0.2509264349937439
2024/07/04 05:42:22.168,0.23491552472114563
2024/07/04 08:28:28.082,0.23491552472114563
2024/07/04 10:12:34.994,0.23491552472114563
2024/07/04 12:55:40.294,0.23491552472114563
2024/07/04 15:31:10.482,0.23491552472114563
2024/07/04 18:12:07.206,0.23491552472114563
2024/07/04 19:57:07.136,0.23491552472114563
2024/07/04 22:16:17.031,0.23491552472114563
2024/07/05 00:05:53.418,0.23491552472114563
2024/07/05 02:42:33.676,0.23491552472114563
2024/07/05 05:43:24.040,0.23491552472114563
2024/07/05 08:29:00.750,0.23491552472114563
2024/07/05 11:56:41.156,0.23491552472114563
2024/07/06 07:18:00.724,0.23491552472114563
2024/08/01 15:19:46.825,0.23491552472114563
