Timestamp,BPMS:GUNB:925:X
2024/01/29 14:26:15.139,0
2024/02/02 10:29:01.279,0
2024/02/05 08:01:46.265,0
2024/02/05 22:01:46.266,0
2024/02/10 14:01:46.266,0
2024/02/12 09:34:10.135,0
2024/02/16 11:26:09.469,0
2024/02/16 17:39:05.617,0
2024/02/17 10:58:32.033,-8.855897903442383
2024/02/19 11:59:59.644,0.23057833313941956
2024/02/19 13:59:59.802,1.1180542707443237
2024/02/19 15:59:59.960,-0.1751796454191208
2024/02/19 16:37:40.134,-0.5421059131622314
2024/02/19 19:59:59.198,-0.10674729943275452
2024/02/19 21:59:58.082,0.05958942323923111
2024/02/19 23:59:59.906,0.10215020179748535
2024/02/20 00:56:58.636,0.08473213762044907
2024/02/20 07:23:39.842,-0.013684932142496109
2024/02/20 09:59:55.208,0.04908604174852371
2024/02/20 11:59:57.522,-0.010103883221745491
2024/02/20 13:53:56.648,0.0003745853900909424
2024/02/20 15:31:01.180,-0.06770831346511841
2024/02/20 17:59:59.368,0.27620258927345276
2024/02/20 19:59:59.330,0.06526611000299454
2024/02/20 21:59:59.586,-0.28147339820861816
2024/02/20 23:59:59.352,-0.24651512503623962
2024/02/21 00:45:06.210,-0.27726995944976807
2024/02/21 09:59:59.162,-0.24175956845283508
2024/02/21 11:56:24.308,-0.2998918294906616
2024/02/21 13:59:58.008,-0.38953328132629395
2024/02/21 15:59:59.440,-0.29117551445961
2024/02/21 17:59:59.304,-0.2979382872581482
2024/02/21 19:59:50.740,-0.24931073188781738
2024/02/21 21:59:59.032,-0.29850372672080994
2024/02/21 23:59:59.484,-0.1998268961906433
2024/02/22 01:59:50.332,-0.23220954835414886
2024/02/22 03:59:59.114,-0.19013121724128723
2024/02/22 05:59:59.958,-0.2062937617301941
2024/02/22 06:41:57.676,-0.16369950771331787
2024/02/22 09:56:10.954,-1.226538896560669
2024/02/22 11:59:59.354,-0.5824180245399475
2024/02/22 13:59:51.574,-0.6080871224403381
2024/02/22 15:59:59.572,-0.28321993350982666
2024/02/22 17:59:57.378,-0.2441798597574234
2024/02/22 19:59:57.732,-0.22661137580871582
2024/02/22 21:59:49.462,-0.21349480748176575
2024/02/22 23:35:01.000,-0.16699841618537903
2024/02/23 01:23:25.064,-0.16168618202209473
2024/02/23 09:59:59.034,0.07602883875370026
2024/02/23 11:59:58.114,0.09772995114326477
2024/02/23 13:54:24.288,0.11118863523006439
2024/02/23 19:57:42.232,-0.28117635846138
2024/02/23 21:59:59.688,-0.310698539018631
2024/02/23 23:59:59.748,-0.2182498276233673
2024/02/24 01:59:59.906,-0.21200066804885864
2024/02/24 03:59:49.480,-0.1952405571937561
2024/02/24 05:36:19.810,-0.2425464391708374
2024/02/24 07:59:50.972,-0.2504536509513855
2024/02/24 09:59:59.460,-0.31217220425605774
2024/02/24 11:59:53.444,-0.2919045686721802
2024/02/24 13:59:59.874,-0.36428362131118774
2024/02/24 15:59:59.836,-0.2971702516078949
2024/02/24 17:59:59.504,-0.2511821687221527
2024/02/24 19:59:59.074,-0.15033386647701263
2024/02/24 21:59:59.820,-4.817989349365234
2024/02/24 23:54:58.628,-0.0613052062690258
2024/02/25 01:42:36.436,-0.047204770147800446
2024/02/25 09:59:31.662,0.08456898480653763
2024/02/25 11:59:59.652,-0.03204268962144852
2024/02/25 13:59:59.516,0.16858994960784912
2024/02/25 15:59:59.674,0.8399455547332764
2024/02/25 17:59:51.992,0.13596737384796143
2024/02/25 19:59:48.426,0.13571353256702423
2024/02/25 21:59:59.952,0.15688414871692657
2024/02/25 23:59:50.506,0.12445898354053497
2024/02/26 01:47:48.110,0.11954241245985031
2024/02/26 03:59:59.642,0.13161812722682953
2024/02/26 05:59:59.898,0.17585738003253937
2024/02/26 07:59:57.508,0.18043693900108337
2024/02/26 09:39:38.055,-0.2093392163515091
2024/02/26 11:48:17.026,-0.22370898723602295
2024/02/26 13:59:50.534,0.0672818198800087
2024/02/26 15:59:41.774,0.07663396745920181
2024/02/26 17:41:33.348,-0.5961015224456787
2024/02/26 19:59:53.164,0.20830602943897247
2024/02/26 21:59:51.656,0.21398970484733582
2024/02/26 23:59:59.066,0.2753090262413025
2024/02/27 01:59:57.362,0.2739584743976593
2024/02/27 03:40:19.756,0.3252049386501312
2024/03/01 11:59:55.607,-0.2844841182231903
2024/03/01 13:59:59.293,0.1763228476047516
2024/03/01 15:59:52.101,0.1860053837299347
2024/03/01 17:59:59.511,0.19053450226783752
2024/03/01 19:59:49.575,-1.5019407272338867
2024/03/01 21:59:54.241,-1.3839677572250366
2024/03/01 23:59:59.691,-1.3736581802368164
2024/03/03 12:34:21.382,0
2024/03/05 13:34:21.382,0
2024/03/11 10:34:21.383,0
2024/03/12 14:23:00.840,0
2024/03/14 16:59:33.914,-0.04395340010523796
2024/03/14 18:59:59.454,-0.1828150451183319
2024/03/14 20:59:44.128,-0.2874685525894165
2024/03/14 22:59:53.106,-0.3276122510433197
2024/03/15 00:59:59.536,-0.2271285206079483
2024/03/15 02:40:57.210,-0.2511955201625824
2024/03/15 08:59:59.874,-0.5526679158210754
2024/03/15 10:34:37.504,-0.2930915653705597
2024/03/15 16:59:27.578,-0.2076079100370407
2024/03/15 18:59:50.766,-0.41751477122306824
2024/03/15 20:59:05.746,-0.2257050722837448
2024/03/15 22:59:59.216,-0.5287127494812012
2024/03/15 23:21:09.198,-0.5163077116012573
2024/03/16 08:21:17.896,-0.4988899230957031
2024/03/16 10:59:53.108,-0.4611809551715851
2024/03/16 12:59:54.540,-0.41352319717407227
2024/03/16 14:59:51.366,-0.3704390823841095
2024/03/16 16:59:58.874,-0.4096550941467285
2024/03/16 18:59:59.228,-0.40669214725494385
2024/03/16 20:59:59.386,-0.1625632792711258
2024/03/16 22:59:59.152,-0.12487005442380905
2024/03/17 00:59:59.114,-0.19055931270122528
2024/03/17 02:59:59.664,-0.21652618050575256
2024/03/17 04:59:59.626,-0.20370055735111237
2024/03/17 06:59:59.980,-0.20052450895309448
2024/03/17 08:59:53.180,-0.2077203243970871
2024/03/17 10:59:56.768,-0.17365066707134247
2024/03/17 12:59:59.376,-0.06382817029953003
2024/03/17 14:58:01.836,-0.08250094950199127
2024/03/17 16:58:48.250,-0.048451587557792664
2024/03/17 18:59:59.458,-0.11864009499549866
2024/03/17 20:59:59.812,-0.0863243043422699
2024/03/17 22:59:59.872,-0.038966104388237
2024/03/18 00:59:59.442,-0.04490360617637634
2024/03/18 02:59:52.348,-0.07996448874473572
2024/03/18 04:59:59.954,-0.037822842597961426
2024/03/18 06:59:52.664,-0.038998082280159
2024/03/18 08:56:33.882,0.0036590099334716797
2024/03/18 09:27:35.098,-0.03190021216869354
2024/03/18 12:59:59.606,0.013254448771476746
2024/03/18 14:32:26.700,0.13873156905174255
2024/03/18 16:59:59.577,0.1447257101535797
2024/03/18 18:59:50.817,0.010850891470909119
2024/03/18 20:49:40.729,-0.0005744993686676025
2024/03/18 22:35:56.021,0.010500505566596985
2024/03/19 00:59:59.131,0.014127612113952637
2024/03/19 02:59:54.193,-0.014084115624427795
2024/03/19 04:59:54.253,-0.0020426511764526367
2024/03/19 06:59:56.273,-0.01084090769290924
2024/03/19 08:59:58.391,0.0012649893760681152
2024/03/19 10:59:56.785,-0.17307552695274353
2024/03/19 12:59:59.197,-0.19206096231937408
2024/03/19 14:59:57.297,-0.1827506273984909
2024/03/19 15:23:05.761,-0.17918254435062408
2024/03/19 20:59:59.143,-0.21141457557678223
2024/03/19 22:59:59.105,-0.2128954827785492
2024/03/20 00:59:59.361,-0.15841174125671387
2024/03/20 02:59:59.715,-0.16453182697296143
2024/03/20 04:59:59.481,-0.1343621015548706
2024/03/20 06:59:47.193,-0.12450345605611801
2024/03/20 12:59:59.427,-0.1072298139333725
2024/03/20 14:59:51.451,-0.06549260020256042
2024/03/20 16:59:59.841,-0.0820435881614685
2024/03/20 18:59:59.215,-0.1076635792851448
2024/03/20 20:59:54.963,-0.1397024691104889
2024/03/20 22:59:59.237,-0.14057759940624237
2024/03/21 00:59:58.709,-0.1513538807630539
2024/03/21 02:59:52.399,-0.16454973816871643
2024/03/21 04:59:59.613,-0.1328904926776886
2024/03/21 06:59:59.183,-0.11548096686601639
2024/03/21 08:47:47.183,-0.1139199435710907
2024/03/21 10:59:57.147,0.002790939062833786
2024/03/21 12:54:32.336,-0.0008145822212100029
2024/03/21 14:59:57.364,-0.043026067316532135
2024/03/21 16:59:59.287,-0.02365666814148426
2024/03/21 18:59:59.347,-0.04545315355062485
2024/03/21 20:59:56.271,-0.013168568722903728
2024/03/21 22:59:56.135,-0.03719440847635269
2024/03/22 00:59:59.919,-0.04872019588947296
2024/03/22 02:59:57.137,-0.02699078619480133
2024/03/22 04:59:59.647,-0.04224712401628494
2024/03/22 06:59:55.787,-0.03478293493390083
2024/03/22 08:59:54.573,-0.039832934737205505
2024/03/22 10:59:59.239,0.039886146783828735
2024/03/22 12:59:54.399,-0.015738550573587418
2024/03/22 14:59:52.989,0.004350443836301565
2024/03/22 16:59:27.960,-0.04471782594919205
2024/03/22 18:37:06.891,-0.09046435356140137
2024/03/22 20:59:34.157,-0.13944680988788605
2024/03/22 22:59:59.893,-0.1408749222755432
2024/03/23 00:59:59.756,-0.11542857438325882
2024/03/23 02:59:58.739,-0.14841578900814056
2024/03/23 04:59:59.387,-0.15910792350769043
2024/03/23 06:59:52.979,-0.17140112817287445
2024/03/23 08:59:58.919,-0.16983073949813843
2024/03/23 10:59:55.451,-0.17470426857471466
2024/03/23 11:38:15.315,-0.14315377175807953
2024/03/23 14:59:57.531,-0.32274213433265686
2024/03/23 16:59:54.650,-0.12756940722465515
2024/03/23 18:59:44.617,0.1344418227672577
2024/03/23 20:59:59.083,0.17121928930282593
2024/03/23 22:59:59.338,0.13574731349945068
2024/03/24 00:59:52.833,-0.15963812172412872
2024/03/24 02:59:51.324,-0.12836392223834991
2024/03/24 04:59:59.225,-0.39690324664115906
2024/03/24 06:59:59.383,0.006167873740196228
2024/03/24 08:58:13.210,0.11698538810014725
2024/03/24 10:59:58.718,-0.06744995713233948
2024/03/24 12:59:53.781,-0.0895632803440094
2024/03/24 14:59:55.016,-0.0493159294128418
2024/03/24 16:59:59.192,-0.06055589020252228
2024/03/24 18:59:59.155,-0.08862875401973724
2024/03/24 20:59:59.607,-0.04325084388256073
2024/03/24 22:59:52.513,-0.1081196665763855
2024/03/25 00:58:03.596,-0.063444122672081
2024/03/25 02:59:59.492,-0.08731964230537415
2024/03/25 04:59:59.258,-0.05955022573471069
2024/03/25 06:59:49.518,-0.05625680088996887
2024/03/25 08:59:53.890,-0.05257287621498108
2024/03/25 10:59:55.420,0.05721549689769745
2024/03/25 12:59:59.694,0.005031362175941467
2024/03/25 14:39:50.532,-1.5540300607681274
2024/03/25 16:52:20.488,-0.11217828094959259
2024/03/25 18:59:51.250,-0.13505861163139343
2024/03/25 20:59:53.368,-0.10463543236255646
2024/03/25 22:58:58.646,-0.2475346028804779
2024/03/26 00:59:55.056,-0.18475143611431122
2024/03/26 02:56:36.960,-0.18887071311473846
2024/03/26 04:59:59.292,-0.13310319185256958
2024/03/26 05:39:54.020,-0.07818636298179626
2024/03/29 18:59:59.707,0.23520132899284363
2024/03/29 20:59:52.809,0.2556729018688202
2024/03/29 22:59:55.417,0.20391790568828583
2024/03/30 00:59:57.927,0.21209017932415009
2024/03/30 02:34:01.355,0.2220025509595871
2024/03/30 04:59:52.755,0.2117612659931183
2024/03/30 06:59:59.675,0.21151846647262573
2024/03/30 08:59:57.285,0.16797536611557007
2024/03/30 10:59:52.151,0.23123742640018463
2024/03/30 12:59:59.757,0.27571702003479004
2024/03/30 14:59:59.033,0.25307029485702515
2024/03/30 16:54:37.457,0.2487984001636505
2024/03/30 18:59:59.153,0.18494558334350586
2024/03/30 20:59:56.665,0.17846056818962097
2024/03/30 22:43:56.815,0.11702193319797516
2024/03/31 10:59:59.437,-0.007632739841938019
2024/03/31 12:29:56.591,0.11596417427062988
2024/03/31 14:59:59.067,0.17511287331581116
2024/03/31 16:41:27.807,0.13628354668617249
2024/03/31 18:59:53.209,-0.03996390849351883
2024/03/31 20:42:35.351,-0.049959536641836166
2024/04/01 00:58:14.017,-0.08428697288036346
2024/04/01 04:59:59.095,-0.8794020414352417
2024/04/01 06:59:51.315,-0.8938310742378235
2024/04/01 08:59:59.803,-0.03697911277413368
2024/04/01 10:44:47.874,-0.024113021790981293
2024/04/01 12:59:59.629,-0.04901115223765373
2024/04/01 14:59:59.199,-0.10693106055259705
2024/04/01 16:48:31.788,-0.07850559055805206
2024/04/01 18:59:59.613,-0.07257992774248123
2024/04/01 20:59:59.085,-0.07829929888248444
2024/04/01 22:59:59.831,-0.09150943160057068
2024/04/02 00:57:29.559,-0.11104968935251236
2024/04/02 02:59:56.423,-0.09461884945631027
2024/04/02 04:59:59.815,-0.08633735775947571
2024/04/02 06:59:51.741,-0.0982859656214714
2024/04/02 08:49:34.008,-0.2748234272003174
2024/04/02 09:31:03.306,0.6965490579605103
2024/04/02 12:59:59.662,0.008014075458049774
2024/04/02 14:59:59.918,-0.1110076755285263
2024/04/02 16:59:59.684,-0.12510712444782257
2024/04/02 18:59:59.255,0.0192619189620018
2024/04/02 20:59:59.315,0.00895741581916809
2024/04/02 22:29:17.661,0.031822122633457184
2024/04/03 00:59:49.340,0.060901153832674026
2024/04/03 02:59:55.967,0.09395396709442139
2024/04/03 04:59:59.260,0.08191469311714172
2024/04/03 06:52:12.644,0.101022869348526
2024/04/03 07:43:02.307,-0.3019988238811493
2024/04/03 10:50:16.634,0.07542188465595245
2024/04/03 12:59:59.794,0.06712767481803894
2024/04/03 14:59:54.954,-0.0033181235194206238
2024/04/03 16:59:59.130,0.06155053526163101
2024/04/03 18:59:59.190,0.054708294570446014
2024/04/03 20:59:59.936,0.08379676938056946
2024/04/03 22:59:59.702,0.06116459518671036
2024/04/04 00:59:57.214,0.0461936891078949
2024/04/04 02:59:56.196,0.08709497004747391
2024/04/04 04:59:53.414,0.09252618253231049
2024/04/04 06:54:03.320,0.03990732878446579
2024/04/04 08:59:59.316,0.04635525494813919
2024/04/04 10:59:50.654,0.06580643355846405
2024/04/04 12:59:53.066,0.056480083614587784
2024/04/04 14:59:59.986,0.05946586653590202
2024/04/04 16:59:56.224,0.073143869638443
2024/04/04 18:59:59.322,0.05179407820105553
2024/04/04 20:59:59.088,0.052285075187683105
2024/04/04 22:55:55.814,0.060483068227767944
2024/04/05 00:59:59.796,0.06097525730729103
2024/04/05 02:56:07.106,0.04988023638725281
2024/04/05 04:59:59.916,0.09000120311975479
2024/04/05 06:59:59.094,0.09356101602315903
2024/04/05 08:59:59.154,0.04915870726108551
2024/04/05 10:59:59.214,0.045169051736593246
2024/04/05 12:59:59.274,0.03802015259861946
2024/04/05 14:59:59.334,0.050018347799777985
2024/04/05 16:59:58.414,0.02618696354329586
2024/04/05 18:59:59.062,0.08067630231380463
2024/04/05 20:59:59.612,0.022967243567109108
2024/04/05 22:57:54.232,0.06947671622037888
2024/04/06 00:59:59.242,0.0859660655260086
2024/04/06 02:55:52.832,0.0735781267285347
2024/04/06 04:59:55.540,0.10691245645284653
2024/04/06 06:59:59.226,0.099387988448143
2024/04/06 08:59:54.876,0.0962274968624115
2024/04/06 10:59:59.542,0.12664219737052917
2024/04/06 12:59:59.994,0.0503152459859848
2024/04/06 14:59:55.154,0.09193506091833115
2024/04/06 16:59:59.134,0.0935765728354454
2024/04/06 18:59:51.354,0.025032036006450653
2024/04/06 20:59:59.940,0.12481179088354111
2024/04/06 22:59:53.826,0.09980162233114243
2024/04/07 00:59:59.864,0.12231219559907913
2024/04/07 02:59:58.454,0.14016520977020264
2024/04/07 04:59:59.102,0.1460767537355423
2024/04/07 06:59:59.260,0.12178923934698105
2024/04/07 08:59:59.222,0.14607276022434235
2024/04/07 10:59:48.306,0.08008497208356857
2024/04/07 12:59:52.090,0.0837843120098114
2024/04/07 14:59:50.484,0.11220038682222366
2024/04/07 16:59:59.462,0.032186999917030334
2024/04/07 18:59:59.326,0.08437925577163696
2024/04/07 20:59:59.288,0.09917661547660828
2024/04/07 22:59:59.348,0.10330294072628021
2024/04/08 00:29:53.170,0.15437644720077515
2024/04/08 06:59:33.422,0.15119850635528564
2024/04/08 08:04:15.888,0.11142299324274063
2024/04/08 10:59:59.316,0.08654657006263733
2024/04/08 12:59:56.338,0.13060617446899414
2024/04/08 14:59:58.554,0.07927943766117096
2024/04/08 16:59:55.870,0.06948889791965485
2024/04/08 18:59:59.654,0.12107805907726288
2024/04/08 20:59:59.714,0.13685202598571777
2024/04/08 22:59:59.774,0.1864873468875885
2024/04/09 00:59:59.834,0.16953310370445251
2024/04/09 02:59:51.074,0.18611693382263184
2024/04/09 04:59:59.954,0.19142884016036987
2024/04/09 05:59:59.396,0.2519802153110504
2024/04/11 16:59:59.108,1.5542981624603271
2024/04/11 18:59:59.854,0.08514469861984253
2024/04/11 20:52:51.849,0.010516669601202011
2024/04/11 22:59:59.288,0.049650341272354126
2024/04/12 00:59:55.526,0.37492290139198303
2024/04/12 02:59:53.626,0.65709388256073
2024/04/12 04:59:55.058,0.36054372787475586
2024/04/12 06:59:54.628,0.4090495705604553
2024/04/12 08:59:59.784,0.16140976548194885
2024/04/12 10:59:58.374,0.18701668083667755
2024/04/12 12:59:53.239,0.16517677903175354
2024/04/12 14:59:59.866,0.19861474633216858
2024/04/12 16:59:59.534,0.25083398818969727
2024/04/12 18:59:59.201,0.19048401713371277
2024/04/12 20:59:55.048,0.2588745355606079
2024/04/12 22:59:59.811,0.22755128145217896
2024/04/13 00:59:59.087,0.23045091331005096
2024/04/13 02:49:04.801,0.27372491359710693
2024/04/13 04:58:46.394,0.18763919174671173
2024/04/13 06:59:59.757,0.22776487469673157
2024/04/13 08:59:59.720,0.2442505955696106
2024/04/13 10:59:48.901,0.21805663406848907
2024/04/13 12:59:49.353,0.2013620287179947
2024/04/13 14:59:59.213,0.17062750458717346
2024/04/13 16:59:51.923,0.17344017326831818
2024/04/13 18:59:59.137,0.21980878710746765
2024/04/13 20:59:55.963,0.20816443860530853
2024/04/13 22:59:59.257,0.23050403594970703
2024/04/14 00:55:01.495,0.20899488031864166
2024/04/14 02:59:59.083,0.5401037931442261
2024/04/14 04:59:59.241,0.5355366468429565
2024/04/14 06:59:53.519,0.24293287098407745
2024/04/14 08:59:50.639,0.2136685848236084
2024/04/14 10:59:59.813,0.24459092319011688
2024/04/14 12:59:58.893,0.24497902393341064
2024/04/14 14:59:56.993,0.18789684772491455
2024/04/14 16:59:50.193,0.21437230706214905
2024/04/14 18:59:59.073,0.2455163151025772
2024/04/14 20:59:51.587,0.3039837181568146
2024/04/14 22:59:57.233,0.23859372735023499
2024/04/15 00:59:51.805,0.19078026711940765
2024/04/15 02:59:58.137,0.167088583111763
2024/04/15 04:59:59.765,0.21822507679462433
2024/04/15 06:59:59.727,0.2040795534849167
2024/04/15 08:59:50.673,0.4022931754589081
2024/04/15 10:59:59.553,0.4323563575744629
2024/04/15 12:59:54.713,0.04904943332076073
2024/04/15 14:59:51.833,0.000566534698009491
2024/04/15 16:59:56.499,0.030489375814795494
2024/04/15 18:59:51.757,0.03443538397550583
2024/04/15 20:59:59.559,0.09462403506040573
2024/04/15 22:59:59.031,0.03245094418525696
2024/04/16 00:59:59.385,0.05076226964592934
2024/04/16 02:59:57.877,0.062492743134498596
2024/04/16 04:59:59.603,0.057288382202386856
2024/04/16 06:59:53.587,0.09661641716957092
2024/04/16 08:59:59.331,0.07488226890563965
2024/04/16 10:59:59.587,0.0160237904638052
2024/04/16 12:59:51.905,-0.00917086936533451
2024/04/16 14:59:59.511,0.0009811632335186005
2024/04/16 16:59:55.749,0.20282688736915588
2024/04/16 18:59:53.359,0.21305111050605774
2024/04/16 20:59:59.397,0.21184135973453522
2024/04/16 22:59:59.457,0.2628747522830963
2024/04/17 00:59:58.537,0.30917173624038696
2024/04/17 02:59:56.539,0.2994433641433716
2024/04/17 04:59:55.423,0.2600655257701874
2024/04/17 06:59:57.541,0.2788879871368408
2024/04/17 08:59:54.955,0.559249758720398
2024/04/17 10:59:57.269,0.584326982498169
2024/04/17 12:59:59.292,0.19163674116134644
2024/04/17 14:59:52.196,0.19026000797748566
2024/04/17 16:19:39.691,0.22746090590953827
2024/04/17 18:59:56.920,0.1697670966386795
2024/04/17 20:59:59.627,0.15496858954429626
2024/04/17 22:59:52.043,0.13655126094818115
2024/04/18 00:59:59.453,0.1632617712020874
2024/04/18 02:59:59.513,0.19482232630252838
2024/04/18 04:58:46.955,0.21733009815216064
2024/04/18 06:59:59.241,0.22221733629703522
2024/04/18 08:57:44.257,0.19463388621807098
2024/04/18 10:52:15.527,0.2131950706243515
2024/04/18 12:59:59.813,0.16722896695137024
2024/04/18 14:46:36.469,0.035912781953811646
2024/04/18 16:59:51.309,0.14059020578861237
2024/04/18 18:59:59.503,0.1450524628162384
2024/04/18 19:42:20.153,0.11132490634918213
2024/04/18 22:59:29.537,0.1921626776456833
2024/04/19 00:59:46.355,0.20866885781288147
2024/04/19 02:59:59.057,0.17790812253952026
2024/04/19 04:59:51.375,0.26448556780815125
2024/04/19 06:59:54.865,0.1889612376689911
2024/04/19 08:59:59.825,0.21579228341579437
2024/04/19 10:59:59.787,0.1701972782611847
2024/04/19 12:59:59.259,0.1551218181848526
2024/04/19 14:52:42.043,0.11420387774705887
2024/04/19 16:55:10.475,0.1106933206319809
2024/04/19 18:55:21.609,0.10257822275161743
2024/04/19 20:55:59.595,0.14800821244716644
2024/04/19 22:51:07.713,0.04127109795808792
2024/04/20 00:59:50.995,0.05851702764630318
2024/04/20 02:59:53.015,0.0794517919421196
2024/04/20 04:59:52.291,0.034043170511722565
2024/04/20 06:59:59.113,0.12533360719680786
2024/04/20 08:59:59.173,0.07483379542827606
2024/04/20 10:59:59.233,0.05028524249792099
2024/04/20 12:59:53.413,0.08316323906183243
2024/04/20 14:59:56.413,0.05197979137301445
2024/04/20 16:16:07.721,-0.06172700971364975
2024/04/20 18:59:52.907,-0.07833988964557648
2024/04/20 20:59:59.827,0.033876653760671616
2024/04/20 22:55:39.403,0.033503346145153046
2024/04/21 00:59:59.163,0.15276695787906647
2024/04/21 02:59:58.733,0.11678364872932434
2024/04/21 04:59:59.773,0.19556939601898193
2024/04/21 06:59:53.953,0.19923005998134613
2024/04/21 08:59:59.893,0.16247542202472687
2024/04/21 10:53:45.592,0.1512138843536377
2024/04/21 12:59:55.113,0.11230242997407913
2024/04/21 14:59:51.253,0.09087890386581421
2024/04/21 16:59:59.153,0.05287344008684158
2024/04/21 18:53:05.456,0.11491765081882477
2024/04/21 20:59:59.567,0.10714087635278702
2024/04/21 22:59:55.413,0.11579295992851257
2024/04/22 00:59:56.551,0.16613814234733582
2024/04/22 02:59:54.749,0.14709126949310303
2024/04/22 04:59:55.985,0.13207757472991943
2024/04/22 06:59:59.475,0.21652278304100037
2024/04/22 08:53:54.583,0.15557003021240234
2024/04/22 10:59:56.850,0.07698166370391846
2024/04/22 12:59:59.165,0.05675765872001648
2024/04/22 14:42:20.334,-0.0038897432386875153
2024/04/22 16:59:55.952,0.07582017779350281
2024/04/22 18:59:59.443,0.0944700613617897
2024/04/22 20:59:59.699,0.054894015192985535
2024/04/22 22:59:59.367,0.04352239519357681
2024/04/23 00:59:59.035,0.13852360844612122
2024/04/23 02:39:05.576,0.07301712036132812
2024/04/25 16:16:45.032,-0.6487812995910645
2024/04/25 18:54:58.782,-3.4471564292907715
2024/04/26 10:58:36.626,-9.090155601501465
2024/04/26 11:35:05.064,-1.2422289848327637
2024/04/26 14:32:16.006,-1.9314700365066528
2024/04/26 16:59:59.126,-0.7696599364280701
2024/04/26 17:09:23.900,-0.815941572189331
2024/05/01 10:58:48.947,-1.5145959854125977
2024/05/01 12:43:51.720,-4.5816755294799805
2024/05/04 12:59:59.572,-1.417366862297058
2024/05/04 14:47:53.059,0.05240459740161896
2024/05/04 16:59:58.711,0.019304826855659485
2024/05/04 18:59:51.911,0.298333078622818
2024/05/04 20:54:47.191,0.00841652974486351
2024/05/04 22:59:59.480,-0.0035601258277893066
2024/05/05 00:59:59.539,-0.016771942377090454
2024/05/05 02:59:59.305,-0.02912542223930359
2024/05/05 04:56:24.941,0.00048752129077911377
2024/05/05 08:59:59.681,-0.5442189574241638
2024/05/05 10:59:59.251,-0.29336661100387573
2024/05/05 12:46:32.869,-0.2897440493106842
2024/05/05 14:59:55.451,-0.24946758151054382
2024/05/05 16:59:59.431,-0.26787203550338745
2024/05/05 18:59:59.589,-0.20274972915649414
2024/05/05 20:59:52.985,-0.2119506299495697
2024/05/05 22:59:55.789,-0.2046097218990326
2024/05/06 00:59:50.851,-0.20959006249904633
2024/05/06 02:59:54.341,-0.19430582225322723
2024/05/06 04:59:59.595,-0.202735036611557
2024/05/06 06:59:51.227,-0.19239889085292816
2024/05/06 08:59:41.095,-0.21509240567684174
2024/05/06 10:59:51.249,-0.2140713781118393
2024/05/06 12:59:59.541,-0.2400161772966385
2024/05/06 14:57:30.347,-0.25808921456336975
2024/05/06 16:59:35.945,-0.2414388209581375
2024/05/06 18:59:59.035,-0.2331714928150177
2024/05/06 20:59:55.959,-0.26202431321144104
2024/05/06 22:59:59.449,-3.0672473907470703
2024/05/07 00:59:59.607,-0.21326005458831787
2024/05/07 02:59:59.569,-0.21471431851387024
2024/05/07 04:59:16.803,-0.22464776039123535
2024/05/07 05:03:16.021,-0.22464776039123535
2024/05/09 18:59:51.808,0.23431794345378876
2024/05/09 20:58:52.186,0.04038328677415848
2024/05/09 22:59:56.730,-1.6438100337982178
2024/05/10 00:59:59.926,0.0639098510146141
2024/05/10 02:59:59.594,0.05508732423186302
2024/05/10 04:45:26.964,0.07109478861093521
2024/05/10 06:21:59.646,0.048995718359947205
2024/05/10 08:59:59.186,0.085719995200634
2024/05/10 10:59:59.441,-0.08465507626533508
2024/05/10 12:59:56.463,-0.11408482491970062
2024/05/10 14:59:07.426,-0.07014981657266617
2024/05/10 16:58:53.080,-0.10815330594778061
2024/05/10 18:59:58.310,-0.05153870955109596
2024/05/10 20:59:59.644,-0.054455749690532684
2024/05/10 22:59:56.666,-0.0638188049197197
2024/05/11 00:59:54.178,-0.058094292879104614
2024/05/11 02:59:59.236,-0.06579767912626266
2024/05/11 04:59:59.688,-0.03300189599394798
2024/05/11 06:59:59.062,-0.06650249660015106
2024/05/11 08:59:57.554,-0.10471795499324799
2024/05/11 10:59:09.299,-0.06728238612413406
2024/05/11 12:57:13.719,-0.06298789381980896
2024/05/11 14:59:58.125,-0.08838698267936707
2024/05/11 16:59:59.165,-0.07435866445302963
2024/05/11 18:59:56.286,-0.05267512798309326
2024/05/11 20:53:22.484,-0.07989446818828583
2024/05/11 22:56:51.382,0.015094967558979988
2024/05/12 00:59:55.878,-0.06814554333686829
2024/05/12 02:59:59.662,-0.0910222977399826
2024/05/12 04:59:59.526,-0.056703999638557434
2024/05/12 06:36:50.141,-0.08041039109230042
2024/05/12 08:59:59.645,-0.06756549328565598
2024/05/12 10:59:59.509,-0.0657951608300209
2024/05/12 12:59:51.533,-0.0724625438451767
2024/05/12 14:56:05.605,-0.0016302317380905151
2024/05/12 16:59:57.925,0.012837409973144531
2024/05/12 18:59:30.251,-0.10217790305614471
2024/05/12 20:59:51.186,-0.07614204287528992
2024/05/12 22:59:59.086,-0.06638529896736145
2024/05/13 00:59:54.245,-0.10081017762422562
2024/05/13 02:59:59.206,-0.12756946682929993
2024/05/13 04:59:59.265,-0.12254168093204498
2024/05/13 06:54:48.861,-0.11381486058235168
2024/05/13 08:38:32.743,-0.12900489568710327
2024/05/13 10:24:29.905,-0.130609393119812
2024/05/13 12:59:59.701,-0.02637312188744545
2024/05/13 14:59:59.075,-0.1829029619693756
2024/05/13 16:58:49.065,-0.15644219517707825
2024/05/13 18:59:59.685,-0.10682578384876251
2024/05/13 20:59:59.746,-0.18767201900482178
2024/05/13 22:59:56.865,-0.20002037286758423
2024/05/14 00:59:56.925,-0.20652365684509277
2024/05/14 02:59:59.925,-0.15396690368652344
2024/05/14 04:59:59.985,-0.16615447402000427
2024/05/14 06:59:59.065,-0.18094560503959656
2024/05/14 08:57:31.341,-0.21733121573925018
2024/05/14 10:55:55.753,-0.15574651956558228
2024/05/14 12:59:59.245,-0.1543915569782257
2024/05/14 14:59:58.325,-0.2197842001914978
2024/05/14 16:59:59.365,-0.16907009482383728
2024/05/14 18:53:38.695,-0.23351243138313293
2024/05/14 20:59:59.485,-0.19968298077583313
2024/05/14 22:59:59.545,-0.2102993279695511
2024/05/15 00:59:58.527,-0.19435036182403564
2024/05/15 02:59:56.725,-0.22392059862613678
2024/05/15 04:59:59.725,-0.25543615221977234
2024/05/15 06:58:19.923,-0.27512770891189575
2024/05/15 08:59:59.845,-0.23210155963897705
2024/05/15 10:59:56.181,-0.16560570895671844
2024/05/15 12:51:37.421,-0.1676875352859497
2024/05/15 14:59:56.203,-0.06990069150924683
2024/05/15 16:59:57.635,-0.03850303962826729
2024/05/15 17:48:44.503,-0.09551243484020233
2024/05/15 20:36:42.235,-0.14787375926971436
2024/05/15 22:59:58.599,-0.11156979948282242
2024/05/16 00:59:59.051,-0.1386425942182541
2024/05/16 02:13:14.155,-0.1506272554397583
2024/05/16 04:59:59.857,-0.2157997339963913
2024/05/16 06:59:58.545,-0.20982393622398376
2024/05/16 08:59:58.605,-0.17506180703639984
2024/05/16 10:59:56.705,0.23560374975204468
2024/05/16 12:59:59.313,-0.03856965899467468
2024/05/16 14:59:23.211,-0.0809778943657875
2024/05/16 16:59:59.727,-0.07483280450105667
2024/05/16 18:59:34.405,0.03153691068291664
2024/05/16 20:59:59.945,-0.1641642451286316
2024/05/16 22:59:59.907,-0.15606863796710968
2024/05/17 00:59:01.069,-0.09503526985645294
2024/05/17 02:59:58.655,-0.12212223559617996
2024/05/17 04:59:59.597,-0.15508392453193665
2024/05/17 06:59:52.503,-0.1360895186662674
2024/05/17 08:59:54.915,-0.6128602027893066
2024/05/17 10:59:59.287,-0.22630837559700012
2024/05/17 12:59:58.465,-0.17326819896697998
2024/05/17 14:59:59.505,-0.2253882884979248
2024/05/17 16:59:53.685,-0.23458696901798248
2024/05/17 18:59:51.785,-0.1207694560289383
2024/05/17 20:59:59.685,-0.1885126829147339
2024/05/17 22:59:59.451,-0.17329639196395874
2024/05/18 00:59:52.945,-0.12543705105781555
2024/05/18 02:59:46.047,-0.13080784678459167
2024/05/18 04:59:59.827,-0.22470074892044067
2024/05/18 06:59:59.985,-0.14469587802886963
2024/05/18 08:59:59.065,-0.16882917284965515
2024/05/18 10:59:59.615,-0.18234099447727203
2024/05/18 12:47:25.075,-0.10799257457256317
2024/05/18 14:55:08.381,-0.14002229273319244
2024/05/18 16:59:49.309,-0.07038730382919312
2024/05/18 18:59:59.365,-0.16107332706451416
2024/05/18 20:59:59.131,-0.17005357146263123
2024/05/18 22:59:59.877,-0.13221588730812073
2024/05/19 00:59:59.741,-0.2089267373085022
2024/05/19 02:59:55.391,-0.2367725372314453
2024/05/19 04:59:57.509,-0.15587995946407318
2024/05/19 06:59:55.511,-0.15201476216316223
2024/05/19 08:59:59.491,-0.1421469748020172
2024/05/19 10:58:31.057,-0.21154454350471497
2024/05/19 12:59:59.905,-0.10467308759689331
2024/05/19 14:59:59.965,-0.12139911949634552
2024/05/19 16:59:59.045,-0.13934387266635895
2024/05/19 18:59:30.391,-0.11238546669483185
2024/05/19 20:59:59.067,-0.2601644694805145
2024/05/19 22:59:52.071,-0.20526564121246338
2024/05/20 00:59:50.759,-0.15698538720607758
2024/05/20 02:59:59.933,-0.20162254571914673
2024/05/20 04:59:54.113,-0.19844752550125122
2024/05/20 06:03:39.445,-0.1741659939289093
2024/05/20 08:59:58.447,-0.16550931334495544
2024/05/20 10:59:59.585,-0.05302278324961662
2024/05/20 12:59:59.645,-0.10122698545455933
2024/05/20 14:59:59.411,-0.10916049033403397
2024/05/20 16:37:10.607,-0.1251496970653534
2024/05/20 18:59:59.041,-0.12960000336170197
2024/05/20 20:59:52.437,-0.07776673883199692
2024/05/20 22:59:59.161,-0.14898498356342316
2024/05/21 00:59:59.515,-0.19372251629829407
2024/05/21 02:30:39.593,-0.14328530430793762
2024/05/21 03:04:07.221,-0.13130690157413483
2024/05/23 20:59:28.823,2.7229561805725098
2024/05/23 22:59:59.164,0.0380953848361969
2024/05/24 00:59:17.280,0.10226351022720337
2024/05/24 02:55:43.994,0.06605211645364761
2024/05/24 04:45:48.704,0.05773478001356125
2024/05/24 06:48:54.670,0.08159863948822021
2024/05/24 08:59:59.464,-2.6079885959625244
2024/05/24 10:59:59.524,0.10591024905443192
2024/05/24 12:55:18.324,0.09446453303098679
2024/05/24 14:59:59.449,0.09348404407501221
2024/05/24 16:59:28.050,0.11958008259534836
2024/05/24 18:57:28.550,0.07111658155918121
2024/05/24 20:56:21.186,0.0533318929374218
2024/05/24 22:56:20.070,0.09041265398263931
2024/05/25 00:59:39.462,0.050284191966056824
2024/05/25 02:50:43.462,0.05244531109929085
2024/05/25 04:59:59.084,0.10891105234622955
2024/05/25 06:59:59.144,0.09124410897493362
2024/05/25 08:59:59.302,0.07857544720172882
2024/05/25 10:59:59.362,0.1139102429151535
2024/05/25 12:59:59.324,0.11000580340623856
2024/05/25 14:59:59.188,0.4050646126270294
2024/05/25 16:56:27.078,0.09326314926147461
2024/05/25 18:34:27.372,-0.01469586044549942
2024/05/25 20:44:25.232,-0.18031197786331177
2024/05/25 22:59:59.624,-0.03689674288034439
2024/05/26 00:58:11.590,-0.06489098072052002
2024/05/26 02:59:59.744,-0.05490538477897644
2024/05/26 04:59:59.804,-0.07973895967006683
2024/05/26 06:47:02.332,-0.041523151099681854
2024/05/26 08:59:59.924,-0.061360277235507965
2024/05/26 10:59:59.984,0.01316922903060913
2024/05/26 12:59:59.064,-0.07612381875514984
2024/05/26 14:59:59.124,-0.017899658530950546
2024/05/26 16:59:59.184,0.01048402488231659
2024/05/26 18:59:59.244,-0.0313505195081234
2024/05/26 20:59:59.304,-0.019268140196800232
2024/05/26 22:59:59.364,-0.008974693715572357
2024/05/27 00:59:59.424,-0.0640362799167633
2024/05/27 02:59:59.484,-0.04974416643381119
2024/05/27 04:59:59.544,-0.053784847259521484
2024/05/27 06:40:30.464,1.5053367614746094
2024/05/27 08:58:46.262,-0.04389093816280365
2024/05/27 10:59:59.332,-0.06510250270366669
2024/05/27 12:59:59.098,-0.06735264509916306
2024/05/27 14:59:59.844,-0.06527198851108551
2024/05/27 16:53:57.206,-0.10536067932844162
2024/05/27 18:59:09.984,-0.14470292627811432
2024/05/27 20:54:46.718,-0.09673460572957993
2024/05/27 22:59:08.928,-0.046475064009428024
2024/05/28 00:56:42.282,-0.10000576078891754
2024/05/28 02:59:59.322,-0.07519260793924332
2024/05/28 04:59:59.480,-0.06496383249759674
2024/05/28 06:59:59.344,-0.07068926095962524
2024/05/28 08:57:00.358,-0.05890383571386337
2024/05/28 10:57:17.372,-0.043605703860521317
2024/05/28 12:59:53.840,-0.03671547770500183
2024/05/28 14:59:59.780,0.2743578851222992
2024/05/28 16:59:59.350,0.2514375150203705
2024/05/28 18:59:46.474,-0.0670233964920044
2024/05/28 20:59:56.138,-0.0569583885371685
2024/05/28 22:59:59.824,-0.0358545146882534
2024/05/29 00:59:59.884,-0.043526146560907364
2024/05/29 02:59:59.944,-0.07256169617176056
2024/05/29 04:27:42.838,-0.042901329696178436
2024/05/29 08:59:59.144,-0.01939498633146286
2024/05/29 10:59:59.301,-0.03656769543886185
2024/05/29 12:53:35.790,0.03371243551373482
2024/05/29 14:58:56.212,-0.08722826093435287
2024/05/29 16:59:59.972,-0.059814561158418655
2024/05/29 18:59:42.784,-0.03124489262700081
2024/05/29 20:58:29.344,-0.03198140859603882
2024/05/29 22:59:59.564,0.01770228147506714
2024/05/30 00:37:40.944,-0.6392362713813782
2024/05/30 02:59:59.684,-0.007477514445781708
2024/05/30 04:03:26.396,-0.030780740082263947
2024/05/30 20:59:59.930,0.07417754828929901
2024/05/30 22:58:02.684,0.3073740601539612
2024/05/31 00:59:00.172,0.25808772444725037
2024/05/31 02:52:50.576,0.2699785828590393
2024/05/31 04:59:59.484,0.26848700642585754
2024/05/31 06:59:50.724,-5.966914176940918
2024/05/31 08:42:28.456,-0.19863176345825195
2024/05/31 09:29:44.673,-0.20004799962043762
2024/05/31 12:59:59.528,-0.23649826645851135
2024/05/31 14:59:08.233,-0.10432551801204681
2024/05/31 16:59:59.843,-0.12327595055103302
2024/05/31 18:59:59.903,-0.10986188054084778
2024/05/31 20:59:59.964,-0.11182533204555511
2024/05/31 22:59:59.044,-0.10388307273387909
2024/06/01 00:59:59.104,-0.18049314618110657
2024/06/01 02:59:59.164,-0.1534363478422165
2024/06/01 04:59:59.518,-0.16998715698719025
2024/06/01 06:59:59.284,-0.1850023865699768
2024/06/01 08:59:59.057,-0.05243098735809326
2024/06/01 10:59:59.403,-0.14540539681911469
2024/06/01 12:59:59.177,-0.08472570776939392
2024/06/01 14:59:59.917,-0.0462622344493866
2024/06/01 16:59:59.093,-0.16759778559207916
2024/06/01 18:59:59.644,-0.17511627078056335
2024/06/01 20:59:59.704,-0.21570591628551483
2024/06/01 22:59:16.742,-0.2591472864151001
2024/06/02 00:59:59.823,-0.24095462262630463
2024/06/02 02:59:59.883,-0.1981913447380066
2024/06/02 04:59:59.943,-0.23605197668075562
2024/06/02 06:59:59.023,-0.2910897433757782
2024/06/02 08:59:59.083,-0.18853400647640228
2024/06/02 10:59:59.143,-0.09484799206256866
2024/06/02 12:59:59.203,-0.19053338468074799
2024/06/02 14:59:59.263,-0.15990658104419708
2024/06/02 16:59:59.323,-0.13368843495845795
2024/06/02 18:59:57.815,-0.08526915311813354
2024/06/02 20:59:59.444,-0.18566061556339264
2024/06/02 22:59:59.503,-0.12442611157894135
2024/06/03 00:59:59.563,-0.09704017639160156
2024/06/03 02:59:59.623,-0.13790759444236755
2024/06/03 04:59:59.683,-0.0838170051574707
2024/06/03 06:59:59.743,-0.08981510996818542
2024/06/03 08:59:31.089,-0.28748732805252075
2024/06/03 10:59:25.367,0.12304306030273438
2024/06/03 12:59:59.923,0.12838035821914673
2024/06/03 14:59:59.003,0.134471595287323
2024/06/03 16:59:59.063,0.17137838900089264
2024/06/03 18:59:59.123,-0.09461481869220734
2024/06/03 20:59:59.085,-0.11328283697366714
2024/06/03 22:59:59.635,1.4174323081970215
2024/06/04 00:46:51.677,-0.07940040528774261
2024/06/04 01:36:51.065,-0.1537373960018158
2024/06/06 20:59:02.151,-2.264070987701416
2024/06/06 22:59:59.443,0.4481344223022461
2024/06/07 00:59:59.797,0.3501048982143402
2024/06/07 02:59:59.563,0.3010520339012146
2024/06/07 04:59:00.823,0.26242420077323914
2024/06/07 06:59:59.683,0.3324023485183716
2024/06/07 08:59:59.743,0.5701765418052673
2024/06/07 10:59:59.803,-0.33324894309043884
2024/06/07 12:59:59.275,0.2119065374135971
2024/06/07 14:59:59.923,0.11245240271091461
2024/06/07 15:35:55.433,0.4478802978992462
2024/06/07 18:58:40.173,0.22349923849105835
2024/06/07 20:59:59.613,0.22751149535179138
2024/06/07 22:59:59.085,0.20043234527111053
2024/06/08 00:59:59.243,0.2188524454832077
2024/06/08 02:59:59.303,0.20000490546226501
2024/06/08 04:59:59.657,0.19459185004234314
2024/06/08 06:59:59.227,0.18547281622886658
2024/06/08 08:12:55.907,0.15467368066310883
2024/06/08 10:59:59.543,0.42362719774246216
2024/06/08 12:59:59.603,-0.7471981048583984
2024/06/08 14:55:19.873,-0.26398295164108276
2024/06/08 16:50:54.157,-0.1271061897277832
2024/06/08 18:59:59.783,0.19875355064868927
2024/06/08 20:59:59.059,0.3043439984321594
2024/06/08 22:17:00.053,0.13441196084022522
2024/06/08 23:47:19.061,0.17586790025234222
2024/06/09 02:59:19.059,0.3250696659088135
2024/06/09 04:59:59.103,0.2794857621192932
2024/06/09 06:59:59.163,0.3118593692779541
2024/06/09 08:59:59.223,0.4525258243083954
2024/06/09 10:59:59.283,0.43442001938819885
2024/06/09 12:59:59.343,0.4388437867164612
2024/06/09 14:59:50.093,0.4742191731929779
2024/06/09 16:06:45.545,0.38819289207458496
2024/06/09 18:59:59.523,0.3847352862358093
2024/06/09 20:56:03.403,0.3505502939224243
2024/06/09 22:59:59.643,0.3669595718383789
2024/06/10 00:59:59.703,0.3426906168460846
2024/06/10 02:59:59.763,0.39450445771217346
2024/06/10 04:59:59.823,0.4110223054885864
2024/06/10 06:53:04.265,0.3843914568424225
2024/06/10 08:39:22.105,0.4325452148914337
2024/06/10 10:59:59.023,0.44758784770965576
2024/06/10 12:59:59.082,0.5447218418121338
2024/06/10 14:59:59.143,0.5694360136985779
2024/06/10 16:59:59.203,0.537439227104187
2024/06/10 18:59:59.263,0.5872745513916016
2024/06/10 20:59:59.323,0.5812706351280212
2024/06/10 22:59:59.383,0.5475041270256042
2024/06/11 00:59:59.443,0.53783118724823
2024/06/11 02:59:59.503,0.45261019468307495
2024/06/11 04:59:59.563,0.4660707712173462
2024/06/11 06:59:59.623,0.5305277109146118
2024/06/11 08:59:59.683,0.3008595407009125
2024/06/11 10:59:59.644,0.320286363363266
2024/06/11 12:28:48.171,0.5016573071479797
2024/06/11 14:59:59.052,0.30471551418304443
2024/06/11 16:59:59.744,0.36887088418006897
2024/06/11 18:59:59.394,0.39886239171028137
2024/06/11 20:59:59.062,0.250826358795166
2024/06/11 22:59:59.123,0.23883020877838135
2024/06/12 00:59:59.183,0.2075584977865219
2024/06/12 02:59:59.243,0.1998252272605896
2024/06/12 04:59:59.303,0.21166735887527466
2024/06/12 06:59:59.363,0.2391577512025833
2024/06/12 08:59:59.717,0.14204607903957367
2024/06/12 10:59:59.286,0.05780479311943054
2024/06/12 12:59:59.738,0.1656341254711151
2024/06/12 14:59:59.603,0.1873447299003601
2024/06/12 16:59:59.663,0.16159839928150177
2024/06/12 18:59:59.723,0.15725794434547424
2024/06/12 20:59:59.783,0.161111518740654
2024/06/12 22:59:59.843,0.1210002452135086
2024/06/12 23:21:25.995,0.1450546532869339
2024/06/13 02:59:59.963,-0.39540213346481323
2024/06/13 04:59:59.043,-0.3567582964897156
2024/06/13 06:59:59.298,0.12327078729867935
2024/06/13 08:59:59.162,0.2010173499584198
2024/06/13 10:59:59.369,0.3731335699558258
2024/06/13 12:59:59.004,0.30764108896255493
2024/06/13 14:59:59.305,0.4331011176109314
2024/06/13 16:59:59.642,0.3078189492225647
2024/06/13 18:59:59.168,0.35680389404296875
2024/06/13 20:56:55.968,0.18415433168411255
2024/06/13 22:59:59.582,0.25755181908607483
2024/06/14 00:59:59.642,0.176838219165802
2024/06/14 02:47:01.582,0.25677865743637085
2024/06/14 04:59:59.762,0.2148142158985138
2024/06/14 06:59:59.822,0.24074304103851318
2024/06/14 08:59:59.882,0.32221686840057373
2024/06/14 10:59:59.942,0.2959648072719574
2024/06/14 12:59:59.022,0.37143823504447937
2024/06/14 14:59:59.082,0.3349962532520294
2024/06/14 16:59:59.142,0.11723931133747101
2024/06/14 18:59:59.202,0.15491002798080444
2024/06/14 20:59:59.262,0.16118942201137543
2024/06/14 22:59:59.322,0.13534598052501678
2024/06/15 00:59:59.382,0.17492777109146118
2024/06/15 02:59:59.442,0.16155560314655304
2024/06/15 04:59:59.502,0.1697816550731659
2024/06/15 06:59:59.562,0.11903215944766998
2024/06/15 08:59:59.622,0.2491753101348877
2024/06/15 10:59:59.682,0.15029165148735046
2024/06/15 12:59:59.742,0.17321069538593292
2024/06/15 14:59:59.312,0.8186712861061096
2024/06/15 16:59:59.862,0.1432160586118698
2024/06/15 18:59:59.824,0.11928276717662811
2024/06/15 20:59:07.552,0.11448639631271362
2024/06/15 22:59:59.710,0.1711929440498352
2024/06/16 00:20:24.117,0.19713440537452698
2024/06/16 02:59:59.182,0.23520757257938385
2024/06/16 04:59:59.242,0.14900295436382294
2024/06/16 06:59:59.302,0.20582215487957
2024/06/16 08:59:53.874,0.2956346869468689
2024/06/16 10:59:59.422,0.3397923707962036
2024/06/16 12:07:08.398,0.14328525960445404
2024/06/16 16:59:59.602,0.20830965042114258
2024/06/16 18:57:44.030,0.18014419078826904
2024/06/16 20:59:59.722,-1.6976187229156494
2024/06/16 22:59:59.096,-2.254647970199585
2024/06/17 00:59:59.450,-0.28236889839172363
2024/06/17 02:59:59.902,-0.31289899349212646
2024/06/17 04:59:59.962,-0.22020664811134338
2024/06/17 06:59:59.042,-0.24035342037677765
2024/06/17 08:55:32.444,-0.13508540391921997
2024/06/17 10:59:59.162,-0.1391504555940628
2024/06/17 12:59:59.222,-0.12633651494979858
2024/06/17 14:16:31.012,-0.1003739982843399
2024/06/17 15:12:31.628,-0.2346770316362381
2024/06/17 18:59:59.402,0.36940139532089233
2024/06/17 19:57:52.620,0.011579003185033798
2024/06/17 22:11:19.514,-0.02146480232477188
2024/06/18 00:59:59.778,0.11577456444501877
2024/06/18 02:59:59.642,-0.24656540155410767
2024/06/18 04:59:59.702,-0.18193751573562622
2024/06/18 06:00:13.746,-0.25654155015945435
2024/06/18 22:55:12.122,-0.2234942764043808
2024/06/19 00:02:52.948,0.49039360880851746
2024/06/19 04:59:59.442,-0.33111336827278137
2024/06/19 06:59:59.306,-0.8089572191238403
2024/06/19 08:59:59.954,-0.5667533874511719
2024/06/19 10:59:59.622,0.3412282466888428
2024/06/19 12:30:33.624,0.3782188594341278
2024/06/19 14:59:59.055,0.3988860249519348
2024/06/19 16:59:58.821,0.34165096282958984
2024/06/19 18:59:59.862,0.32686373591423035
2024/06/19 20:59:59.922,0.3545991778373718
2024/06/19 22:59:59.982,0.3344663083553314
2024/06/20 00:59:59.062,0.3641514778137207
2024/06/20 02:59:16.100,0.3059123158454895
2024/06/20 04:59:59.182,0.32459574937820435
2024/06/20 06:59:59.242,0.29972824454307556
2024/06/20 08:59:26.962,0.40479815006256104
2024/06/20 10:21:59.882,0.3247341513633728
2024/06/20 12:59:59.422,0.32312434911727905
2024/06/20 14:59:29.690,-0.06099647283554077
2024/06/20 16:53:08.726,0.1826326549053192
2024/06/20 18:59:59.602,0.12740930914878845
2024/06/20 20:59:59.662,0.029695071280002594
2024/06/20 22:59:59.722,0.0038301683962345123
2024/06/21 00:59:59.782,0.08045507222414017
2024/06/21 02:59:59.842,0.06301233917474747
2024/06/21 04:59:59.902,0.02640296146273613
2024/06/21 06:54:54.005,0.08038770407438278
2024/06/21 08:56:34.022,0.2638382911682129
2024/06/21 10:59:59.680,0.1340540647506714
2024/06/21 12:59:57.876,0.20693384110927582
2024/06/21 14:58:40.723,0.07531294971704483
2024/06/21 16:59:59.596,0.1309741884469986
2024/06/21 18:59:58.362,0.17605368793010712
2024/06/21 20:59:59.402,0.12783992290496826
2024/06/21 22:59:59.462,0.1242704689502716
2024/06/22 00:59:59.522,0.11493223905563354
2024/06/22 02:59:59.582,0.12068401277065277
2024/06/22 04:59:59.642,0.08091525733470917
2024/06/22 06:59:59.702,0.11783017218112946
2024/06/22 08:59:59.762,0.13148370385169983
2024/06/22 10:59:59.821,0.11597247421741486
2024/06/22 12:59:59.881,0.18327221274375916
2024/06/22 14:45:31.073,0.20962142944335938
2024/06/22 16:59:59.021,0.06668159365653992
2024/06/22 18:59:59.081,-0.01559903472661972
2024/06/22 20:59:59.142,-0.0009123086929321289
2024/06/22 22:59:59.202,0.08147842437028885
2024/06/23 00:59:59.261,0.1376197785139084
2024/06/23 02:59:59.321,0.10106945037841797
2024/06/23 04:59:59.381,0.09909068048000336
2024/06/23 06:59:59.442,0.09936818480491638
2024/06/23 08:59:33.139,0.13030913472175598
2024/06/23 10:59:59.561,0.0865209698677063
2024/06/23 12:59:59.621,0.11937475204467773
2024/06/23 14:59:59.681,0.10346490889787674
2024/06/23 16:59:57.781,0.10205279290676117
2024/06/23 18:59:59.801,0.06084694713354111
2024/06/23 20:59:59.861,0.07782531529664993
2024/06/23 22:59:59.922,0.07427161931991577
2024/06/24 00:59:59.982,0.07618477940559387
2024/06/24 02:59:59.062,0.06410141289234161
2024/06/24 04:59:59.121,0.023573584854602814
2024/06/24 06:59:59.181,0.049843378365039825
2024/06/24 08:59:41.209,0.04164586216211319
2024/06/24 10:59:59.301,0.08787040412425995
2024/06/24 12:59:59.361,0.09375286847352982
2024/06/24 14:59:59.421,0.08345285803079605
2024/06/24 16:59:59.481,0.11628031730651855
2024/06/24 18:59:59.541,0.08203600347042084
2024/06/24 20:59:59.601,0.08363087475299835
2024/06/24 22:59:59.661,0.046840280294418335
2024/06/25 00:59:59.721,0.0892748013138771
2024/06/25 02:59:59.781,0.032888833433389664
2024/06/25 04:59:59.841,0.0378812700510025
2024/06/25 06:59:58.921,0.031044378876686096
2024/06/25 08:59:59.961,0.046741679310798645
2024/06/25 10:59:59.041,0.02409502863883972
2024/06/25 12:59:56.161,0.08656613528728485
2024/06/25 14:59:59.161,0.11090368777513504
2024/06/25 16:59:59.404,0.11223091185092926
2024/06/25 18:59:59.281,0.10769522190093994
2024/06/25 20:59:59.341,0.10593631118535995
2024/06/25 22:59:59.401,0.072625070810318
2024/06/26 00:59:59.461,0.07919478416442871
2024/06/26 02:59:59.521,0.07630138099193573
2024/06/26 04:59:59.581,0.06997931003570557
2024/06/26 06:59:59.641,0.0886593759059906
2024/06/26 08:59:59.701,0.060729123651981354
2024/06/26 10:59:59.761,0.08230505883693695
2024/06/26 12:59:59.821,0.0885055661201477
2024/06/26 14:59:59.881,0.04397440701723099
2024/06/26 16:59:59.941,0.09823804348707199
2024/06/26 18:59:59.021,0.09559707343578339
2024/06/26 20:59:59.081,0.04468996077775955
2024/06/26 22:59:59.141,0.07460637390613556
2024/06/27 00:59:59.201,0.031167514622211456
2024/06/27 02:59:59.261,0.06686212122440338
2024/06/27 04:59:59.321,0.34317997097969055
2024/06/27 05:10:20.249,0.07098996639251709
2024/06/27 08:59:59.441,0.009490186348557472
2024/06/27 10:59:59.532,0.10290879756212234
2024/06/27 12:59:59.721,0.052337467670440674
2024/06/27 14:20:03.227,0.1820533722639084
2024/06/27 16:59:59.681,0.008183527737855911
2024/06/27 18:59:59.741,0.06146856024861336
2024/06/27 20:59:59.801,0.028039172291755676
2024/06/27 22:59:59.861,0.04645772650837898
2024/06/28 00:59:59.921,0.08062772452831268
2024/06/28 02:58:43.737,0.04624902456998825
2024/06/28 04:59:59.238,0.048999205231666565
2024/06/28 06:59:59.912,0.11701615154743195
2024/06/28 08:59:59.306,0.10123548656702042
2024/06/28 10:59:59.241,0.12030017375946045
2024/06/28 12:59:59.301,0.11644022166728973
2024/06/28 14:59:59.361,0.18312712013721466
2024/06/28 16:59:59.421,0.09986046701669693
2024/06/28 18:59:59.481,0.12796564400196075
2024/06/28 20:59:59.541,0.15042416751384735
2024/06/28 22:59:59.993,0.06283707916736603
2024/06/29 00:25:51.461,0.1186823695898056
2024/06/29 01:09:47.661,0.08889317512512207
2024/06/29 06:43:37.685,-0.019621029496192932
2024/06/29 08:59:59.901,-0.034201040863990784
2024/06/29 10:59:59.961,-0.07777255028486252
2024/06/29 12:59:59.334,-0.0989515408873558
2024/06/29 14:59:59.983,-0.0539858341217041
2024/06/29 16:59:59.161,-0.08769172430038452
2024/06/29 17:09:44.515,-0.04105179011821747
2024/06/29 20:59:59.281,-0.019408434629440308
2024/06/29 22:59:59.886,-0.04928424954414368
2024/06/30 00:59:59.401,-0.06277038902044296
2024/06/30 02:59:59.461,-0.03596065938472748
2024/06/30 04:59:59.521,-0.03496319055557251
2024/06/30 06:34:20.393,-0.08773628622293472
2024/06/30 10:59:59.995,0.03861381113529205
2024/06/30 12:59:59.859,0.11018937081098557
2024/06/30 14:59:59.821,0.04958020895719528
2024/06/30 16:17:44.915,-0.048980966210365295
2024/06/30 18:59:59.181,-0.05815485864877701
2024/06/30 20:59:59.865,-0.0027898848056793213
2024/06/30 22:59:59.527,-0.02554464340209961
2024/07/01 00:59:59.229,-0.35379478335380554
2024/07/01 02:59:59.299,-0.2962212562561035
2024/07/01 04:59:59.261,-0.2678137719631195
2024/07/01 06:59:59.321,-0.2438112497329712
2024/07/01 08:59:59.479,-0.2576093077659607
2024/07/01 10:59:59.440,-0.23184624314308167
2024/07/01 12:59:59.500,-0.19831342995166779
2024/07/01 14:59:59.561,-0.14107206463813782
2024/07/01 16:59:59.621,-0.19171038269996643
2024/07/01 18:59:59.338,-0.2243289351463318
2024/07/01 20:59:59.741,-0.16782355308532715
2024/07/01 22:59:59.801,-0.33651676774024963
2024/07/02 00:13:27.155,-1.2267838716506958
2024/07/02 02:59:59.198,-0.04231695085763931
2024/07/02 04:59:59.981,0.0009656548500061035
2024/07/02 06:59:59.296,0.037299640476703644
2024/07/02 08:59:59.121,0.04500218480825424
2024/07/02 10:59:34.680,0.1296735405921936
2024/07/02 12:59:59.675,-0.13718608021736145
2024/07/02 14:45:34.156,-0.0773274227976799
2024/07/02 16:59:59.353,0.10511268675327301
2024/07/02 18:59:59.335,0.04121312499046326
2024/07/02 20:59:59.481,0.028688400983810425
2024/07/02 22:59:59.088,0.02937936782836914
2024/07/03 00:33:37.195,-0.03947955369949341
2024/07/03 01:59:53.359,-0.04354017972946167
2024/07/03 03:34:06.097,-0.04354017972946167
2024/07/03 06:59:59.781,-0.33602383732795715
2024/07/03 08:57:36.271,0.15744322538375854
2024/07/03 10:55:52.058,-0.08182857930660248
2024/07/03 12:59:59.846,-0.115261971950531
2024/07/03 14:34:20.149,0.1300467848777771
2024/07/03 16:59:59.100,-0.00713367760181427
2024/07/03 18:59:59.160,-0.3715650737285614
2024/07/03 20:59:59.122,0.051698267459869385
2024/07/03 22:59:59.085,0.05105610936880112
2024/07/04 00:35:42.277,0.06291733682155609
2024/07/04 02:50:04.247,0.08293227106332779
2024/07/04 04:59:59.461,0.07099302858114243
2024/07/04 05:42:51.372,0.07927875965833664
2024/07/04 08:26:45.770,0.07927875965833664
2024/07/04 10:12:37.738,0.07927875965833664
2024/07/04 12:55:39.314,0.07927875965833664
2024/07/04 15:47:09.020,0.07927875965833664
2024/07/04 18:11:58.288,0.07927875965833664
2024/07/04 19:57:05.470,0.07927875965833664
2024/07/04 22:16:22.421,0.07927875965833664
2024/07/05 00:05:55.966,0.07927875965833664
2024/07/05 02:42:27.306,0.07927875965833664
2024/07/05 05:43:24.236,0.07927875965833664
2024/07/05 08:28:48.794,0.07927875965833664
2024/07/05 09:28:54.312,0.07927875965833664
2024/07/05 11:56:38.216,0.07927875965833664
2024/08/01 15:06:32.712,0.07927875965833664
