Timestamp,SCOP:AMRF:RF01:AI_MEAS1
2024/01/26 15:27:10.721,-0.00038
2024/01/29 16:47:37.082,-0.003
2024/02/04 21:33:41.753,0.000015625
2024/02/06 03:46:47.214,0.000015625
2024/02/14 20:00:13.029,0.000015625
2024/02/19 11:59:58.175,-0.4309922
2024/02/19 13:59:56.366,-0.241
2024/02/19 15:59:56.426,-0.171
2024/02/19 16:35:44.712,-0.123
2024/02/19 19:59:58.434,-0.207
2024/02/19 21:59:59.670,-0.161
2024/02/19 23:59:59.601,-0.167
2024/02/20 00:56:59.006,-0.147
2024/02/20 07:23:39.891,-0.155
2024/02/20 09:59:58.296,-0.145
2024/02/20 11:59:55.384,-0.143
2024/02/20 13:53:56.740,-0.131
2024/02/20 15:31:01.547,-0.125
2024/02/20 17:59:56.180,-0.139
2024/02/20 19:59:55.766,-0.095
2024/02/20 21:59:59.412,-0.077
2024/02/20 23:59:55.447,-0.081
2024/02/21 00:45:06.323,-0.077
2024/02/21 09:59:59.922,-0.079
2024/02/21 11:56:24.536,-0.075
2024/02/21 13:59:52.248,-0.081
2024/02/21 15:59:59.721,-0.075
2024/02/21 17:59:59.909,-0.079
2024/02/21 19:59:53.408,-0.081
2024/02/21 21:59:59.612,-0.085
2024/02/21 23:59:56.971,-0.081
2024/02/22 01:59:50.947,-0.083
2024/02/22 03:59:57.160,-0.075
2024/02/22 05:59:50.587,-0.073
2024/02/22 06:41:58.242,-0.081
2024/02/22 09:56:06.254,-0.205
2024/02/22 11:59:59.629,-0.253
2024/02/22 13:59:59.746,-0.253
2024/02/22 15:59:59.638,-0.077
2024/02/22 17:59:57.611,-0.081
2024/02/22 19:59:59.923,-0.077
2024/02/22 21:59:59.906,-0.081
2024/02/22 23:35:01.454,-0.075
2024/02/23 01:23:25.226,-0.079
2024/02/23 09:59:59.195,-0.107
2024/02/23 11:59:55.391,-0.107
2024/02/23 13:54:24.673,-0.095
2024/02/23 19:57:42.093,-0.097
2024/02/23 21:59:51.919,-0.099
2024/02/23 23:59:59.859,-0.091
2024/02/24 01:59:59.631,-0.093
2024/02/24 03:59:58.984,-0.095
2024/02/24 05:36:19.988,-0.091
2024/02/24 07:59:52.303,-0.091
2024/02/24 09:59:58.668,-0.393
2024/02/24 11:59:59.693,-0.381
2024/02/24 13:59:59.303,-0.405
2024/02/24 15:59:59.675,-0.401
2024/02/24 17:59:51.900,-0.097
2024/02/24 19:59:59.669,-0.091
2024/02/24 21:59:58.748,-0.4309922
2024/02/24 23:54:59.200,-0.135
2024/02/25 01:42:36.711,-0.137
2024/02/25 09:59:32.313,-0.121
2024/02/25 11:59:58.473,-0.135
2024/02/25 13:59:52.858,-0.107
2024/02/25 15:57:03.911,-0.4309922
2024/02/25 17:59:58.156,-0.103
2024/02/25 19:59:59.336,-0.101
2024/02/25 21:59:59.708,-0.093
2024/02/25 23:59:56.642,-0.101
2024/02/26 01:47:47.272,-0.103
2024/02/26 03:59:55.670,-0.101
2024/02/26 05:59:59.357,-0.105
2024/02/26 07:59:59.582,-0.103
2024/02/26 09:59:30.127,-0.115
2024/02/26 11:55:38.505,-0.119
2024/02/26 13:59:59.597,-0.147
2024/02/26 15:59:42.280,-0.333
2024/02/26 17:41:32.510,-0.199
2024/02/26 19:59:59.433,-0.175
2024/02/26 21:59:56.611,-0.175
2024/02/26 23:59:50.446,-0.165
2024/02/27 01:59:59.506,-0.165
2024/02/27 03:40:20.034,-0.157
2024/03/01 11:59:54.076,-0.191
2024/03/01 13:59:55.409,-0.131
2024/03/01 15:59:59.205,-0.129
2024/03/01 17:59:59.590,-0.131
2024/03/01 19:59:59.617,-0.095
2024/03/01 21:59:59.131,-0.129
2024/03/01 22:59:59.994,-0.091
2024/03/02 06:45:06.805,0.000015625
2024/03/07 05:50:48.444,0.000015625
2024/03/08 03:13:59.904,0.000015625
2024/03/14 16:59:34.618,-0.107
2024/03/14 18:59:56.030,-0.111
2024/03/14 20:59:44.544,-0.157
2024/03/14 22:59:53.844,-0.119
2024/03/15 00:59:56.669,-0.097
2024/03/15 02:40:57.088,-0.099
2024/03/15 08:59:59.713,-0.105
2024/03/15 10:34:37.677,-0.099
2024/03/15 16:59:28.078,-0.093
2024/03/15 18:59:49.923,-0.099
2024/03/15 20:59:02.324,-0.091
2024/03/15 22:59:59.707,-0.313
2024/03/15 23:21:09.750,-0.317
2024/03/16 08:21:18.331,-0.321
2024/03/16 10:59:50.205,-0.093
2024/03/16 12:59:59.839,-0.117
2024/03/16 14:59:59.663,-0.117
2024/03/16 16:59:48.718,-0.119
2024/03/16 18:59:59.080,-0.095
2024/03/16 20:59:59.778,-0.085
2024/03/16 22:59:52.984,-0.095
2024/03/17 00:59:59.912,-0.113
2024/03/17 02:59:50.770,-0.113
2024/03/17 04:59:51.565,-0.117
2024/03/17 06:59:50.904,-0.089
2024/03/17 08:59:58.723,-0.091
2024/03/17 10:59:48.770,-0.093
2024/03/17 12:59:54.840,-0.095
2024/03/17 14:58:00.779,-0.099
2024/03/17 16:58:48.611,-0.095
2024/03/17 18:59:57.244,-0.101
2024/03/17 20:59:59.611,-0.097
2024/03/17 22:59:59.948,-0.097
2024/03/18 00:59:54.498,-0.101
2024/03/18 02:59:52.566,-0.113
2024/03/18 04:59:59.786,-0.099
2024/03/18 06:59:52.162,-0.097
2024/03/18 08:59:58.562,-0.113
2024/03/18 10:59:59.980,-0.087
2024/03/18 12:59:52.593,-0.091
2024/03/18 14:43:20.864,-0.271
2024/03/18 16:59:56.014,-0.169
2024/03/18 18:59:59.674,-0.091
2024/03/18 20:49:40.906,-0.089
2024/03/18 22:35:56.522,-0.089
2024/03/19 00:59:51.073,-0.083
2024/03/19 02:59:59.632,-0.089
2024/03/19 04:59:59.228,-0.113
2024/03/19 06:59:59.690,-0.121
2024/03/19 08:59:58.685,-0.123
2024/03/19 10:59:53.776,-0.097
2024/03/19 12:59:56.936,-0.133
2024/03/19 14:59:53.720,-0.131
2024/03/19 15:23:06.428,-0.131
2024/03/19 20:59:57.398,-0.129
2024/03/19 22:59:59.886,-0.105
2024/03/20 00:59:51.341,-0.091
2024/03/20 02:59:59.751,-0.129
2024/03/20 04:59:57.263,-0.089
2024/03/20 06:59:47.527,-0.125
2024/03/20 12:59:59.644,-0.091
2024/03/20 14:59:57.674,-0.093
2024/03/20 16:59:59.948,-0.099
2024/03/20 18:59:56.813,-0.093
2024/03/20 20:59:49.355,-0.095
2024/03/20 22:59:54.859,-0.095
2024/03/21 00:59:59.839,-0.097
2024/03/21 02:59:59.069,-0.101
2024/03/21 04:59:59.480,-0.097
2024/03/21 06:59:55.971,-0.085
2024/03/21 08:47:47.723,-0.093
2024/03/21 10:59:54.565,-0.105
2024/03/21 12:54:32.754,-0.097
2024/03/21 14:59:59.612,-0.099
2024/03/21 16:59:51.178,-0.099
2024/03/21 18:59:59.905,-0.097
2024/03/21 20:59:59.315,-0.099
2024/03/21 22:59:57.000,-0.095
2024/03/22 00:59:59.762,-0.099
2024/03/22 02:59:55.017,-0.123
2024/03/22 04:59:51.128,-0.117
2024/03/22 06:59:59.510,-0.087
2024/03/22 08:59:54.371,-0.095
2024/03/22 10:59:59.608,-0.083
2024/03/22 12:59:54.906,-0.095
2024/03/22 14:59:57.659,-0.097
2024/03/22 16:59:27.453,-0.099
2024/03/22 18:37:07.234,-0.103
2024/03/22 20:36:53.459,-0.105
2024/03/22 22:59:55.559,-0.107
2024/03/23 00:59:59.163,-0.099
2024/03/23 02:59:59.081,-0.107
2024/03/23 04:59:57.043,-0.105
2024/03/23 06:59:53.970,-0.107
2024/03/23 08:59:59.569,-0.105
2024/03/23 10:59:58.471,-0.107
2024/03/23 11:38:16.071,-0.103
2024/03/23 14:59:59.331,-0.307
2024/03/23 16:59:54.935,-0.105
2024/03/23 18:59:31.402,-0.093
2024/03/23 20:59:53.828,-0.089
2024/03/23 22:59:49.770,-0.093
2024/03/24 00:59:59.523,-0.109
2024/03/24 02:59:51.562,-0.109
2024/03/24 04:59:59.969,-0.091
2024/03/24 06:59:59.479,-0.073
2024/03/24 08:58:13.537,-0.273
2024/03/24 10:59:59.014,-0.097
2024/03/24 12:59:54.981,-0.097
2024/03/24 14:59:53.994,-0.093
2024/03/24 16:59:59.679,-0.093
2024/03/24 18:59:59.986,-0.095
2024/03/24 20:59:53.057,-0.097
2024/03/24 22:59:52.851,-0.093
2024/03/25 00:53:59.767,-0.095
2024/03/25 02:59:59.960,-0.097
2024/03/25 04:59:59.488,-0.093
2024/03/25 06:59:51.430,-0.103
2024/03/25 08:59:59.487,-0.095
2024/03/25 10:59:57.485,-0.193
2024/03/25 12:59:53.107,-0.219
2024/03/25 14:39:45.240,-0.4309922
2024/03/25 16:52:20.603,-0.097
2024/03/25 18:59:59.635,-0.097
2024/03/25 20:59:58.976,-0.099
2024/03/25 22:58:58.011,-0.159
2024/03/26 00:59:59.956,-0.197
2024/03/26 02:56:37.182,-0.205
2024/03/26 04:59:55.782,-0.135
2024/03/26 05:39:50.382,-0.141
2024/03/29 18:59:53.359,-0.101
2024/03/29 20:59:53.347,-0.109
2024/03/29 22:59:59.890,-0.099
2024/03/30 00:59:59.387,-0.107
2024/03/30 02:34:01.513,-0.103
2024/03/30 04:59:59.101,-0.097
2024/03/30 06:59:58.286,-0.105
2024/03/30 08:59:59.609,-0.107
2024/03/30 10:59:55.338,-0.103
2024/03/30 12:59:51.794,-0.101
2024/03/30 14:59:59.956,-0.099
2024/03/30 16:54:37.514,-0.107
2024/03/30 18:59:51.949,-0.085
2024/03/30 20:59:49.880,-0.133
2024/03/30 22:43:05.048,-0.127
2024/03/31 10:59:52.080,-0.221
2024/03/31 12:26:57.195,-0.097
2024/03/31 14:59:59.552,-0.083
2024/03/31 16:41:28.228,-0.103
2024/03/31 18:59:53.478,-0.107
2024/03/31 20:42:36.043,-0.111
2024/04/01 00:58:14.354,-0.111
2024/04/01 04:59:58.637,-0.119
2024/04/01 06:59:59.672,-0.101
2024/04/01 08:59:58.302,-0.105
2024/04/01 09:09:59.326,-0.091
2024/04/01 12:59:59.514,-0.085
2024/04/01 14:59:59.713,-0.085
2024/04/01 16:48:32.142,-0.083
2024/04/01 18:59:58.767,-0.095
2024/04/01 20:59:57.325,-0.095
2024/04/01 22:59:56.505,-0.093
2024/04/02 00:57:29.968,-0.097
2024/04/02 02:59:59.508,-0.091
2024/04/02 04:59:55.130,-0.091
2024/04/02 06:59:51.470,-0.097
2024/04/02 08:44:14.624,-0.071
2024/04/02 09:31:03.871,-0.091
2024/04/02 12:59:59.963,-0.085
2024/04/02 14:59:58.908,-0.119
2024/04/02 16:59:51.910,-0.173
2024/04/02 18:59:57.801,-0.089
2024/04/02 20:59:59.379,-0.085
2024/04/02 22:29:17.857,-0.089
2024/04/03 00:59:49.795,-0.091
2024/04/03 02:59:53.989,-0.087
2024/04/03 04:59:50.559,-0.085
2024/04/03 06:52:12.005,-0.085
2024/04/03 07:43:02.751,-0.149
2024/04/03 10:59:56.714,-0.089
2024/04/03 12:59:50.839,-0.083
2024/04/03 14:59:55.408,-0.085
2024/04/03 16:59:59.334,-0.087
2024/04/03 18:59:59.914,-0.089
2024/04/03 20:59:52.163,-0.087
2024/04/03 22:59:52.093,-0.087
2024/04/04 00:59:59.982,-0.091
2024/04/04 02:59:59.926,-0.091
2024/04/04 04:59:57.206,-0.089
2024/04/04 06:54:03.611,-0.089
2024/04/04 08:59:56.449,-0.093
2024/04/04 10:59:59.516,-0.089
2024/04/04 12:59:54.229,-0.087
2024/04/04 14:59:59.591,-0.089
2024/04/04 16:59:59.611,-0.093
2024/04/04 18:59:56.125,-0.089
2024/04/04 20:59:50.998,-0.093
2024/04/04 22:55:56.051,-0.089
2024/04/05 00:59:59.695,-0.097
2024/04/05 02:56:06.977,-0.093
2024/04/05 04:59:59.599,-0.091
2024/04/05 06:59:59.199,-0.095
2024/04/05 08:59:59.287,-0.089
2024/04/05 10:59:53.330,-0.091
2024/04/05 12:59:56.275,-0.087
2024/04/05 14:59:50.138,-0.083
2024/04/05 16:59:52.335,-0.089
2024/04/05 18:59:52.003,-0.091
2024/04/05 20:59:59.844,-0.087
2024/04/05 22:57:54.717,-0.085
2024/04/06 00:59:51.351,-0.091
2024/04/06 02:55:53.296,-0.093
2024/04/06 04:59:50.752,-0.087
2024/04/06 06:59:51.013,-0.087
2024/04/06 08:59:59.668,-0.089
2024/04/06 10:59:57.775,-0.087
2024/04/06 12:59:58.975,-0.091
2024/04/06 14:59:54.441,-0.089
2024/04/06 16:59:59.781,-0.089
2024/04/06 18:59:59.517,-0.089
2024/04/06 20:59:57.066,-0.087
2024/04/06 22:59:55.380,-0.087
2024/04/07 00:59:59.656,-0.093
2024/04/07 02:59:56.552,-0.087
2024/04/07 04:59:53.964,-0.091
2024/04/07 06:59:59.040,-0.091
2024/04/07 08:59:57.230,-0.089
2024/04/07 10:59:54.852,-0.091
2024/04/07 12:59:59.084,-0.089
2024/04/07 14:59:59.663,-0.089
2024/04/07 16:59:58.116,-0.083
2024/04/07 18:59:59.519,-0.091
2024/04/07 20:59:54.249,-0.089
2024/04/07 22:59:58.270,-0.089
2024/04/08 00:29:52.785,-0.087
2024/04/08 06:59:32.625,-0.089
2024/04/08 08:04:16.198,-0.087
2024/04/08 10:59:54.536,-0.095
2024/04/08 12:59:54.192,-0.083
2024/04/08 14:59:59.852,-0.087
2024/04/08 16:59:55.534,-0.087
2024/04/08 18:59:59.939,-0.085
2024/04/08 20:59:51.881,-0.085
2024/04/08 22:59:59.830,-0.091
2024/04/09 00:59:51.818,-0.091
2024/04/09 02:59:50.762,-0.085
2024/04/09 04:59:59.049,-0.089
2024/04/09 05:59:59.953,-0.087
2024/04/11 16:59:59.510,-0.351
2024/04/11 18:59:58.440,-0.095
2024/04/11 20:49:38.572,-0.085
2024/04/11 22:59:58.840,-0.087
2024/04/12 00:59:59.616,-0.081
2024/04/12 02:59:59.654,-0.077
2024/04/12 04:59:54.574,-0.079
2024/04/12 06:59:59.546,-0.077
2024/04/12 08:59:59.192,-0.085
2024/04/12 10:59:51.520,-0.085
2024/04/12 12:59:54.337,-0.085
2024/04/12 14:59:55.545,-0.083
2024/04/12 16:59:59.521,-0.079
2024/04/12 18:59:58.511,-0.085
2024/04/12 20:59:58.817,-0.083
2024/04/12 22:59:57.231,-0.085
2024/04/13 00:59:51.978,-0.087
2024/04/13 02:48:55.883,-0.081
2024/04/13 04:58:41.023,-0.083
2024/04/13 06:59:56.363,-0.089
2024/04/13 08:59:58.779,-0.081
2024/04/13 10:59:49.047,-0.085
2024/04/13 12:59:50.231,-0.087
2024/04/13 14:59:59.681,-0.087
2024/04/13 16:59:57.457,-0.085
2024/04/13 18:59:59.566,-0.081
2024/04/13 20:59:59.115,-0.081
2024/04/13 22:59:51.051,-0.081
2024/04/14 00:55:02.085,-0.087
2024/04/14 02:59:50.554,-0.099
2024/04/14 04:59:58.588,-0.089
2024/04/14 06:59:54.070,-0.085
2024/04/14 08:59:59.985,-0.083
2024/04/14 10:59:59.734,-0.085
2024/04/14 12:59:59.570,-0.081
2024/04/14 14:59:53.596,-0.085
2024/04/14 16:59:55.925,-0.083
2024/04/14 18:59:56.737,-0.081
2024/04/14 20:59:58.212,-0.085
2024/04/14 22:59:59.622,-0.083
2024/04/15 00:59:54.310,-0.087
2024/04/15 02:59:59.690,-0.087
2024/04/15 04:59:55.966,-0.083
2024/04/15 06:59:55.168,-0.085
2024/04/15 08:59:52.146,-0.047
2024/04/15 10:59:54.323,-0.047
2024/04/15 12:59:59.397,-0.089
2024/04/15 14:59:55.299,-0.095
2024/04/15 16:59:56.193,-0.091
2024/04/15 18:59:59.593,-0.091
2024/04/15 20:59:54.569,-0.095
2024/04/15 22:59:59.843,-0.091
2024/04/16 00:59:54.995,-0.093
2024/04/16 02:59:58.500,-0.091
2024/04/16 04:59:59.657,-0.087
2024/04/16 06:59:52.504,-0.095
2024/04/16 08:59:50.027,-0.089
2024/04/16 10:59:56.702,-0.091
2024/04/16 12:59:59.527,-0.085
2024/04/16 14:59:59.470,-0.085
2024/04/16 16:59:56.331,-0.081
2024/04/16 18:59:53.984,-0.083
2024/04/16 20:59:59.867,-0.081
2024/04/16 22:59:59.233,-0.085
2024/04/17 00:59:55.345,-0.081
2024/04/17 02:59:53.854,-0.087
2024/04/17 04:59:56.028,-0.079
2024/04/17 06:59:59.351,-0.085
2024/04/17 08:59:59.717,-0.407
2024/04/17 10:59:56.523,-0.375
2024/04/17 12:59:57.750,-0.093
2024/04/17 14:59:58.739,-0.093
2024/04/17 16:19:39.361,-0.087
2024/04/17 18:59:59.494,-0.113
2024/04/17 20:59:56.147,-0.083
2024/04/17 22:59:59.862,-0.087
2024/04/18 00:59:57.992,-0.091
2024/04/18 02:59:59.785,-0.093
2024/04/18 04:58:47.512,-0.095
2024/04/18 06:59:51.417,-0.093
2024/04/18 08:59:59.811,-0.103
2024/04/18 10:59:58.865,-0.105
2024/04/18 12:59:58.876,-0.093
2024/04/18 14:59:59.492,-0.097
2024/04/18 16:59:50.867,-0.097
2024/04/18 18:59:54.953,-0.087
2024/04/18 19:42:15.718,-0.095
2024/04/18 22:59:30.396,-0.087
2024/04/19 00:59:46.470,-0.095
2024/04/19 02:59:59.867,-0.101
2024/04/19 04:59:54.517,-0.097
2024/04/19 06:59:53.959,-0.085
2024/04/19 08:59:58.254,-0.091
2024/04/19 10:59:53.426,-0.091
2024/04/19 12:59:53.188,-0.093
2024/04/19 14:59:59.789,-0.095
2024/04/19 16:59:59.786,-0.091
2024/04/19 18:59:57.232,-0.095
2024/04/19 20:59:59.510,-0.087
2024/04/19 22:59:52.826,-0.093
2024/04/20 00:59:51.571,-0.095
2024/04/20 02:59:59.801,-0.093
2024/04/20 04:59:55.524,-0.085
2024/04/20 06:59:54.558,-0.095
2024/04/20 08:59:50.091,-0.085
2024/04/20 10:59:53.895,-0.093
2024/04/20 12:59:57.867,-0.091
2024/04/20 14:59:51.766,-0.093
2024/04/20 16:16:08.310,-0.095
2024/04/20 18:59:52.175,-0.095
2024/04/20 20:59:53.023,-0.099
2024/04/20 22:59:53.607,-0.091
2024/04/21 00:59:58.188,-0.101
2024/04/21 02:59:52.660,-0.097
2024/04/21 04:59:58.890,-0.097
2024/04/21 06:59:59.937,-0.097
2024/04/21 08:59:53.892,-0.097
2024/04/21 10:53:44.723,-0.097
2024/04/21 12:59:58.103,-0.093
2024/04/21 14:59:59.949,-0.093
2024/04/21 16:59:59.306,-0.091
2024/04/21 18:53:06.217,-0.087
2024/04/21 20:59:50.020,-0.093
2024/04/21 22:59:59.403,-0.103
2024/04/22 00:59:59.888,-0.099
2024/04/22 02:59:59.800,-0.099
2024/04/22 04:59:59.764,-0.101
2024/04/22 06:59:58.067,-0.093
2024/04/22 08:59:59.208,-0.111
2024/04/22 10:59:52.182,-0.091
2024/04/22 12:59:59.502,-0.099
2024/04/22 14:41:26.722,-0.099
2024/04/22 16:59:59.536,-0.089
2024/04/22 18:59:51.079,-0.107
2024/04/22 20:59:59.261,-0.113
2024/04/22 22:59:52.766,-0.103
2024/04/23 00:59:58.944,-0.107
2024/04/23 02:39:06.078,-0.109
2024/04/25 16:12:30.473,-0.051
2024/04/26 10:58:36.678,-0.037
2024/04/26 16:59:59.702,-0.165
2024/04/26 17:09:23.932,-0.167
2024/04/26 23:24:00.004,-0.167
2024/05/01 10:58:17.326,-0.043
2024/05/01 12:43:51.856,-0.019
2024/05/04 12:59:59.199,-0.4309922
2024/05/04 14:47:53.756,-0.083
2024/05/04 16:59:59.735,-0.073
2024/05/04 18:59:58.425,-0.089
2024/05/04 20:54:47.042,-0.083
2024/05/04 22:59:59.229,-0.087
2024/05/05 00:59:58.379,-0.089
2024/05/05 02:59:59.676,-0.091
2024/05/05 04:56:25.248,-0.093
2024/05/05 08:59:51.039,-0.091
2024/05/05 10:59:59.806,-0.097
2024/05/05 12:59:57.280,-0.099
2024/05/05 14:59:59.920,-0.095
2024/05/05 16:59:59.959,-0.093
2024/05/05 18:59:53.256,-0.099
2024/05/05 20:59:52.513,-0.079
2024/05/05 22:59:59.143,-0.097
2024/05/06 00:59:59.727,-0.087
2024/05/06 02:59:56.296,-0.091
2024/05/06 04:59:56.777,-0.093
2024/05/06 06:59:54.498,-0.093
2024/05/06 08:59:53.751,-0.105
2024/05/06 10:59:58.839,-0.103
2024/05/06 12:59:59.904,-0.121
2024/05/06 14:59:58.367,-0.127
2024/05/06 16:59:55.257,-0.121
2024/05/06 18:59:59.996,-0.117
2024/05/06 20:59:54.700,-0.127
2024/05/06 22:59:55.992,-0.4309922
2024/05/07 00:59:52.758,-0.113
2024/05/07 02:59:49.840,-0.125
2024/05/07 04:59:17.327,-0.117
2024/05/09 18:59:59.295,-0.089
2024/05/09 20:58:49.441,-0.083
2024/05/09 22:59:54.198,-0.265
2024/05/10 00:59:53.842,-0.087
2024/05/10 02:59:59.991,-0.095
2024/05/10 04:45:27.080,-0.083
2024/05/10 06:22:00.153,-0.085
2024/05/10 08:59:59.127,-0.093
2024/05/10 10:59:59.771,-0.091
2024/05/10 12:59:55.831,-0.097
2024/05/10 14:57:41.518,-0.091
2024/05/10 16:59:57.924,-0.093
2024/05/10 18:59:59.896,-0.097
2024/05/10 20:59:58.978,-0.091
2024/05/10 22:59:58.866,-0.095
2024/05/11 00:59:53.780,-0.087
2024/05/11 02:59:55.863,-0.087
2024/05/11 04:59:56.588,-0.093
2024/05/11 06:59:59.917,-0.089
2024/05/11 08:59:59.832,-0.087
2024/05/11 10:59:09.937,-0.085
2024/05/11 12:59:58.630,-0.087
2024/05/11 14:59:55.012,-0.089
2024/05/11 16:59:54.679,-0.085
2024/05/11 18:59:56.699,-0.103
2024/05/11 20:53:22.930,-0.111
2024/05/11 22:56:51.718,-0.121
2024/05/12 00:59:59.771,-0.117
2024/05/12 02:59:59.293,-0.109
2024/05/12 04:59:56.555,-0.103
2024/05/12 06:36:50.310,-0.113
2024/05/12 08:59:59.752,-0.115
2024/05/12 10:59:54.715,-0.105
2024/05/12 12:59:59.969,-0.109
2024/05/12 14:57:57.336,-0.109
2024/05/12 16:59:59.989,-0.119
2024/05/12 18:59:30.823,-0.097
2024/05/12 20:59:55.554,-0.105
2024/05/12 22:59:58.299,-0.107
2024/05/13 00:59:54.726,-0.117
2024/05/13 02:59:54.366,-0.113
2024/05/13 04:59:59.879,-0.111
2024/05/13 06:54:49.504,-0.113
2024/05/13 08:59:59.987,-0.105
2024/05/13 10:59:59.584,-0.047
2024/05/13 12:59:59.807,-0.115
2024/05/13 14:59:59.745,-0.111
2024/05/13 16:59:57.348,-0.105
2024/05/13 18:59:59.600,-0.123
2024/05/13 20:59:58.151,-0.115
2024/05/13 22:59:50.056,-0.115
2024/05/14 00:59:53.033,-0.117
2024/05/14 02:59:53.074,-0.105
2024/05/14 04:59:59.669,-0.115
2024/05/14 06:59:59.987,-0.119
2024/05/14 08:59:58.398,-0.133
2024/05/14 10:59:55.870,-0.113
2024/05/14 12:59:59.620,-0.115
2024/05/14 14:59:59.586,-0.113
2024/05/14 16:59:59.890,-0.111
2024/05/14 18:53:39.088,-0.117
2024/05/14 20:59:51.198,-0.113
2024/05/14 22:59:59.971,-0.109
2024/05/15 00:59:57.670,-0.131
2024/05/15 02:59:58.904,-0.117
2024/05/15 04:59:58.348,-0.119
2024/05/15 06:58:20.030,-0.121
2024/05/15 08:59:58.435,-0.121
2024/05/15 10:59:59.830,-0.117
2024/05/15 12:59:59.953,-0.237
2024/05/15 14:59:59.848,-0.115
2024/05/15 16:59:58.425,-0.107
2024/05/15 17:48:44.854,-0.223
2024/05/15 20:39:09.907,-0.123
2024/05/15 22:59:54.960,-0.117
2024/05/16 00:59:51.690,-0.119
2024/05/16 02:13:07.485,-0.121
2024/05/16 04:59:59.534,-0.113
2024/05/16 06:59:52.265,-0.117
2024/05/16 08:59:57.034,-0.123
2024/05/16 10:59:50.960,-0.305
2024/05/16 12:59:55.971,-0.115
2024/05/16 14:59:55.306,-0.123
2024/05/16 16:59:51.925,-0.121
2024/05/16 18:59:34.673,-0.113
2024/05/16 20:59:59.570,-0.117
2024/05/16 22:59:56.537,-0.111
2024/05/17 00:59:01.660,-0.115
2024/05/17 02:59:51.314,-0.131
2024/05/17 04:59:50.580,-0.113
2024/05/17 06:59:56.382,-0.119
2024/05/17 08:59:50.141,-0.015
2024/05/17 10:59:57.982,-0.105
2024/05/17 12:59:59.755,-0.095
2024/05/17 14:59:56.602,-0.093
2024/05/17 16:59:56.646,-0.089
2024/05/17 18:59:58.504,-0.115
2024/05/17 20:59:57.393,-0.121
2024/05/17 22:59:51.784,-0.111
2024/05/18 00:59:59.841,-0.117
2024/05/18 02:59:46.742,-0.119
2024/05/18 04:59:59.893,-0.103
2024/05/18 06:59:56.098,-0.121
2024/05/18 08:59:59.543,-0.111
2024/05/18 10:59:59.758,-0.133
2024/05/18 12:47:45.937,-0.127
2024/05/18 14:59:54.614,-0.121
2024/05/18 16:59:49.910,-0.127
2024/05/18 18:59:59.556,-0.115
2024/05/18 20:59:54.583,-0.127
2024/05/18 22:59:53.729,-0.127
2024/05/19 00:59:59.603,-0.131
2024/05/19 02:59:56.531,-0.123
2024/05/19 04:59:57.984,-0.125
2024/05/19 06:59:52.412,-0.135
2024/05/19 08:59:51.110,-0.125
2024/05/19 10:58:31.834,-0.119
2024/05/19 12:59:55.983,-0.121
2024/05/19 14:59:59.806,-0.115
2024/05/19 16:59:55.574,-0.129
2024/05/19 18:59:30.971,-0.131
2024/05/19 20:59:59.972,-0.117
2024/05/19 22:59:58.933,-0.119
2024/05/20 00:59:52.114,-0.115
2024/05/20 02:59:51.749,-0.125
2024/05/20 04:59:59.280,-0.109
2024/05/20 06:03:38.022,-0.121
2024/05/20 08:59:58.710,-0.121
2024/05/20 10:59:59.781,-0.117
2024/05/20 12:59:56.526,-0.133
2024/05/20 14:59:53.371,-0.115
2024/05/20 16:37:10.449,-0.119
2024/05/20 18:59:59.684,-0.125
2024/05/20 20:59:59.616,-0.123
2024/05/20 22:59:59.315,-0.129
2024/05/21 00:59:52.057,-0.117
2024/05/21 02:30:39.775,-0.121
2024/05/21 03:04:07.483,-0.125
2024/05/23 20:59:27.248,-0.207
2024/05/23 22:59:57.671,-0.091
2024/05/24 00:59:17.406,-0.095
2024/05/24 02:55:44.457,-0.089
2024/05/24 04:46:10.605,-0.093
2024/05/24 06:48:54.985,-0.087
2024/05/24 08:59:48.923,-0.4309922
2024/05/24 10:59:57.170,-0.087
2024/05/24 12:56:10.811,-0.087
2024/05/24 14:59:57.925,-0.095
2024/05/24 16:59:58.163,-0.083
2024/05/24 18:59:57.823,-0.093
2024/05/24 20:59:58.044,-0.079
2024/05/24 22:59:58.201,-0.089
2024/05/25 00:59:57.653,-0.089
2024/05/25 02:59:57.396,-0.089
2024/05/25 04:59:57.811,-0.087
2024/05/25 06:59:57.870,-0.091
2024/05/25 08:59:58.104,-0.091
2024/05/25 10:59:57.994,-0.091
2024/05/25 12:59:57.091,-0.085
2024/05/25 14:59:57.959,-0.167
2024/05/25 16:59:57.523,-0.093
2024/05/25 18:59:57.901,-0.091
2024/05/25 20:59:57.163,-0.183
2024/05/25 22:59:57.750,-0.087
2024/05/26 00:59:58.165,-0.101
2024/05/26 02:59:58.139,-0.087
2024/05/26 04:59:58.189,-0.089
2024/05/26 06:47:02.272,-0.085
2024/05/26 08:59:57.744,-0.095
2024/05/26 10:59:57.567,-0.089
2024/05/26 12:59:57.831,-0.085
2024/05/26 14:59:57.905,-0.087
2024/05/26 16:59:57.707,-0.089
2024/05/26 18:59:57.753,-0.091
2024/05/26 20:59:58.155,-0.077
2024/05/26 22:59:58.022,-0.093
2024/05/27 00:59:58.086,-0.093
2024/05/27 02:59:58.141,-0.091
2024/05/27 04:59:57.771,-0.097
2024/05/27 06:40:31.048,-0.113
2024/05/27 08:59:57.744,-0.085
2024/05/27 10:59:57.998,-0.087
2024/05/27 12:59:58.006,-0.099
2024/05/27 14:59:57.646,-0.089
2024/05/27 16:59:57.943,-0.093
2024/05/27 18:59:57.110,-0.091
2024/05/27 20:59:57.785,-0.089
2024/05/27 22:59:58.102,-0.091
2024/05/28 00:59:57.782,-0.083
2024/05/28 02:59:56.998,-0.087
2024/05/28 04:59:57.730,-0.093
2024/05/28 06:59:58.138,-0.093
2024/05/28 08:59:46.064,-0.089
2024/05/28 10:59:33.960,-0.095
2024/05/28 12:59:57.383,-0.091
2024/05/28 14:59:57.670,-0.171
2024/05/28 16:59:56.710,-0.177
2024/05/28 18:59:46.602,-0.087
2024/05/28 20:59:56.812,-0.097
2024/05/28 22:59:57.614,-0.095
2024/05/29 00:59:58.018,-0.093
2024/05/29 02:59:57.765,-0.091
2024/05/29 04:27:42.620,-0.097
2024/05/29 08:59:58.156,-0.089
2024/05/29 10:41:45.497,-0.035
2024/05/29 12:59:57.574,-0.091
2024/05/29 14:59:57.790,-0.089
2024/05/29 16:59:57.965,-0.081
2024/05/29 18:59:43.261,-0.089
2024/05/29 20:53:52.686,-0.091
2024/05/29 22:59:57.950,-0.091
2024/05/30 00:34:18.620,-0.097
2024/05/30 02:59:57.912,-0.085
2024/05/30 04:03:26.915,-0.083
2024/05/30 20:59:56.573,-0.087
2024/05/30 22:59:57.890,-0.159
2024/05/31 00:59:58.064,-0.161
2024/05/31 02:59:16.969,-0.155
2024/05/31 04:59:57.469,-0.087
2024/05/31 06:41:08.435,-0.091
2024/05/31 08:54:00.617,-0.093
2024/05/31 10:59:57.884,-0.093
2024/05/31 12:59:58.044,-0.089
2024/05/31 14:59:08.576,-0.117
2024/05/31 16:59:58.082,-0.115
2024/05/31 18:59:57.735,-0.115
2024/05/31 20:59:57.891,-0.123
2024/05/31 22:59:57.917,-0.125
2024/06/01 00:59:58.008,-0.119
2024/06/01 02:59:57.971,-0.117
2024/06/01 04:59:57.658,-0.117
2024/06/01 06:59:57.850,-0.123
2024/06/01 08:59:57.850,-0.141
2024/06/01 10:59:58.126,-0.125
2024/06/01 12:59:57.214,-0.139
2024/06/01 14:59:57.808,-0.135
2024/06/01 16:59:57.607,-0.143
2024/06/01 18:59:58.051,-0.133
2024/06/01 20:59:57.672,-0.121
2024/06/01 22:59:16.891,-0.117
2024/06/02 00:59:57.978,-0.123
2024/06/02 02:59:57.658,-0.125
2024/06/02 04:59:57.663,-0.119
2024/06/02 06:59:57.706,-0.115
2024/06/02 08:59:57.915,-0.123
2024/06/02 10:59:57.668,-0.121
2024/06/02 12:59:57.976,-0.115
2024/06/02 14:59:57.830,-0.119
2024/06/02 16:59:57.521,-0.117
2024/06/02 18:59:57.669,-0.151
2024/06/02 20:59:58.188,-0.161
2024/06/02 22:59:57.776,-0.157
2024/06/03 00:59:57.768,-0.155
2024/06/03 02:59:57.997,-0.163
2024/06/03 04:59:57.839,-0.157
2024/06/03 06:59:57.983,-0.157
2024/06/03 08:59:57.990,-0.047
2024/06/03 10:59:25.528,-0.149
2024/06/03 12:59:57.810,-0.131
2024/06/03 14:59:57.981,-0.139
2024/06/03 16:59:58.219,-0.129
2024/06/03 18:59:57.915,-0.069
2024/06/03 20:58:56.439,-0.035
2024/06/03 22:59:57.625,-0.051
2024/06/04 00:46:51.469,-0.097
2024/06/04 01:36:51.225,-0.097
2024/06/04 13:49:57.673,-0.097
2024/06/06 22:59:57.131,-0.105
2024/06/07 00:59:57.471,-0.107
2024/06/07 02:59:57.624,-0.119
2024/06/07 04:58:54.378,-0.117
2024/06/07 06:59:57.562,-0.113
2024/06/07 08:59:57.899,-0.089
2024/06/07 10:59:58.238,-0.107
2024/06/07 12:59:58.026,-0.103
2024/06/07 14:59:58.043,-0.097
2024/06/07 15:35:56.073,-0.113
2024/06/07 18:58:40.123,-0.149
2024/06/07 20:59:57.620,-0.125
2024/06/07 22:59:57.818,-0.111
2024/06/08 00:59:57.957,-0.105
2024/06/08 02:59:57.869,-0.111
2024/06/08 04:59:57.886,-0.105
2024/06/08 06:59:57.757,-0.105
2024/06/08 08:12:56.063,-0.121
2024/06/08 12:53:05.046,-0.041
2024/06/08 14:52:01.126,-0.165
2024/06/08 16:50:54.583,-0.267
2024/06/08 18:59:57.454,-0.167
2024/06/08 20:59:58.106,-0.107
2024/06/08 22:17:00.561,-0.093
2024/06/08 23:47:18.904,-0.107
2024/06/09 02:59:19.471,-0.109
2024/06/09 04:59:58.081,-0.119
2024/06/09 06:59:57.681,-0.117
2024/06/09 08:59:57.192,-0.115
2024/06/09 10:59:58.055,-0.111
2024/06/09 12:59:58.026,-0.117
2024/06/09 14:59:49.981,-0.113
2024/06/09 16:08:33.024,-0.119
2024/06/09 18:59:57.532,-0.107
2024/06/09 20:56:03.822,-0.107
2024/06/09 22:59:57.764,-0.117
2024/06/10 00:59:57.964,-0.113
2024/06/10 02:59:58.018,-0.123
2024/06/10 04:59:57.914,-0.119
2024/06/10 06:53:04.512,-0.115
2024/06/10 08:39:22.020,-0.115
2024/06/10 10:59:58.396,-0.113
2024/06/10 12:59:58.127,-0.117
2024/06/10 14:59:58.018,-0.103
2024/06/10 16:59:57.492,-0.115
2024/06/10 18:59:57.757,-0.113
2024/06/10 20:59:58.168,-0.115
2024/06/10 22:59:57.719,-0.107
2024/06/11 00:59:58.239,-0.117
2024/06/11 02:59:57.779,-0.111
2024/06/11 04:59:58.055,-0.105
2024/06/11 06:59:58.302,-0.119
2024/06/11 08:59:57.993,-0.119
2024/06/11 10:59:57.615,-0.097
2024/06/11 12:28:48.704,-0.135
2024/06/11 14:59:57.989,-0.101
2024/06/11 16:59:58.118,-0.121
2024/06/11 18:59:57.807,-0.129
2024/06/11 20:59:58.060,-0.121
2024/06/11 22:59:57.727,-0.121
2024/06/12 00:59:57.781,-0.125
2024/06/12 02:59:57.919,-0.109
2024/06/12 04:59:57.875,-0.125
2024/06/12 06:59:57.878,-0.123
2024/06/12 08:59:57.568,-0.129
2024/06/12 10:59:57.883,-0.163
2024/06/12 12:59:58.115,-0.113
2024/06/12 14:59:57.973,-0.119
2024/06/12 16:59:55.697,-0.119
2024/06/12 18:59:57.765,-0.117
2024/06/12 20:59:57.860,-0.125
2024/06/12 22:59:57.749,-0.117
2024/06/12 23:21:26.236,-0.115
2024/06/13 02:59:58.026,-0.147
2024/06/13 04:59:57.384,-0.107
2024/06/13 06:59:58.174,-0.099
2024/06/13 08:59:57.660,-0.109
2024/06/13 10:59:57.341,-0.139
2024/06/13 12:59:57.681,-0.119
2024/06/13 14:59:57.674,-0.149
2024/06/13 16:59:57.815,-0.141
2024/06/13 18:59:57.705,-0.149
2024/06/13 20:56:55.944,-0.109
2024/06/13 22:59:57.904,-0.099
2024/06/14 00:59:58.029,-0.119
2024/06/14 02:47:02.036,-0.119
2024/06/14 04:59:57.908,-0.111
2024/06/14 06:59:58.232,-0.125
2024/06/14 08:59:58.058,-0.125
2024/06/14 10:59:58.338,-0.137
2024/06/14 12:59:58.103,-0.137
2024/06/14 14:59:58.144,-0.101
2024/06/14 16:59:59.648,-0.037
2024/06/14 18:59:58.053,-0.057
2024/06/14 20:59:58.172,-0.061
2024/06/14 22:59:57.715,-0.049
2024/06/15 00:59:57.589,-0.065
2024/06/15 02:59:57.825,-0.127
2024/06/15 04:59:57.175,-0.059
2024/06/15 06:59:57.766,-0.059
2024/06/15 08:59:56.771,-0.111
2024/06/15 10:59:58.182,-0.103
2024/06/15 12:59:58.212,-0.107
2024/06/15 14:59:58.153,-0.293
2024/06/15 16:59:57.789,-0.127
2024/06/15 18:59:57.625,-0.133
2024/06/15 20:59:07.779,-0.119
2024/06/15 22:59:58.218,-0.119
2024/06/16 00:20:24.345,-0.117
2024/06/16 02:59:57.868,-0.133
2024/06/16 04:59:56.005,-0.117
2024/06/16 06:59:58.130,-0.117
2024/06/16 08:59:54.358,-0.133
2024/06/16 10:59:58.046,-0.131
2024/06/16 12:07:08.664,-0.087
2024/06/16 16:59:57.982,-0.189
2024/06/16 18:57:44.126,-0.117
2024/06/16 20:59:58.243,-0.185
2024/06/16 22:59:57.564,-0.111
2024/06/17 00:59:57.694,-0.135
2024/06/17 02:59:58.136,-0.133
2024/06/17 04:59:58.407,-0.139
2024/06/17 06:59:58.017,-0.135
2024/06/17 08:55:32.739,-0.121
2024/06/17 10:59:57.888,-0.121
2024/06/17 12:59:57.328,-0.129
2024/06/17 14:16:31.404,-0.233
2024/06/17 15:12:32.292,-0.225
2024/06/17 18:59:58.037,-0.083
2024/06/17 19:57:52.910,-0.117
2024/06/17 22:59:16.722,-0.149
2024/06/18 00:59:58.148,-0.109
2024/06/18 02:59:57.611,-0.129
2024/06/18 04:59:58.176,-0.131
2024/06/18 06:00:14.485,-0.135
2024/06/18 22:55:12.801,-0.115
2024/06/19 00:02:52.747,-0.321
2024/06/19 04:59:57.797,-0.111
2024/06/19 06:59:57.999,-0.137
2024/06/19 08:59:57.981,-0.143
2024/06/19 10:59:57.936,-0.139
2024/06/19 12:59:57.593,-0.139
2024/06/19 14:59:56.795,-0.141
2024/06/19 16:59:58.123,-0.145
2024/06/19 18:59:58.069,-0.137
2024/06/19 20:59:58.095,-0.147
2024/06/19 22:59:57.915,-0.141
2024/06/20 00:59:57.963,-0.137
2024/06/20 02:59:16.534,-0.141
2024/06/20 04:59:57.918,-0.143
2024/06/20 06:59:58.342,-0.139
2024/06/20 08:59:13.464,-0.137
2024/06/20 09:42:29.249,-0.035
2024/06/20 14:59:30.216,-0.137
2024/06/20 16:53:09.089,-0.117
2024/06/20 18:59:57.889,-0.175
2024/06/20 20:59:58.331,-0.173
2024/06/20 22:59:58.168,-0.179
2024/06/21 00:59:57.629,-0.173
2024/06/21 02:59:58.295,-0.177
2024/06/21 04:59:58.086,-0.181
2024/06/21 06:54:59.728,-0.177
2024/06/21 08:56:34.106,-0.245
2024/06/21 10:59:58.056,-0.177
2024/06/21 12:59:58.046,-0.237
2024/06/21 14:55:55.218,-0.219
2024/06/21 16:59:56.981,-0.183
2024/06/21 18:59:58.273,-0.187
2024/06/21 20:59:58.010,-0.197
2024/06/21 22:59:58.167,-0.185
2024/06/22 00:59:58.248,-0.195
2024/06/22 02:59:58.181,-0.199
2024/06/22 04:59:57.529,-0.183
2024/06/22 06:59:57.765,-0.191
2024/06/22 08:59:57.929,-0.193
2024/06/22 10:59:57.807,-0.195
2024/06/22 12:59:57.556,-0.189
2024/06/22 14:45:30.962,-0.191
2024/06/22 16:59:57.944,-0.179
2024/06/22 18:59:58.223,-0.183
2024/06/22 20:59:57.827,-0.187
2024/06/22 22:59:57.441,-0.177
2024/06/23 00:59:57.939,-0.179
2024/06/23 02:59:58.165,-0.183
2024/06/23 04:59:58.341,-0.177
2024/06/23 06:59:58.089,-0.175
2024/06/23 08:59:33.438,-0.165
2024/06/23 10:59:57.997,-0.187
2024/06/23 12:59:57.711,-0.179
2024/06/23 14:59:57.746,-0.185
2024/06/23 16:59:57.279,-0.177
2024/06/23 18:59:57.427,-0.179
2024/06/23 20:59:57.970,-0.187
2024/06/23 22:59:57.386,-0.183
2024/06/24 00:59:58.068,-0.177
2024/06/24 02:59:58.259,-0.181
2024/06/24 04:59:57.920,-0.181
2024/06/24 06:59:58.010,-0.181
2024/06/24 08:59:41.583,-0.177
2024/06/24 10:59:58.097,-0.175
2024/06/24 12:59:57.631,-0.163
2024/06/24 14:59:58.225,-0.177
2024/06/24 16:59:58.230,-0.163
2024/06/24 18:59:58.186,-0.169
2024/06/24 20:59:58.167,-0.165
2024/06/24 22:59:57.468,-0.159
2024/06/25 00:59:57.841,-0.165
2024/06/25 02:59:58.158,-0.165
2024/06/25 04:59:57.740,-0.167
2024/06/25 06:59:58.100,-0.169
2024/06/25 08:59:57.984,-0.165
2024/06/25 10:59:57.954,-0.173
2024/06/25 12:59:57.897,-0.175
2024/06/25 14:59:58.127,-0.179
2024/06/25 16:59:57.942,-0.179
2024/06/25 18:59:58.259,-0.175
2024/06/25 20:59:58.147,-0.167
2024/06/25 22:59:57.948,-0.169
2024/06/26 00:59:57.895,-0.167
2024/06/26 02:59:58.100,-0.165
2024/06/26 04:59:57.824,-0.177
2024/06/26 06:59:58.020,-0.161
2024/06/26 08:59:58.118,-0.161
2024/06/26 10:59:58.216,-0.161
2024/06/26 12:59:58.024,-0.185
2024/06/26 14:59:58.131,-0.187
2024/06/26 16:44:17.932,-0.165
2024/06/30 16:17:45.312,-0.169
2024/06/30 18:59:56.905,-0.145
2024/06/30 20:59:56.285,-0.137
2024/06/30 22:59:56.534,-0.143
2024/07/01 00:59:55.336,-0.133
2024/07/01 02:59:56.333,-0.121
2024/07/01 04:59:56.224,-0.117
2024/07/01 06:59:56.611,-0.125
2024/07/01 08:59:56.596,-0.125
2024/07/01 10:59:56.856,-0.121
2024/07/01 12:59:56.819,-0.117
2024/07/01 14:59:56.797,-0.115
2024/07/01 16:59:56.523,-0.111
2024/07/01 18:59:56.645,-0.113
2024/07/01 20:59:56.317,-0.119
2024/07/01 22:59:56.711,-0.119
2024/07/02 00:13:26.850,-0.125
2024/07/02 02:59:56.617,-0.113
2024/07/02 04:59:56.517,-0.121
2024/07/02 06:59:55.949,-0.121
2024/07/02 08:59:56.573,-0.123
2024/07/02 10:59:33.744,-0.119
2024/07/02 12:59:58.058,-0.121
2024/07/02 14:41:11.881,-0.115
2024/07/02 16:59:59.192,-0.111
2024/07/02 17:34:01.805,-0.115
2024/07/03 10:23:52.026,0
2024/07/29 15:17:26.404,0
