Timestamp,TORO:GUNB:360:CHRG
2024/01/29 13:59:59.136,0.022683853283524513
2024/01/29 15:59:59.136,0.03314622864127159
2024/01/29 17:59:59.139,0.04177582636475563
2024/01/29 19:59:59.136,0.032244112342596054
2024/01/29 21:59:59.136,0.011351016350090504
2024/01/29 23:59:59.136,0.030697297304868698
2024/01/30 01:59:59.136,0.021237345412373543
2024/01/30 03:59:59.136,0.009311331436038017
2024/01/30 05:59:59.136,0.021635906770825386
2024/01/30 07:59:59.136,0.025142764672636986
2024/01/30 09:59:59.136,0.01602807641029358
2024/01/30 11:59:59.136,0.034088823944330215
2024/01/30 13:59:59.136,0.010531595908105373
2024/01/30 15:59:59.136,0.026825902983546257
2024/01/30 17:59:59.136,0.013760555535554886
2024/01/30 19:59:59.136,0.01063854806125164
2024/01/30 21:59:59.037,0.018193067982792854
2024/01/30 23:59:59.038,0.01343318447470665
2024/01/31 01:59:59.036,0.02977673150599003
2024/01/31 03:59:59.036,0.013319801539182663
2024/01/31 05:59:59.036,0.03356771171092987
2024/01/31 07:59:59.036,0.010917985811829567
2024/01/31 09:59:57.036,0.011237374506890774
2024/01/31 11:59:59.036,0.028362002223730087
2024/01/31 13:59:59.036,0.01815309189260006
2024/01/31 15:59:59.036,0.02788754738867283
2024/01/31 17:59:59.036,0.013607447035610676
2024/01/31 19:59:59.036,0.014232369139790535
2024/01/31 21:59:59.036,0.017592698335647583
2024/01/31 23:59:59.036,0.015449563972651958
2024/02/01 01:59:59.036,0.05485286936163902
2024/02/01 03:59:59.036,0.02030571736395359
2024/02/01 05:59:59.038,0.028427839279174805
2024/02/01 07:59:59.036,0.013520659878849983
2024/02/01 09:11:33.036,0.03180210292339325
2024/02/02 13:59:58.957,0.02412273734807968
2024/02/02 15:59:58.957,0.013944926671683788
2024/02/02 17:59:58.957,0.024532435461878777
2024/02/02 19:59:58.957,0.025148669257760048
2024/02/02 21:59:58.959,0.017083846032619476
2024/02/02 23:59:58.960,0.01841394416987896
2024/02/03 01:59:58.957,0.02703693136572838
2024/02/03 03:59:58.957,0.022327115759253502
2024/02/03 05:59:58.957,0.02520730532705784
2024/02/03 07:59:58.957,0.018754491582512856
2024/02/03 09:59:58.957,0.023057226091623306
2024/02/03 11:59:58.958,0.03672085329890251
2024/02/03 13:59:58.957,0.03692774102091789
2024/02/03 15:59:58.957,0.017250774428248405
2024/02/03 17:59:58.957,0.04080823436379433
2024/02/03 19:59:58.957,0.02695263922214508
2024/02/03 21:59:58.957,0.060357049107551575
2024/02/03 23:59:58.957,0.027652764692902565
2024/02/04 01:59:58.957,0.014926674775779247
2024/02/04 03:59:58.957,0.020179113373160362
2024/02/04 05:59:58.957,0.035799797624349594
2024/02/04 07:59:58.957,0.015613657422363758
2024/02/04 09:59:58.857,0.026705920696258545
2024/02/04 11:59:58.857,0.015161490067839622
2024/02/04 13:59:58.858,0.013907798565924168
2024/02/05 09:59:51.917,0.025753730908036232
2024/02/05 11:59:51.917,0.01016028132289648
2024/02/05 13:59:51.917,0.0258841160684824
2024/02/05 15:59:51.917,0.015314235351979733
2024/02/05 17:59:51.917,0.056092798709869385
2024/02/05 19:59:51.917,0.017301972955465317
2024/02/05 21:25:31.917,0.045876242220401764
2024/02/05 23:59:59.917,0.02705318294465542
2024/02/06 01:59:59.917,0.022611450403928757
2024/02/06 03:59:59.917,0.015714118257164955
2024/02/06 05:59:59.917,0.03384971618652344
2024/02/06 07:59:59.917,0.0339948907494545
2024/02/06 09:59:59.917,0.025077886879444122
2024/02/06 11:59:59.917,0.026522941887378693
2024/02/06 13:59:59.917,0.021324222907423973
2024/02/06 15:59:59.917,0.029716530814766884
2024/02/06 17:59:59.917,0.03301403298974037
2024/02/06 19:59:59.817,0.014653453603386879
2024/02/06 21:59:59.817,0.021604880690574646
2024/02/06 23:59:59.817,0.0076662213541567326
2024/02/07 01:59:59.817,0.03125300258398056
2024/02/07 03:59:59.817,0.0353192575275898
2024/02/07 05:59:59.817,0.023049453273415565
2024/02/07 07:59:59.817,0.01699620485305786
2024/02/07 09:59:59.817,0.06657164543867111
2024/02/07 11:59:59.817,0.02373507432639599
2024/02/07 13:59:59.817,0.016957014799118042
2024/02/07 15:59:59.817,0.016237566247582436
2024/02/07 17:59:59.817,0.01861807145178318
2024/02/07 19:59:59.817,0.05463419854640961
2024/02/07 21:59:59.817,0.024814549833536148
2024/02/07 23:59:59.817,0.019295306876301765
2024/02/08 01:59:59.817,0.02240036614239216
2024/02/08 03:59:59.817,0.02791786380112171
2024/02/08 05:59:59.817,0.026870058849453926
2024/02/08 07:59:59.817,0.0310842152684927
2024/02/08 09:59:59.817,0.01690206117928028
2024/02/08 11:59:59.817,0.02118244580924511
2024/02/08 13:59:59.817,0.01955096609890461
2024/02/08 15:59:59.817,0.035667456686496735
2024/02/08 17:59:59.817,0.026539135724306107
2024/02/08 19:59:59.817,0.014406145550310612
2024/02/08 21:59:59.817,0.036014579236507416
2024/02/08 23:59:59.817,0.015267458744347095
2024/02/09 01:59:59.817,0.033349256962537766
2024/02/09 03:59:59.817,0.01061879564076662
2024/02/09 05:59:59.817,0.0364796407520771
2024/02/09 07:59:59.717,0.02743559516966343
2024/02/09 09:59:59.717,0.03967076912522316
2024/02/09 11:59:59.718,0.03018793649971485
2024/02/09 13:59:59.717,0.01871410198509693
2024/02/09 15:59:59.717,0.031389761716127396
2024/02/09 17:59:59.717,0.012373826466500759
2024/02/09 19:59:59.717,0.01721397042274475
2024/02/09 21:59:59.717,0.022329803556203842
2024/02/09 23:59:59.717,0.021350089460611343
2024/02/10 01:59:59.717,0.016713682562112808
2024/02/10 03:59:59.717,0.026656728237867355
2024/02/10 05:59:59.717,0.03953535482287407
2024/02/10 07:59:59.717,0.05718816816806793
2024/02/10 09:59:59.717,0.016881583258509636
2024/02/10 11:59:59.717,0.022063836455345154
2024/02/10 13:59:59.717,0.044710591435432434
2024/02/10 15:13:19.717,0.01747797802090645
2024/02/10 17:59:54.317,0.027711201459169388
2024/02/10 19:59:54.717,0.015399208292365074
2024/02/10 21:59:54.717,0.019091857597231865
2024/02/10 23:59:54.717,0.014752931892871857
2024/02/11 01:59:54.717,0.01687798835337162
2024/02/11 03:59:54.717,0.02293538674712181
2024/02/11 05:59:54.717,0.029203440994024277
2024/02/11 07:59:54.717,0.014546952210366726
2024/02/11 09:59:54.717,0.00916900485754013
2024/02/11 11:59:54.625,0.015089922584593296
2024/02/11 13:59:54.625,0.024178767576813698
2024/02/11 15:59:54.625,0.028193099424242973
2024/02/11 17:59:54.628,0.04591216519474983
2024/02/11 19:59:54.628,0.02212253399193287
2024/02/11 21:59:54.630,0.014792732894420624
2024/02/11 23:59:54.629,0.01083324383944273
2024/02/12 01:59:54.630,0.021637776866555214
2024/02/12 03:59:54.624,0.02935773879289627
2024/02/12 05:59:54.628,0.01978789083659649
2024/02/12 07:59:54.627,0.01541923638433218
2024/02/12 09:59:54.625,0.01471466850489378
2024/02/12 11:59:54.627,0.025240669026970863
2024/02/12 13:59:54.625,0.020036552101373672
2024/02/12 15:59:54.626,0.01793874241411686
2024/02/12 17:59:54.626,0.009072443470358849
2024/02/12 19:59:54.625,0.03776146098971367
2024/02/12 21:59:54.626,0.02738448977470398
2024/02/12 23:59:54.625,0.02892507240176201
2024/02/13 01:59:54.624,0.02058647945523262
2024/02/13 03:59:54.625,0.01215286273509264
2024/02/13 05:59:54.625,0.02197587676346302
2024/02/13 07:59:54.632,0.010401071049273014
2024/02/13 09:59:54.630,0.017989471554756165
2024/02/13 11:59:54.625,0.037349600344896317
2024/02/13 13:59:54.625,0.013699879869818687
2024/02/13 15:59:54.625,0.007575131952762604
2024/02/13 17:59:54.625,0.04604506865143776
2024/02/13 19:59:54.625,0.014912955462932587
2024/02/13 21:59:54.625,0.03235727176070213
2024/02/13 23:59:54.625,0.009155741892755032
2024/02/14 01:59:54.630,0.03768104314804077
2024/02/14 03:59:54.625,0.009562200866639614
2024/02/14 05:59:54.517,0.02253413386642933
2024/02/14 07:59:54.517,0.03247823193669319
2024/02/14 09:59:54.517,0.04491643235087395
2024/02/14 11:59:54.517,0.035128649324178696
2024/02/14 13:59:54.517,0.02463371492922306
2024/02/14 15:59:54.517,0.028844118118286133
2024/02/14 17:59:54.517,0.013879943639039993
2024/02/14 19:59:54.517,0.026951409876346588
2024/02/14 21:59:54.517,0.02713676169514656
2024/02/14 23:59:54.517,0.02150607481598854
2024/02/15 01:59:54.517,0.03184358403086662
2024/02/15 03:59:54.517,0.01605233922600746
2024/02/15 05:59:54.517,0.01229479443281889
2024/02/15 07:59:54.517,0.02455921657383442
2024/02/15 09:59:54.517,0.008547896519303322
2024/02/15 11:59:54.517,0.011698379181325436
2024/02/15 13:59:54.517,0.02859652414917946
2024/02/15 15:59:54.517,0.03628804534673691
2024/02/15 17:59:54.517,0.011046180501580238
2024/02/15 19:59:54.517,0.03285536170005798
2024/02/15 21:59:54.517,0.01599823869764805
2024/02/15 23:59:54.517,0.013954762369394302
2024/02/16 01:59:54.517,0.02520701102912426
2024/02/16 03:59:54.517,0.022968249395489693
2024/02/16 05:59:54.517,0.034993499517440796
2024/02/16 07:59:54.517,0.01274745725095272
2024/02/16 09:59:54.517,0.015074102208018303
2024/02/16 11:59:54.517,0.014339295215904713
2024/02/16 13:59:54.517,0.020848309621214867
2024/02/16 15:59:54.517,0.019756708294153214
2024/02/16 17:59:51.317,0.01783333159983158
2024/02/16 19:59:54.317,0.02432047575712204
2024/02/16 21:59:51.317,0.0159869696944952
2024/02/16 23:59:51.317,0.019859112799167633
2024/02/17 01:59:51.317,0.025201743468642235
2024/02/17 03:59:51.317,0.04165845736861229
2024/02/17 05:59:51.317,0.05055098608136177
2024/02/17 07:59:51.317,0.031044427305459976
2024/02/17 09:59:50.817,0.008526494726538658
2024/02/17 11:59:55.817,0.03217890113592148
2024/02/17 13:59:53.517,0.02815256640315056
2024/02/17 15:59:53.517,0.010870726779103279
2024/02/17 17:59:53.517,0.03932971879839897
2024/02/17 19:59:57.517,0.02478996105492115
2024/02/17 21:59:57.517,0.053037192672491074
2024/02/17 23:59:57.517,0.01309188548475504
2024/02/18 01:59:57.517,0.01339133083820343
2024/02/18 03:59:57.517,0.016733527183532715
2024/02/18 05:59:57.517,0.031306665390729904
2024/02/18 07:59:57.517,0.03407381474971771
2024/02/18 09:59:57.517,0.03162483125925064
2024/02/18 11:59:57.517,0.0384494923055172
2024/02/18 13:59:57.517,0.02479177713394165
2024/02/18 15:59:57.517,0.0177250187844038
2024/02/18 17:59:57.517,0.052238110452890396
2024/02/18 19:59:57.517,0.021821247413754463
2024/02/18 21:59:57.517,0.026078181341290474
2024/02/18 23:59:57.517,0.03961220383644104
2024/02/19 01:59:57.517,0.023636342957615852
2024/02/19 03:59:57.517,0.061902791261672974
2024/02/19 05:59:57.517,0.03885563462972641
2024/02/19 07:59:57.517,0.014436538331210613
2024/02/19 09:59:57.517,0.01854003220796585
2024/02/19 11:59:59.217,49.90562438964844
2024/02/19 13:59:55.317,48.37310028076172
2024/02/19 15:59:56.417,50.23234939575195
2024/02/19 17:59:55.417,3.6308109760284424
2024/02/19 19:59:56.517,0.017440756782889366
2024/02/19 21:59:59.517,50.47383117675781
2024/02/19 23:59:55.632,48.72834777832031
2024/02/20 01:59:59.217,0.03921458125114441
2024/02/20 03:59:56.717,0.03381047397851944
2024/02/20 05:59:57.817,0.020063025876879692
2024/02/20 07:59:51.917,0.014844086021184921
2024/02/20 09:59:53.017,49.1357421875
2024/02/20 11:59:56.017,49.744110107421875
2024/02/20 13:59:42.417,0.01688571833074093
2024/02/20 15:59:51.626,0.010781971737742424
2024/02/20 17:59:51.317,45.61558151245117
2024/02/20 19:59:59.217,48.76172637939453
2024/02/20 21:59:52.417,45.71686553955078
2024/02/20 23:59:55.417,48.20733642578125
2024/02/21 01:59:59.017,0.028769122436642647
2024/02/21 03:59:59.017,0.025898035615682602
2024/02/21 05:59:59.017,0.04149584472179413
2024/02/21 07:59:59.017,0.05147203803062439
2024/02/21 09:59:56.632,44.9423942565918
2024/02/21 11:59:55.717,0.024081343784928322
2024/02/21 13:59:58.717,45.29289627075195
2024/02/21 15:59:56.817,42.928733825683594
2024/02/21 17:59:59.817,0.02270016074180603
2024/02/21 19:59:54.017,0.023723924532532692
2024/02/21 21:59:58.017,50.17848587036133
2024/02/21 23:59:52.217,45.226558685302734
2024/02/22 01:59:55.217,47.451332092285156
2024/02/22 03:59:51.317,0.013719968497753143
2024/02/22 05:59:58.217,49.44734573364258
2024/02/22 07:59:54.517,0.021323425695300102
2024/02/22 09:59:58.317,0.018093382939696312
2024/02/22 11:59:58.417,159.32496643066406
2024/02/22 13:59:51.631,152.70965576171875
2024/02/22 15:59:52.633,44.702735900878906
2024/02/22 17:59:57.635,0.023541424423456192
2024/02/22 19:59:57.717,49.410797119140625
2024/02/22 21:59:53.817,45.408775329589844
2024/02/22 23:59:58.817,0.027090376242995262
2024/02/23 01:59:56.626,0.018263908103108406
2024/02/23 03:59:56.625,0.04493051767349243
2024/02/23 05:59:56.626,0.03222458437085152
2024/02/23 07:59:56.625,0.026120580732822418
2024/02/23 09:59:55.117,48.77934646606445
2024/02/23 11:59:54.217,47.00011444091797
2024/02/23 13:59:55.017,0.06727024912834167
2024/02/23 15:59:55.017,0.013715775683522224
2024/02/23 17:59:55.017,0.024062206968665123
2024/02/23 19:59:56.417,0.049695052206516266
2024/02/23 21:59:51.631,50.276390075683594
2024/02/23 23:59:54.631,49.44853210449219
2024/02/24 01:59:59.517,49.62366485595703
2024/02/24 03:59:42.017,54.021522521972656
2024/02/24 05:59:53.626,0.023826973512768745
2024/02/24 07:59:54.817,44.8527946472168
2024/02/24 09:59:58.817,152.20677185058594
2024/02/24 11:59:53.017,160.59970092773438
2024/02/24 13:59:58.017,0.016540013253688812
2024/02/24 15:59:54.117,157.12423706054688
2024/02/24 17:59:56.117,47.97323989868164
2024/02/24 19:59:54.217,48.188724517822266
2024/02/24 21:59:52.317,48.48657989501953
2024/02/24 23:59:51.417,0.010046090930700302
2024/02/25 01:59:56.317,0.03171459212899208
2024/02/25 03:59:55.817,0.014504947699606419
2024/02/25 05:59:55.817,0.01700279489159584
2024/02/25 07:59:55.817,0.016046445816755295
2024/02/25 09:59:54.117,0.03759445622563362
2024/02/25 11:59:53.717,50.98539352416992
2024/02/25 13:59:51.817,42.15616989135742
2024/02/25 15:59:54.817,47.21446228027344
2024/02/25 17:59:51.917,48.43564224243164
2024/02/25 19:59:59.817,47.57516098022461
2024/02/25 21:59:53.017,46.05268478393555
2024/02/25 23:59:57.017,50.75815200805664
2024/02/26 01:59:58.917,0.01049603521823883
2024/02/26 03:59:54.217,49.711509704589844
2024/02/26 05:59:57.217,45.491085052490234
2024/02/26 07:59:50.417,50.41878128051758
2024/02/26 09:59:56.217,0.012305337004363537
2024/02/26 11:59:57.517,0.02003832533955574
2024/02/26 13:59:59.417,49.33430099487305
2024/02/26 15:59:54.817,0.02137395553290844
2024/02/26 17:59:58.317,0.03060486912727356
2024/02/26 19:59:59.636,50.412376403808594
2024/02/26 21:59:43.017,46.627017974853516
2024/02/26 23:59:55.817,44.241519927978516
2024/02/27 01:59:56.817,50.3017578125
2024/02/27 03:59:57.917,0.018176071345806122
2024/02/27 05:59:57.917,0.012252002023160458
2024/02/27 07:59:57.917,0.012612997554242611
2024/02/27 09:59:57.917,0.016570942476391792
2024/02/27 11:59:57.917,0.023442575708031654
2024/02/27 13:59:57.917,0.019949665293097496
2024/02/27 15:59:57.917,0.030085474252700806
2024/02/27 17:59:57.917,0.021184567362070084
2024/02/27 19:59:57.917,0.015152656473219395
2024/02/27 21:59:57.917,0.02121017314493656
2024/02/27 23:59:57.917,0.01815146766602993
2024/02/28 01:59:57.917,0.03114732913672924
2024/02/28 03:59:57.917,0.028315693140029907
2024/02/28 05:59:57.917,0.018714576959609985
2024/02/28 07:59:58.917,0.04270237311720848
2024/02/28 09:59:58.917,0.015431680716574192
2024/02/28 11:59:58.817,0.02851676382124424
2024/02/28 13:59:58.817,0.04846564307808876
2024/02/28 15:59:58.817,0.02253055013716221
2024/02/28 17:59:58.817,0.02197234518826008
2024/02/28 19:59:58.817,0.01966170035302639
2024/02/28 21:59:58.817,0.02286374755203724
2024/02/28 23:59:58.817,0.016936935484409332
2024/02/29 01:59:58.817,0.017490388825535774
2024/02/29 03:59:58.817,0.03487607091665268
2024/02/29 05:59:58.817,0.018104221671819687
2024/02/29 07:59:58.817,0.010502449236810207
2024/02/29 09:59:58.817,0.01841876655817032
2024/02/29 11:59:58.817,0.03826913610100746
2024/02/29 13:59:58.817,0.012853740714490414
2024/02/29 15:59:58.817,0.013813234865665436
2024/02/29 17:59:58.817,0.015278493985533714
2024/02/29 19:59:58.817,0.04307595640420914
2024/02/29 21:59:58.817,0.045156870037317276
2024/02/29 23:59:58.817,0.021067721769213676
2024/03/01 01:59:58.817,0.025221044197678566
2024/03/01 03:59:58.817,0.023987913504242897
2024/03/01 05:59:58.817,0.021915853023529053
2024/03/01 07:59:58.817,0.04361395165324211
2024/03/01 09:59:58.817,0.015401015989482403
2024/03/01 11:59:53.417,47.516746520996094
2024/03/01 13:59:51.517,44.406646728515625
2024/03/01 15:59:55.517,45.47562789916992
2024/03/01 17:59:52.648,46.39268112182617
2024/03/01 19:59:53.638,44.28807830810547
2024/03/01 21:59:53.717,42.8913459777832
2024/03/01 22:59:59.117,44.75666046142578
2024/03/03 13:59:51.679,0.018701035529375076
2024/03/03 15:59:51.679,0.024894997477531433
2024/03/03 17:59:51.679,0.028995603322982788
2024/03/03 19:59:51.679,0.010656129568815231
2024/03/03 21:59:51.679,0.0162222757935524
2024/03/03 23:59:51.679,0.02108747325837612
2024/03/04 01:59:51.679,0.023200785741209984
2024/03/04 03:59:51.679,0.024665459990501404
2024/03/04 05:59:51.679,0.011917893774807453
2024/03/04 07:59:51.679,0.012379011139273643
2024/03/04 09:59:51.679,0.023730004206299782
2024/03/04 11:59:57.979,0.03582240268588066
2024/03/04 13:59:57.979,0.015883661806583405
2024/03/04 15:59:57.979,0.03027569316327572
2024/03/04 17:59:57.979,0.022795775905251503
2024/03/04 19:59:57.979,0.02350715734064579
2024/03/04 21:59:57.979,0.02787637710571289
2024/03/04 23:59:57.979,0.01889771595597267
2024/03/05 01:59:57.979,0.018877321854233742
2024/03/05 03:59:57.979,0.016233272850513458
2024/03/05 05:59:57.979,0.01887926645576954
2024/03/05 07:59:57.979,0.015145423822104931
2024/03/05 09:59:57.979,0.019881432875990868
2024/03/05 11:59:57.979,0.03791347146034241
2024/03/05 13:59:57.979,0.020322192460298538
2024/03/05 15:59:57.979,0.014309609308838844
2024/03/05 17:59:57.979,0.04338308796286583
2024/03/05 19:59:57.979,0.02421131730079651
2024/03/05 21:59:57.979,0.015432898886501789
2024/03/05 23:59:57.979,0.0405215360224247
2024/03/06 01:59:57.979,0.029231492429971695
2024/03/06 03:59:57.879,0.04424089565873146
2024/03/06 05:59:57.879,0.03330531716346741
2024/03/06 07:59:57.879,0.0323890745639801
2024/03/06 09:59:57.879,0.05202513933181763
2024/03/06 11:59:57.879,0.04035082086920738
2024/03/06 13:59:57.879,0.015258319675922394
2024/03/06 15:59:57.879,0.04300517961382866
2024/03/06 17:59:57.879,0.01678849570453167
2024/03/06 19:59:57.879,0.031295452266931534
2024/03/06 21:59:57.879,0.05098763480782509
2024/03/06 23:59:57.879,0.01660497672855854
2024/03/07 01:59:57.879,0.014498171396553516
2024/03/07 03:59:57.879,0.041492760181427
2024/03/07 05:59:57.879,0.007966156117618084
2024/03/07 07:59:57.879,0.018302973359823227
2024/03/07 09:59:57.879,0.01237960159778595
2024/03/07 11:59:57.879,0.025274423882365227
2024/03/07 13:59:57.879,0.02198733575642109
2024/03/07 15:59:57.879,0.013000301085412502
2024/03/07 17:59:57.879,0.027063162997364998
2024/03/07 19:59:57.879,0.01903054304420948
2024/03/07 21:59:57.879,0.03030092641711235
2024/03/07 23:59:57.879,0.01663322001695633
2024/03/08 01:59:57.879,0.04193989932537079
2024/03/08 03:59:57.879,0.010728084482252598
2024/03/08 05:59:57.879,0.030109500512480736
2024/03/08 07:59:57.879,0.039858415722846985
2024/03/08 09:59:57.879,0.04884141683578491
2024/03/08 11:59:57.879,0.03581564500927925
2024/03/08 13:59:57.779,0.03286369889974594
2024/03/08 15:59:57.779,0.033925604075193405
2024/03/08 17:59:57.779,0.03764324635267258
2024/03/08 19:59:57.779,0.034875497221946716
2024/03/08 21:59:57.779,0.019288785755634308
2024/03/08 23:59:57.779,0.030928004533052444
2024/03/09 01:59:57.779,0.0430024228990078
2024/03/09 03:59:57.779,0.0185866616666317
2024/03/09 05:59:57.779,0.01994721032679081
2024/03/09 07:59:57.779,0.01460717897862196
2024/03/09 09:59:57.779,0.014669732190668583
2024/03/09 11:59:57.779,0.027152391150593758
2024/03/09 13:59:57.779,0.02039683610200882
2024/03/09 15:59:57.779,0.037738826125860214
2024/03/09 17:59:57.779,0.025043165311217308
2024/03/09 19:59:57.779,0.015595391392707825
2024/03/09 21:59:57.779,0.02430427260696888
2024/03/09 23:59:57.779,0.010972898453474045
2024/03/10 01:59:57.779,0.021246839314699173
2024/03/10 04:59:57.779,0.02712293155491352
2024/03/10 06:59:57.779,0.015089842490851879
2024/03/10 08:59:57.779,0.013628779910504818
2024/03/10 10:59:57.779,0.018870683386921883
2024/03/10 12:59:57.779,0.02054995857179165
2024/03/10 14:59:57.779,0.01841866597533226
2024/03/10 16:59:57.779,0.014712167903780937
2024/03/10 18:59:57.779,0.023694606497883797
2024/03/10 20:59:57.779,0.03148738294839859
2024/03/10 22:59:57.779,0.019218744710087776
2024/03/11 00:59:57.779,0.04042072221636772
2024/03/11 02:59:57.779,0.01828039065003395
2024/03/11 04:59:57.679,0.03140198811888695
2024/03/11 06:59:57.679,0.015454314649105072
2024/03/11 08:59:57.679,0.026852179318666458
2024/03/11 10:59:57.679,0.02875286340713501
2024/03/11 12:59:57.679,0.04125429317355156
2024/03/11 14:59:57.679,0.015828896313905716
2024/03/11 16:59:57.679,0.02288411371409893
2024/03/11 18:59:57.679,0.02639935165643692
2024/03/11 20:59:57.679,0.0264663677662611
2024/03/11 22:59:57.679,0.018063506111502647
2024/03/12 00:59:57.679,0.016518134623765945
2024/03/12 02:59:57.679,0.03812657296657562
2024/03/12 04:59:57.679,0.03372693806886673
2024/03/12 06:59:57.679,0.014375938102602959
2024/03/12 08:59:57.679,0.024460045620799065
2024/03/12 10:59:57.679,0.01424975786358118
2024/03/12 12:59:57.679,0.010519875213503838
2024/03/12 14:59:57.579,0.017824506387114525
2024/03/12 16:59:57.579,0.029209205880761147
2024/03/12 18:59:57.579,0.017116617411375046
2024/03/12 20:59:57.579,0.026017773896455765
2024/03/12 22:59:57.580,0.016808729618787766
2024/03/13 00:59:57.579,0.01445851381868124
2024/03/13 02:59:57.579,0.023704493418335915
2024/03/13 04:59:57.579,0.02361123450100422
2024/03/13 06:59:57.579,0.020708944648504257
2024/03/13 08:59:57.579,0.021029360592365265
2024/03/13 10:59:57.579,0.02065630629658699
2024/03/13 12:59:57.579,0.015273721888661385
2024/03/13 14:59:57.579,0.031004570424556732
2024/03/13 16:59:57.579,0.0325406938791275
2024/03/13 18:59:57.479,0.04122461751103401
2024/03/13 20:59:57.579,0.012129352428019047
2024/03/13 22:59:57.479,0.015039019286632538
2024/03/14 00:59:57.479,0.019346658140420914
2024/03/14 02:59:57.479,0.011110067367553711
2024/03/14 04:59:57.479,0.022578472271561623
2024/03/14 06:59:57.479,0.016055306419730186
2024/03/14 08:59:57.479,0.028783932328224182
2024/03/14 10:59:57.479,0.021945582702755928
2024/03/14 12:59:57.479,0.02602619118988514
2024/03/14 14:59:57.479,0.025835951790213585
2024/03/14 16:59:51.379,0.05825299397110939
2024/03/14 18:59:57.979,48.779075622558594
2024/03/14 20:59:57.279,0.04450099542737007
2024/03/14 22:59:54.094,45.545074462890625
2024/03/15 00:59:58.094,45.325138092041016
2024/03/15 02:59:56.479,0.010288734920322895
2024/03/15 04:59:56.479,0.023711662739515305
2024/03/15 06:59:56.479,0.03672521188855171
2024/03/15 08:59:55.379,49.531578063964844
2024/03/15 10:59:54.479,0.01681402698159218
2024/03/15 12:59:57.480,0.013934529386460781
2024/03/15 14:59:51.679,0.015828082337975502
2024/03/15 16:59:51.779,0.016388706862926483
2024/03/15 18:59:54.779,0.015191993676126003
2024/03/15 20:59:50.879,0.022382361814379692
2024/03/15 22:59:51.879,138.47488403320312
2024/03/16 00:59:55.879,0.026976140215992928
2024/03/16 02:59:55.879,0.052169620990753174
2024/03/16 04:59:55.879,0.013969789259135723
2024/03/16 06:59:55.879,0.047759827226400375
2024/03/16 08:59:44.479,0.041979897767305374
2024/03/16 10:59:59.088,49.10161209106445
2024/03/16 12:59:53.279,46.766963958740234
2024/03/16 14:59:58.279,44.12693786621094
2024/03/16 16:59:57.379,45.92888259887695
2024/03/16 18:59:55.479,0.02455686591565609
2024/03/16 20:59:58.479,0.015884192660450935
2024/03/16 22:59:55.579,0.03730085492134094
2024/03/17 00:59:53.679,46.43403244018555
2024/03/17 02:59:52.779,47.014766693115234
2024/03/17 04:59:56.779,46.88053894042969
2024/03/17 06:59:53.879,48.5980339050293
2024/03/17 08:59:55.879,43.97885513305664
2024/03/17 10:59:53.979,45.037174224853516
2024/03/17 12:59:57.979,51.1111946105957
2024/03/17 14:59:53.379,0.01818658411502838
2024/03/17 16:59:59.090,0.021605784073472023
2024/03/17 18:59:40.479,43.928184509277344
2024/03/17 20:59:58.179,46.27742004394531
2024/03/17 22:59:55.279,47.32979965209961
2024/03/18 00:59:59.279,0.012999155558645725
2024/03/18 02:59:52.479,46.145965576171875
2024/03/18 04:59:57.479,46.319557189941406
2024/03/18 06:59:50.679,45.635250091552734
2024/03/18 08:59:57.779,0.030175507068634033
2024/03/18 10:59:56.779,0.016947511583566666
2024/03/18 12:59:55.779,46.310569763183594
2024/03/18 14:59:43.979,0.015412434004247189
2024/03/18 16:59:59.579,96.54431915283203
2024/03/18 18:59:54.779,48.38611602783203
2024/03/18 20:59:50.379,0.04335562139749527
2024/03/18 22:59:57.279,0.01009166520088911
2024/03/19 00:59:58.879,45.91563415527344
2024/03/19 02:59:54.979,47.20417022705078
2024/03/19 04:59:57.979,47.92573547363281
2024/03/19 06:59:51.179,47.631309509277344
2024/03/19 08:59:54.179,50.81879806518555
2024/03/19 10:59:52.279,47.98250961303711
2024/03/19 12:59:58.279,48.265403747558594
2024/03/19 14:59:51.479,45.108917236328125
2024/03/19 16:59:52.979,0.02375977486371994
2024/03/19 18:59:52.979,0.010206859558820724
2024/03/19 20:59:58.479,47.688316345214844
2024/03/19 22:59:57.579,0.018745100125670433
2024/03/20 00:59:53.679,46.338382720947266
2024/03/20 02:59:58.679,44.950382232666016
2024/03/20 04:59:56.779,44.60520935058594
2024/03/20 06:59:56.087,0.03278396651148796
2024/03/20 08:59:56.085,0.03741307556629181
2024/03/20 10:59:56.090,0.02316717803478241
2024/03/20 12:59:54.091,46.83551025390625
2024/03/20 14:59:53.179,45.3841667175293
2024/03/20 16:59:54.179,0.04003321751952171
2024/03/20 18:59:59.179,49.22441101074219
2024/03/20 20:59:57.279,47.3617057800293
2024/03/20 22:59:57.279,45.750118255615234
2024/03/21 00:59:50.479,47.94841384887695
2024/03/21 02:59:53.579,0.02335762046277523
2024/03/21 04:59:55.579,45.98668670654297
2024/03/21 06:59:41.879,48.3018913269043
2024/03/21 08:59:59.579,0.030675163492560387
2024/03/21 10:59:59.679,48.156166076660156
2024/03/21 12:59:55.779,0.019142938777804375
2024/03/21 14:59:56.779,49.38020706176758
2024/03/21 16:59:53.979,47.70561981201172
2024/03/21 18:59:56.979,48.2198371887207
2024/03/21 20:59:41.279,50.0537109375
2024/03/21 22:59:54.092,45.547794342041016
2024/03/22 00:59:42.379,48.66181564331055
2024/03/22 02:59:55.179,48.22377395629883
2024/03/22 04:59:59.179,45.85308074951172
2024/03/22 06:59:43.579,45.431156158447266
2024/03/22 08:59:56.379,44.68363571166992
2024/03/22 10:59:50.579,46.91572952270508
2024/03/22 12:59:59.479,50.48731994628906
2024/03/22 14:59:58.479,54.00769805908203
2024/03/22 16:59:54.679,0.02886340394616127
2024/03/22 18:59:59.679,0.04486320540308952
2024/03/22 20:59:54.179,0.016731135547161102
2024/03/22 22:59:50.879,52.098026275634766
2024/03/23 00:59:54.879,52.68342971801758
2024/03/23 02:59:51.092,51.69453048706055
2024/03/23 04:59:55.979,53.73326110839844
2024/03/23 06:59:57.093,50.3287353515625
2024/03/23 08:59:55.179,48.44985580444336
2024/03/23 10:59:43.479,56.53671646118164
2024/03/23 12:59:56.279,0.02691006101667881
2024/03/23 14:59:53.379,134.5643310546875
2024/03/23 16:59:55.379,0.014325404539704323
2024/03/23 18:59:55.679,0.04112199693918228
2024/03/23 20:59:42.779,52.09160614013672
2024/03/23 22:59:57.479,53.325477600097656
2024/03/24 00:59:55.579,52.81604766845703
2024/03/24 02:59:57.779,0.01165710762143135
2024/03/24 04:59:58.679,46.81588363647461
2024/03/24 06:59:56.779,44.80276870727539
2024/03/24 08:59:57.979,0.042220599949359894
2024/03/24 10:59:50.979,47.584205627441406
2024/03/24 12:59:54.094,0.024910802021622658
2024/03/24 14:59:54.093,52.58396530151367
2024/03/24 16:59:53.179,55.41764831542969
2024/03/24 18:59:56.179,49.7083854675293
2024/03/24 20:59:43.479,54.66320037841797
2024/03/24 22:59:56.379,0.04336996749043465
2024/03/25 00:59:55.679,0.017506780102849007
2024/03/25 02:59:58.379,49.83123016357422
2024/03/25 04:59:58.379,49.53097915649414
2024/03/25 06:59:57.479,53.87557601928711
2024/03/25 08:59:51.679,49.06142044067383
2024/03/25 10:59:53.679,113.56657409667969
2024/03/25 12:59:57.679,130.0415802001953
2024/03/25 14:59:43.979,0.02806618995964527
2024/03/25 16:59:54.179,0.01666528359055519
2024/03/25 18:59:57.879,54.4033088684082
2024/03/25 20:59:54.979,53.991302490234375
2024/03/25 22:59:55.979,0.030493009835481644
2024/03/26 00:59:58.099,93.91234588623047
2024/03/26 02:59:51.279,0.03553948178887367
2024/03/26 04:59:57.179,53.344608306884766
2024/03/26 06:59:58.279,0.04608921334147453
2024/03/26 08:59:58.279,0.024600166827440262
2024/03/26 10:59:58.279,0.019183844327926636
2024/03/26 12:39:35.279,0.024019664153456688
2024/03/26 14:59:53.279,0.0181475430727005
2024/03/26 16:59:53.279,0.06500709801912308
2024/03/26 18:59:53.279,0.02292778342962265
2024/03/26 20:59:53.279,0.046788398176431656
2024/03/26 22:59:53.279,0.037831272929906845
2024/03/27 00:59:53.279,0.04148814454674721
2024/03/27 02:59:53.279,0.038586556911468506
2024/03/27 04:59:53.279,0.02886122465133667
2024/03/27 06:59:53.279,0.015708385035395622
2024/03/27 08:59:53.279,0.01567566581070423
2024/03/27 10:59:53.279,0.041420482099056244
2024/03/27 12:59:51.979,0.023744432255625725
2024/03/27 14:59:51.879,0.041432786732912064
2024/03/27 16:59:56.179,0.03270179033279419
2024/03/27 18:59:56.179,0.016825230792164803
2024/03/27 20:59:56.179,0.016658352687954903
2024/03/27 22:59:56.179,0.016846913844347
2024/03/28 00:59:56.179,0.022714808583259583
2024/03/28 02:59:56.179,0.02637805975973606
2024/03/28 04:59:56.179,0.03900584951043129
2024/03/28 06:59:56.179,0.0312766432762146
2024/03/28 08:59:56.179,0.06379149854183197
2024/03/28 10:59:56.179,0.03692353144288063
2024/03/28 12:59:56.179,0.02050182968378067
2024/03/28 14:59:56.179,0.012912048026919365
2024/03/28 16:59:56.179,0.017319928854703903
2024/03/28 18:59:56.179,0.01864086650311947
2024/03/28 20:59:56.179,0.016177691519260406
2024/03/28 22:59:56.179,0.018746700137853622
2024/03/29 00:59:56.179,0.009782353416085243
2024/03/29 02:59:56.179,0.04003703221678734
2024/03/29 04:59:56.088,0.010396286845207214
2024/03/29 06:59:56.096,0.013613342307507992
2024/03/29 08:59:56.087,0.011571235954761505
2024/03/29 10:59:56.085,0.027845151722431183
2024/03/29 12:59:56.084,0.03009011223912239
2024/03/29 14:59:56.085,0.01634664461016655
2024/03/29 16:59:56.086,0.02734188176691532
2024/03/29 18:59:55.479,56.843326568603516
2024/03/29 20:59:54.479,51.879493713378906
2024/03/29 22:59:51.679,54.610191345214844
2024/03/30 00:59:51.679,51.86812973022461
2024/03/30 02:59:56.379,0.014200990088284016
2024/03/30 04:59:59.679,51.77688980102539
2024/03/30 06:59:52.879,54.085227966308594
2024/03/30 08:59:51.979,55.109596252441406
2024/03/30 10:59:54.979,54.155155181884766
2024/03/30 12:59:53.093,53.78557586669922
2024/03/30 14:59:56.979,54.68166732788086
2024/03/30 16:59:59.979,0.01419704407453537
2024/03/30 18:59:59.099,52.134788513183594
2024/03/30 20:59:52.279,51.91904067993164
2024/03/30 22:59:50.379,0.01012219488620758
2024/03/31 00:59:55.679,0.0153944818302989
2024/03/31 02:59:55.679,0.03892034664750099
2024/03/31 04:59:55.679,0.013773287646472454
2024/03/31 06:59:55.679,0.011480392888188362
2024/03/31 08:59:55.679,0.017054438591003418
2024/03/31 10:59:54.679,15.757954597473145
2024/03/31 12:59:54.779,55.99993896484375
2024/03/31 14:59:55.779,0.02553301863372326
2024/03/31 16:59:53.479,0.028201067820191383
2024/03/31 18:59:51.979,52.70292663574219
2024/03/31 20:59:53.179,0.03989383578300476
2024/03/31 22:59:53.179,0.027262497693300247
2024/04/01 00:59:55.179,0.039029475301504135
2024/04/01 02:59:55.179,0.015484468080103397
2024/04/01 04:59:43.479,50.490699768066406
2024/04/01 06:59:54.279,49.82584762573242
2024/04/01 08:59:56.279,54.63838577270508
2024/04/01 10:59:53.879,0.03538968786597252
2024/04/01 12:59:54.479,52.62232971191406
2024/04/01 14:59:59.479,49.97309494018555
2024/04/01 16:59:52.579,0.016053499653935432
2024/04/01 18:59:59.579,49.59996795654297
2024/04/01 20:59:54.679,49.915184020996094
2024/04/01 22:59:51.879,49.8316764831543
2024/04/02 00:59:57.779,0.022218288853764534
2024/04/02 02:59:56.879,49.903865814208984
2024/04/02 04:59:53.979,50.07942581176758
2024/04/02 06:59:59.879,48.939430236816406
2024/04/02 08:59:51.679,0.022989369928836823
2024/04/02 10:59:55.879,0.01673082634806633
2024/04/02 12:59:55.179,48.295082092285156
2024/04/02 14:59:53.279,97.0612564086914
2024/04/02 16:59:53.379,93.141845703125
2024/04/02 18:59:53.379,51.18272399902344
2024/04/02 20:59:52.479,50.72468185424805
2024/04/02 22:59:52.779,0.010891062207520008
2024/04/03 00:59:51.679,0.01634330302476883
2024/04/03 02:59:54.679,49.19118881225586
2024/04/03 04:59:40.979,52.224063873291016
2024/04/03 06:59:53.179,0.01364375650882721
2024/04/03 08:59:54.979,0.01754174567759037
2024/04/03 10:59:55.679,0.022641271352767944
2024/04/03 12:59:43.179,44.94090270996094
2024/04/03 14:59:53.979,48.494144439697266
2024/04/03 16:59:58.979,51.86125183105469
2024/04/03 18:59:54.179,50.714908599853516
2024/04/03 20:59:59.097,51.09968948364258
2024/04/03 22:59:58.179,52.338130950927734
2024/04/04 00:59:50.379,50.141239166259766
2024/04/04 02:59:41.679,49.994224548339844
2024/04/04 04:59:54.479,50.39841842651367
2024/04/04 06:59:56.679,0.015466099604964256
2024/04/04 08:59:41.879,0.04783143475651741
2024/04/04 10:59:58.579,49.80950927734375
2024/04/04 12:59:58.579,50.578460693359375
2024/04/04 14:59:58.679,52.51060485839844
2024/04/04 16:59:53.779,49.70493698120117
2024/04/04 18:59:43.109,49.84550094604492
2024/04/04 20:59:58.879,51.91439437866211
2024/04/04 22:59:51.879,0.03786672651767731
2024/04/05 00:59:51.097,49.31141662597656
2024/04/05 02:59:54.779,0.02943636290729046
2024/04/05 04:59:57.093,47.61079406738281
2024/04/05 06:59:52.279,47.85495376586914
2024/04/05 08:59:56.279,50.78843688964844
2024/04/05 10:59:58.279,49.4911994934082
2024/04/05 12:59:52.479,48.509422302246094
2024/04/05 14:59:56.479,0.01733148843050003
2024/04/05 16:59:51.579,50.44328308105469
2024/04/05 18:59:55.579,53.428714752197266
2024/04/05 20:59:51.679,52.41011428833008
2024/04/05 22:59:54.179,0.012819543480873108
2024/04/06 00:59:52.779,46.399269104003906
2024/04/06 02:59:51.779,0.03053862415254116
2024/04/06 04:59:56.879,50.79099655151367
2024/04/06 06:59:57.879,50.49165344238281
2024/04/06 08:59:51.097,48.91150665283203
2024/04/06 10:59:53.097,52.22218322753906
2024/04/06 12:59:50.279,50.85441589355469
2024/04/06 14:59:51.279,49.95581817626953
2024/04/06 16:59:57.179,49.89181900024414
2024/04/06 18:59:52.379,52.56929397583008
2024/04/06 20:59:52.479,49.9939079284668
2024/04/06 22:59:59.379,51.19146728515625
2024/04/07 00:59:50.579,49.399173736572266
2024/04/07 02:59:57.479,48.145294189453125
2024/04/07 04:59:55.679,0.0417293980717659
2024/04/07 06:59:59.579,48.422733306884766
2024/04/07 08:59:55.779,49.632259368896484
2024/04/07 10:59:57.779,51.547855377197266
2024/04/07 12:59:50.979,50.0667839050293
2024/04/07 14:59:53.979,51.28113555908203
2024/04/07 16:59:59.879,50.57806396484375
2024/04/07 18:59:52.098,53.24909973144531
2024/04/07 20:59:53.179,0.01756676472723484
2024/04/07 22:59:40.479,48.00458526611328
2024/04/08 00:59:55.679,0.01147562824189663
2024/04/08 02:59:55.679,0.019054226577281952
2024/04/08 04:59:55.679,0.016441186890006065
2024/04/08 06:59:56.879,0.012777341529726982
2024/04/08 08:59:52.679,0.01848514936864376
2024/04/08 10:59:54.379,0.01875641569495201
2024/04/08 12:59:55.579,53.153160095214844
2024/04/08 14:59:59.579,52.711585998535156
2024/04/08 16:59:56.679,0.0152012649923563
2024/04/08 18:59:52.879,48.724761962890625
2024/04/08 20:59:52.879,51.49546432495117
2024/04/08 22:59:59.779,50.09529495239258
2024/04/09 00:59:59.879,51.89860534667969
2024/04/09 02:59:53.091,52.68357849121094
2024/04/09 04:59:58.094,51.53266143798828
2024/04/09 06:59:53.579,0.00944281555712223
2024/04/09 08:59:53.579,0.027796240523457527
2024/04/09 10:59:53.579,0.01960819400846958
2024/04/09 12:59:53.579,0.06514648348093033
2024/04/09 14:59:53.579,0.05581504479050636
2024/04/09 16:59:53.579,0.019192848354578018
2024/04/09 18:59:53.579,0.01840868964791298
2024/04/09 20:59:53.579,0.04636339843273163
2024/04/09 22:59:53.579,0.040892843157052994
2024/04/10 00:59:53.579,0.022840136662125587
2024/04/10 02:59:53.579,0.016007376834750175
2024/04/10 04:59:53.479,0.031279388815164566
2024/04/10 06:59:53.479,0.02969944477081299
2024/04/10 08:59:53.479,0.01424995344132185
2024/04/10 10:59:53.479,0.019699934870004654
2024/04/10 12:59:53.479,0.03788764029741287
2024/04/10 14:59:53.479,0.021113816648721695
2024/04/10 16:59:53.479,0.015529836528003216
2024/04/10 18:59:53.479,0.018243730068206787
2024/04/10 20:59:53.479,0.015606958419084549
2024/04/10 22:59:53.479,0.018941497430205345
2024/04/11 00:59:53.479,0.045519452542066574
2024/04/11 02:59:53.479,0.028764570131897926
2024/04/11 04:59:53.479,0.03021445870399475
2024/04/11 06:59:53.479,0.055012814700603485
2024/04/11 08:59:53.479,0.03363331779837608
2024/04/11 10:59:53.479,0.02076779492199421
2024/04/11 12:59:53.479,0.04069669172167778
2024/04/11 14:59:53.479,0.018655700609087944
2024/04/11 16:59:53.979,43.213829040527344
2024/04/11 18:59:57.979,49.356590270996094
2024/04/11 20:59:51.179,36.896488189697266
2024/04/11 22:59:52.179,52.36280822753906
2024/04/12 00:59:56.179,53.292388916015625
2024/04/12 02:59:55.279,0.03070390596985817
2024/04/12 04:59:52.379,49.49072265625
2024/04/12 06:59:55.379,47.833587646484375
2024/04/12 08:59:52.479,0.05379496142268181
2024/04/12 10:59:58.379,49.52878189086914
2024/04/12 12:59:57.479,48.99128723144531
2024/04/12 14:59:55.579,51.926082611083984
2024/04/12 16:59:58.579,47.99119186401367
2024/04/12 18:59:56.679,51.98201370239258
2024/04/12 20:59:59.679,0.025907812640070915
2024/04/12 22:59:52.084,0.01962776854634285
2024/04/13 00:59:58.879,45.12993240356445
2024/04/13 02:59:54.379,0.020314807072281837
2024/04/13 04:59:57.479,0.028916794806718826
2024/04/13 06:59:52.179,49.45840072631836
2024/04/13 08:59:52.179,45.376712799072266
2024/04/13 10:59:41.779,0.02991821989417076
2024/04/13 12:59:56.279,47.14737319946289
2024/04/13 14:59:58.279,45.64463806152344
2024/04/13 16:59:50.479,51.83366394042969
2024/04/13 18:59:54.479,50.135440826416016
2024/04/13 20:59:56.479,48.83634948730469
2024/04/13 22:59:59.479,47.47795104980469
2024/04/14 00:59:56.679,0.020673934370279312
2024/04/14 02:59:55.679,42.278541564941406
2024/04/14 04:59:54.779,48.69691848754883
2024/04/14 06:59:52.879,47.468299865722656
2024/04/14 08:59:50.979,47.445762634277344
2024/04/14 10:59:59.879,47.93952560424805
2024/04/14 12:59:55.979,47.54599380493164
2024/04/14 14:59:42.379,47.503902435302734
2024/04/14 16:59:57.092,50.69942855834961
2024/04/14 18:59:51.279,46.11228942871094
2024/04/14 20:59:59.179,0.016360292211174965
2024/04/14 22:59:58.279,46.73807144165039
2024/04/15 00:59:51.479,48.84170150756836
2024/04/15 02:59:55.479,50.186771392822266
2024/04/15 04:59:57.479,47.2977294921875
2024/04/15 06:59:51.679,47.077415466308594
2024/04/15 08:59:56.679,0.019130747765302658
2024/04/15 10:59:50.779,24.929391860961914
2024/04/15 12:59:55.779,49.83729934692383
2024/04/15 14:59:57.779,50.75231170654297
2024/04/15 16:59:55.879,48.62946701049805
2024/04/15 18:59:58.879,47.949520111083984
2024/04/15 20:59:58.879,49.44902420043945
2024/04/15 22:59:51.179,50.28322219848633
2024/04/16 00:59:57.093,49.78836441040039
2024/04/16 02:59:40.479,55.00386047363281
2024/04/16 04:59:58.179,49.804046630859375
2024/04/16 06:59:55.279,50.92015838623047
2024/04/16 08:59:52.379,47.9681282043457
2024/04/16 10:59:50.479,53.47683334350586
2024/04/16 12:59:54.479,0.02192734181880951
2024/04/16 14:59:57.479,52.82052230834961
2024/04/16 16:59:59.479,49.961280822753906
2024/04/16 18:59:56.679,49.2669792175293
2024/04/16 20:59:58.679,49.68296813964844
2024/04/16 22:59:54.779,51.65621566772461
2024/04/17 00:59:57.779,42.46083450317383
2024/04/17 02:59:42.179,50.634578704833984
2024/04/17 04:59:52.094,50.39114761352539
2024/04/17 06:59:55.093,50.887855529785156
2024/04/17 08:59:54.089,125.45858001708984
2024/04/17 10:59:57.091,121.7894515991211
2024/04/17 12:59:52.279,50.37803649902344
2024/04/17 14:59:52.379,49.26752471923828
2024/04/17 16:59:50.679,0.009215958416461945
2024/04/17 18:59:59.279,53.367183685302734
2024/04/17 20:59:43.679,56.06041717529297
2024/04/17 22:59:56.479,53.48640060424805
2024/04/18 00:59:51.679,52.92049789428711
2024/04/18 02:59:53.679,47.98678207397461
2024/04/18 04:59:50.084,0.01863616518676281
2024/04/18 06:59:55.779,54.181640625
2024/04/18 08:59:51.579,0.03938174247741699
2024/04/18 10:59:57.279,0.02826879173517227
2024/04/18 12:59:57.879,51.90840148925781
2024/04/18 14:59:53.779,0.016472427174448967
2024/04/18 16:59:57.979,51.166282653808594
2024/04/18 18:59:53.179,52.37141799926758
2024/04/18 20:59:57.179,0.010621922090649605
2024/04/18 22:59:41.779,0.02998312935233116
2024/04/19 00:59:54.379,0.06535885483026505
2024/04/19 02:59:56.379,51.12892532348633
2024/04/19 04:59:59.379,50.89155197143555
2024/04/19 06:59:52.579,52.32069778442383
2024/04/19 08:59:55.579,51.24698257446289
2024/04/19 10:59:51.679,48.113380432128906
2024/04/19 12:59:56.679,48.91581726074219
2024/04/19 14:59:53.379,0.027922969311475754
2024/04/19 16:59:58.279,0.020397646352648735
2024/04/19 18:59:58.379,0.023487739264965057
2024/04/19 20:59:54.179,0.04245612025260925
2024/04/19 22:59:53.779,0.05453866347670555
2024/04/20 00:59:55.091,48.90869140625
2024/04/20 02:59:56.096,49.542808532714844
2024/04/20 04:59:50.279,53.92900085449219
2024/04/20 06:59:56.179,51.50274658203125
2024/04/20 08:59:43.579,50.38296890258789
2024/04/20 10:59:58.279,46.83964920043945
2024/04/20 12:59:58.379,48.85202407836914
2024/04/20 14:59:54.479,51.42433166503906
2024/04/20 16:59:53.579,0.01450439728796482
2024/04/20 18:59:58.579,49.76578140258789
2024/04/20 20:59:51.779,54.9652214050293
2024/04/20 22:59:40.094,0.018954429775476456
2024/04/21 00:59:56.779,52.2780647277832
2024/04/21 02:59:55.879,50.322021484375
2024/04/21 04:59:59.779,48.99895477294922
2024/04/21 06:59:41.279,53.230384826660156
2024/04/21 08:59:52.101,48.99201583862305
2024/04/21 10:59:51.679,0.01602347008883953
2024/04/21 12:59:55.179,47.80130386352539
2024/04/21 14:59:50.279,52.96027374267578
2024/04/21 16:59:54.279,49.56317901611328
2024/04/21 18:59:55.679,0.02662244811654091
2024/04/21 20:59:50.479,48.01205825805664
2024/04/21 22:59:54.479,50.988582611083984
2024/04/22 00:59:55.479,52.629127502441406
2024/04/22 02:59:54.579,49.834896087646484
2024/04/22 04:59:44.879,49.8734245300293
2024/04/22 06:59:56.679,51.548866271972656
2024/04/22 08:59:58.179,0.025588247925043106
2024/04/22 10:59:57.779,48.0308723449707
2024/04/22 12:59:56.879,0.017574112862348557
2024/04/22 14:59:54.479,0.01504339650273323
2024/04/22 16:59:52.094,54.80550765991211
2024/04/22 18:59:53.089,62.20677947998047
2024/04/22 20:59:40.479,56.54122543334961
2024/04/22 22:59:59.097,63.219703674316406
2024/04/23 00:59:50.379,60.859886169433594
2024/04/23 02:59:55.879,0.02185431495308876
2024/04/23 04:59:55.879,0.01540207490324974
2024/04/23 06:59:55.879,0.030166512355208397
2024/04/23 08:59:55.879,0.021527567878365517
2024/04/23 10:59:55.779,0.015231341123580933
2024/04/23 12:59:55.779,0.016629021614789963
2024/04/23 14:59:55.779,0.03770751133561134
2024/04/23 16:59:55.779,0.009117457084357738
2024/04/23 18:59:55.779,0.01959092542529106
2024/04/23 20:59:55.779,0.01946064829826355
2024/04/23 22:59:55.779,0.03462808579206467
2024/04/24 00:59:55.779,0.03901940584182739
2024/04/24 02:59:55.779,0.0296354740858078
2024/04/24 04:59:55.779,0.013336405158042908
2024/04/24 06:59:55.779,0.01641593873500824
2024/04/24 08:59:55.779,0.02634916640818119
2024/04/24 10:59:55.879,0.022489646449685097
2024/04/24 12:59:55.879,0.016285069286823273
2024/04/24 14:59:55.879,0.011413457803428173
2024/04/24 16:59:55.879,0.049345750361680984
2024/04/24 18:59:55.879,0.020150471478700638
2024/04/24 20:59:55.879,0.02048887312412262
2024/04/24 22:59:55.879,0.02222755178809166
2024/04/25 00:59:55.879,0.014726639725267887
2024/04/25 02:59:55.879,0.03791096433997154
2024/04/25 04:59:55.879,0.02176796644926071
2024/04/25 06:59:55.779,0.06512880325317383
2024/04/25 08:59:55.779,0.05213828757405281
2024/04/25 10:59:55.779,0.014440053142607212
2024/04/25 12:59:55.779,0.0204703938215971
2024/04/25 14:59:55.779,0.02015281841158867
2024/04/25 16:59:53.279,0.11942008882761002
2024/04/25 17:08:13.090,0.10058518499135971
2024/04/25 20:59:55.379,0.15225473046302795
2024/04/25 22:59:51.279,0.03261594846844673
2024/04/26 00:59:51.279,0.02200644463300705
2024/04/26 02:59:51.279,0.02935105375945568
2024/04/26 04:59:51.279,0.02326120063662529
2024/04/26 06:59:51.179,0.015472369268536568
2024/04/26 08:59:51.179,0.011878317221999168
2024/04/26 10:59:55.779,71.90264129638672
2024/04/26 12:59:59.779,219.19911193847656
2024/04/26 14:59:54.879,0.019491618499159813
2024/04/26 16:59:58.879,41.282588958740234
2024/04/26 18:59:57.379,0.01933189481496811
2024/04/26 20:59:57.379,0.018754595890641212
2024/04/26 22:59:53.379,0.018906259909272194
2024/04/27 00:59:53.379,0.011899637058377266
2024/04/27 02:59:53.279,0.011498013511300087
2024/04/27 04:59:53.279,0.03118627518415451
2024/04/27 06:59:53.279,0.03201914206147194
2024/04/27 08:59:53.279,0.03713683411478996
2024/04/27 10:59:53.279,0.018230369314551353
2024/04/27 12:59:53.279,0.013995661400258541
2024/04/27 14:59:53.279,0.03355756774544716
2024/04/27 16:59:53.279,0.02383030392229557
2024/04/27 18:59:53.379,0.023314345628023148
2024/04/27 20:59:53.379,0.019901162013411522
2024/04/27 22:59:53.279,0.018935319036245346
2024/04/28 00:59:53.279,0.021079346537590027
2024/04/28 02:59:53.279,0.020437469705939293
2024/04/28 04:59:53.279,0.018012618646025658
2024/04/28 06:59:53.279,0.02566560171544552
2024/04/28 08:59:53.279,0.02301732450723648
2024/04/28 10:59:53.279,0.014624020084738731
2024/04/28 12:59:53.279,0.033511143177747726
2024/04/28 14:59:53.279,0.012163019739091396
2024/04/28 16:59:53.279,0.02064196765422821
2024/04/28 18:59:53.279,0.011300844140350819
2024/04/28 20:59:53.279,0.02184264548122883
2024/04/28 22:59:53.279,0.015857268124818802
2024/04/29 00:59:53.279,0.026751073077321053
2024/04/29 02:59:53.279,0.03867235779762268
2024/04/29 04:59:53.279,0.02316221222281456
2024/04/29 06:59:53.279,0.022559957578778267
2024/04/29 08:59:53.279,0.028431197628378868
2024/04/29 10:59:53.279,0.03721485659480095
2024/04/29 12:59:53.279,0.05062010884284973
2024/04/29 14:59:53.279,0.02940434031188488
2024/04/29 16:59:53.279,0.012791963294148445
2024/04/29 18:59:53.279,0.03894568607211113
2024/04/29 20:59:53.279,0.03401551768183708
2024/04/29 22:59:53.279,0.02674444578588009
2024/04/30 00:59:53.279,0.04698419198393822
2024/04/30 02:59:53.279,0.016932537779211998
2024/04/30 04:59:53.279,0.028480932116508484
2024/04/30 06:59:53.279,0.017089804634451866
2024/04/30 08:59:53.179,0.03234165906906128
2024/04/30 10:59:53.179,0.01627253368496895
2024/04/30 12:59:53.179,0.01404352393001318
2024/04/30 14:59:53.179,0.009108624421060085
2024/04/30 16:59:53.179,0.014438951388001442
2024/04/30 18:59:53.179,0.02476327493786812
2024/04/30 20:59:53.179,0.021368546411395073
2024/04/30 22:59:53.179,0.024793995544314384
2024/05/01 00:59:53.179,0.027173060923814774
2024/05/01 02:59:53.179,0.02425786852836609
2024/05/01 04:59:53.179,0.038879718631505966
2024/05/01 06:59:53.179,0.03903694450855255
2024/05/01 08:59:53.179,0.0583282969892025
2024/05/01 10:59:56.379,0.015205149538815022
2024/05/01 12:59:53.087,0.021033039316534996
2024/05/01 14:59:53.087,0.01301132794469595
2024/05/01 16:59:53.085,0.016637004911899567
2024/05/01 18:59:53.085,0.02214546501636505
2024/05/01 20:59:53.084,0.034220270812511444
2024/05/01 22:59:53.085,0.03358343988656998
2024/05/02 00:59:53.086,0.0261364933103323
2024/05/02 02:59:53.092,0.03877025097608566
2024/05/02 04:59:53.090,0.01693783514201641
2024/05/02 06:59:53.096,0.01573784463107586
2024/05/02 08:59:53.085,0.010454072616994381
2024/05/02 10:59:53.088,0.04605761170387268
2024/05/02 12:59:53.085,0.04818201810121536
2024/05/02 14:59:58.095,0.013506464660167694
2024/05/02 16:59:58.085,0.038426175713539124
2024/05/02 18:59:58.093,0.02307540364563465
2024/05/02 20:59:58.085,0.01619015447795391
2024/05/02 22:59:58.085,0.03075961023569107
2024/05/03 00:59:58.085,0.03872988373041153
2024/05/03 02:59:58.085,0.03998278081417084
2024/05/03 04:59:58.085,0.02945706993341446
2024/05/03 06:59:58.089,0.019934268668293953
2024/05/03 08:59:58.085,0.02557782642543316
2024/05/03 10:59:54.679,0.015803320333361626
2024/05/03 12:59:52.979,0.016305461525917053
2024/05/03 14:59:55.979,0.01597377471625805
2024/05/03 16:59:56.579,0.042240045964717865
2024/05/03 18:59:56.579,0.03406050428748131
2024/05/03 20:59:56.579,0.016247950494289398
2024/05/03 22:59:56.579,0.01331604365259409
2024/05/04 00:59:56.579,0.023201193660497665
2024/05/04 02:59:56.579,0.046347055584192276
2024/05/04 04:59:56.579,0.019479159265756607
2024/05/04 06:59:56.579,0.03795725852251053
2024/05/04 08:59:56.579,0.022492097690701485
2024/05/04 10:59:55.680,0.022435184568166733
2024/05/04 12:59:59.579,45.97708511352539
2024/05/04 14:59:54.087,0.01667623780667782
2024/05/04 16:59:59.779,0.012159513309597969
2024/05/04 18:59:54.879,52.820804595947266
2024/05/04 20:59:51.279,0.013454096391797066
2024/05/04 22:59:58.979,0.03394332155585289
2024/05/05 00:59:57.094,50.445068359375
2024/05/05 02:59:51.179,49.96289825439453
2024/05/05 04:59:58.479,0.01746330037713051
2024/05/05 06:59:58.479,0.015495631843805313
2024/05/05 08:59:54.379,54.538761138916016
2024/05/05 10:59:54.379,52.44315719604492
2024/05/05 12:59:57.089,0.016743626445531845
2024/05/05 14:59:52.579,50.592742919921875
2024/05/05 16:59:59.479,50.127662658691406
2024/05/05 18:59:55.579,52.8920783996582
2024/05/05 20:59:52.779,48.84457015991211
2024/05/05 22:59:53.779,45.89102554321289
2024/05/06 00:59:55.779,47.95867156982422
2024/05/06 02:59:58.779,47.26103973388672
2024/05/06 04:59:56.879,48.89686584472656
2024/05/06 06:59:43.279,0.03494308516383171
2024/05/06 08:59:59.094,0.040842585265636444
2024/05/06 10:59:43.379,51.13910675048828
2024/05/06 12:59:53.279,0.027082307264208794
2024/05/06 14:59:57.779,0.012525059282779694
2024/05/06 16:59:58.179,0.03092247061431408
2024/05/06 18:59:55.379,50.831695556640625
2024/05/06 20:59:50.479,53.307334899902344
2024/05/06 22:59:56.479,50.48598861694336
2024/05/07 00:59:50.679,49.83235549926758
2024/05/07 02:59:56.579,51.221641540527344
2024/05/07 04:59:51.779,0.029051313176751137
2024/05/07 06:59:57.579,0.021186184138059616
2024/05/07 08:59:57.579,0.01734897866845131
2024/05/07 10:59:57.579,0.01148828025907278
2024/05/07 12:59:57.579,0.04604233428835869
2024/05/07 14:59:57.579,0.015287092886865139
2024/05/07 16:59:57.579,0.03277840092778206
2024/05/07 18:59:57.579,0.011898471973836422
2024/05/07 20:59:57.579,0.013450153172016144
2024/05/07 22:59:57.579,0.048695895820856094
2024/05/08 00:59:57.579,0.02938016504049301
2024/05/08 02:59:57.579,0.01845753751695156
2024/05/08 04:59:57.579,0.02619311213493347
2024/05/08 06:59:57.579,0.022733954712748528
2024/05/08 08:59:57.579,0.01406314130872488
2024/05/08 10:59:57.579,0.020385634154081345
2024/05/08 12:59:57.479,0.021779213100671768
2024/05/08 14:59:57.479,0.05137590691447258
2024/05/08 16:59:57.479,0.02616916224360466
2024/05/08 18:59:57.479,0.039404261857271194
2024/05/08 20:59:57.479,0.054869771003723145
2024/05/08 22:59:57.479,0.022281760349869728
2024/05/09 00:59:57.479,0.04053666070103645
2024/05/09 02:59:57.479,0.030426928773522377
2024/05/09 04:59:57.479,0.013363252393901348
2024/05/09 06:59:57.479,0.014771224930882454
2024/05/09 08:59:57.479,0.04362074285745621
2024/05/09 10:59:52.479,0.01577482745051384
2024/05/09 12:59:52.479,0.014490000903606415
2024/05/09 14:59:52.479,0.038200050592422485
2024/05/09 16:59:52.479,0.02519131451845169
2024/05/09 18:59:43.089,50.34603500366211
2024/05/09 20:59:50.279,0.03299447149038315
2024/05/09 22:59:51.102,68.07998657226562
2024/05/10 00:59:54.100,49.51044845581055
2024/05/10 02:59:58.094,43.40958023071289
2024/05/10 04:59:58.879,0.018496183678507805
2024/05/10 06:59:56.679,0.023566458374261856
2024/05/10 08:59:52.379,47.13591384887695
2024/05/10 10:59:56.379,46.68268585205078
2024/05/10 12:59:52.479,52.786705017089844
2024/05/10 14:59:53.479,0.023991253226995468
2024/05/10 16:59:53.679,0.023153768852353096
2024/05/10 18:59:57.579,49.01782989501953
2024/05/10 20:59:51.779,45.129150390625
2024/05/10 22:59:56.679,45.30640411376953
2024/05/11 00:59:59.679,47.93553161621094
2024/05/11 02:59:52.879,47.00267028808594
2024/05/11 04:59:59.879,52.07392883300781
2024/05/11 06:59:52.097,46.517948150634766
2024/05/11 08:59:51.096,50.04378890991211
2024/05/11 10:59:55.089,0.01106476504355669
2024/05/11 12:59:58.379,0.009388232603669167
2024/05/11 14:59:56.179,47.25172424316406
2024/05/11 16:59:54.279,45.42633819580078
2024/05/11 18:59:58.279,43.9987907409668
2024/05/11 20:59:54.479,0.03242318332195282
2024/05/11 22:59:56.279,0.019860675558447838
2024/05/12 00:59:56.479,53.15781784057617
2024/05/12 02:59:54.579,53.770660400390625
2024/05/12 04:59:51.779,58.05714416503906
2024/05/12 06:59:54.979,0.02434401586651802
2024/05/12 08:59:51.979,0.01377804297953844
2024/05/12 10:59:53.879,60.229339599609375
2024/05/12 12:59:58.879,56.74669647216797
2024/05/12 14:59:50.679,0.018582956865429878
2024/05/12 16:59:55.101,60.142295837402344
2024/05/12 18:59:51.579,0.027595210820436478
2024/05/12 20:59:59.101,54.82764434814453
2024/05/12 22:59:59.086,55.41682052612305
2024/05/13 00:59:52.379,55.682037353515625
2024/05/13 02:59:55.379,55.20988082885742
2024/05/13 04:59:58.379,55.20709228515625
2024/05/13 06:59:59.679,0.022161299362778664
2024/05/13 08:59:58.679,0.027823638170957565
2024/05/13 10:59:56.979,0.028583955019712448
2024/05/13 12:59:56.579,56.9903564453125
2024/05/13 14:59:59.579,57.76640701293945
2024/05/13 16:59:59.084,0.023125523701310158
2024/05/13 18:59:54.879,58.66888427734375
2024/05/13 20:59:50.979,52.36811828613281
2024/05/13 22:59:58.879,55.140785217285156
2024/05/14 00:59:55.979,56.68016815185547
2024/05/14 02:59:57.102,61.736244201660156
2024/05/14 04:59:53.179,52.07251739501953
2024/05/14 06:59:50.279,52.69805145263672
2024/05/14 08:59:59.179,0.05724908038973808
2024/05/14 10:59:51.379,0.03956000134348869
2024/05/14 12:59:58.279,56.3572883605957
2024/05/14 14:59:50.579,52.28753662109375
2024/05/14 16:59:54.479,53.82439422607422
2024/05/14 18:59:59.479,0.022053498774766922
2024/05/14 20:59:52.679,56.0668830871582
2024/05/14 22:59:40.979,61.57266616821289
2024/05/15 00:59:57.679,57.38395309448242
2024/05/15 02:59:50.879,55.222068786621094
2024/05/15 04:59:53.879,54.52804946899414
2024/05/15 06:59:58.879,0.028558367863297462
2024/05/15 08:59:53.094,56.737918853759766
2024/05/15 10:59:54.102,56.053131103515625
2024/05/15 12:59:59.279,0.016613183543086052
2024/05/15 14:59:57.086,59.07590103149414
2024/05/15 16:59:54.279,51.12269973754883
2024/05/15 18:59:54.679,0.014365092851221561
2024/05/15 20:59:59.779,0.017713423818349838
2024/05/15 22:59:52.479,58.16591262817383
2024/05/16 00:59:51.579,59.18227005004883
2024/05/16 02:59:57.479,0.029954450204968452
2024/05/16 04:59:57.579,52.795310974121094
2024/05/16 06:59:58.579,53.98809814453125
2024/05/16 08:59:56.681,59.282569885253906
2024/05/16 10:59:59.679,142.9071502685547
2024/05/16 12:59:54.879,60.98139572143555
2024/05/16 14:59:53.088,0.018439458683133125
2024/05/16 16:59:52.096,59.59942626953125
2024/05/16 18:59:52.479,0.014556472189724445
2024/05/16 20:59:57.098,56.22441864013672
2024/05/16 22:59:54.179,57.22607421875
2024/05/17 00:59:54.379,0.04868977516889572
2024/05/17 02:59:55.279,58.21648025512695
2024/05/17 04:59:56.279,57.5577392578125
2024/05/17 06:59:57.379,55.75302505493164
2024/05/17 08:59:51.579,0.047858837991952896
2024/05/17 10:59:58.479,51.90589904785156
2024/05/17 12:59:51.679,49.961875915527344
2024/05/17 14:59:55.679,48.7144775390625
2024/05/17 16:59:58.679,45.85499572753906
2024/05/17 18:59:58.679,54.76639175415039
2024/05/17 20:59:42.089,55.16621017456055
2024/05/17 22:59:55.879,0.03946811333298683
2024/05/18 00:59:59.879,58.833534240722656
2024/05/18 02:59:54.179,0.02002769336104393
2024/05/18 04:59:59.979,51.6484489440918
2024/05/18 06:59:51.179,59.022430419921875
2024/05/18 08:59:57.179,54.52053451538086
2024/05/18 10:59:55.279,57.36376953125
2024/05/18 12:59:57.679,0.030682306736707687
2024/05/18 14:59:55.279,0.03049447014927864
2024/05/18 16:59:55.579,0.04387339577078819
2024/05/18 18:59:59.379,54.5816764831543
2024/05/18 20:59:56.579,50.90699005126953
2024/05/18 22:59:59.579,0.013745655305683613
2024/05/19 00:59:53.679,54.29301834106445
2024/05/19 02:59:50.879,52.64515686035156
2024/05/19 04:59:43.106,56.31584167480469
2024/05/19 06:59:43.090,52.11310958862305
2024/05/19 08:59:55.879,52.98464584350586
2024/05/19 10:59:51.679,0.0396154448390007
2024/05/19 12:59:56.979,58.054203033447266
2024/05/19 14:59:54.090,58.060035705566406
2024/05/19 16:59:52.279,58.741336822509766
2024/05/19 18:59:58.779,0.02750636450946331
2024/05/19 20:59:55.279,53.446109771728516
2024/05/19 22:59:51.479,57.8187141418457
2024/05/20 00:59:51.479,53.16918182373047
2024/05/20 02:59:51.579,57.88578414916992
2024/05/20 04:59:56.479,55.45698165893555
2024/05/20 06:59:58.479,0.01509876735508442
2024/05/20 08:59:57.579,58.00102615356445
2024/05/20 10:59:56.679,0.019891975447535515
2024/05/20 12:59:54.779,57.91079330444336
2024/05/20 14:59:57.779,0.030447732657194138
2024/05/20 16:59:41.179,0.015263804234564304
2024/05/20 18:59:53.979,56.306884765625
2024/05/20 20:59:57.979,57.815242767333984
2024/05/20 22:59:51.179,58.14864730834961
2024/05/21 00:59:53.179,55.56331253051758
2024/05/21 02:59:50.085,0.027893846854567528
2024/05/21 04:59:51.086,0.012379193678498268
2024/05/21 06:59:51.084,0.03757639601826668
2024/05/21 08:59:51.087,0.02938225120306015
2024/05/21 10:59:51.084,0.015420741401612759
2024/05/21 12:59:51.085,0.040183138102293015
2024/05/21 14:59:51.084,0.024625172838568687
2024/05/21 16:59:51.085,0.018090125173330307
2024/05/21 18:06:21.084,0.030318522825837135
2024/05/21 20:59:50.086,0.04129696264863014
2024/05/21 22:59:50.085,0.016865013167262077
2024/05/22 00:59:50.100,0.022793931886553764
2024/05/22 02:59:50.114,0.015452301129698753
2024/05/22 04:59:50.102,0.013581148348748684
2024/05/22 06:59:59.979,0.023816829547286034
2024/05/22 08:59:58.979,0.024405334144830704
2024/05/22 10:59:58.979,0.015952562913298607
2024/05/22 12:59:58.979,0.014073158614337444
2024/05/22 14:59:58.979,0.019554655998945236
2024/05/22 16:59:58.979,0.018557755276560783
2024/05/22 18:59:58.979,0.014134873636066914
2024/05/22 20:59:58.979,0.034018177539110184
2024/05/22 22:59:58.979,0.018629461526870728
2024/05/23 00:59:58.979,0.01544024795293808
2024/05/23 02:59:58.979,0.013734041713178158
2024/05/23 04:59:58.979,0.03189396113157272
2024/05/23 06:59:58.979,0.03276519477367401
2024/05/23 08:59:58.979,0.02421933226287365
2024/05/23 10:59:58.979,0.03198820725083351
2024/05/23 12:59:58.979,0.02004341594874859
2024/05/23 14:59:58.979,0.044263917952775955
2024/05/23 16:59:58.979,0.030439622700214386
2024/05/23 18:59:58.979,0.037770163267850876
2024/05/23 20:59:52.279,0.017788536846637726
2024/05/23 22:59:58.279,46.360172271728516
2024/05/24 00:59:57.279,0.02638586238026619
2024/05/24 02:59:50.479,0.017958056181669235
2024/05/24 04:59:53.579,0.026325244456529617
2024/05/24 06:59:59.279,0.04637465998530388
2024/05/24 08:59:59.479,42.91144943237305
2024/05/24 10:59:50.779,44.34358596801758
2024/05/24 12:59:51.379,0.024799099192023277
2024/05/24 14:59:53.779,46.95400619506836
2024/05/24 16:59:56.279,0.02919480949640274
2024/05/24 18:59:52.579,0.04526527225971222
2024/05/24 20:59:52.279,0.03957122564315796
2024/05/24 22:59:51.679,0.0086906086653471
2024/05/25 00:59:52.279,0.018762439489364624
2024/05/25 02:59:52.379,0.01521313562989235
2024/05/25 04:59:56.179,47.344512939453125
2024/05/25 06:59:59.179,48.06020736694336
2024/05/25 08:59:52.379,46.60912322998047
2024/05/25 10:59:52.479,46.07240676879883
2024/05/25 12:59:58.379,46.492042541503906
2024/05/25 14:59:51.579,91.94949340820312
2024/05/25 16:59:53.087,0.05610480159521103
2024/05/25 18:59:58.279,0.01900828257203102
2024/05/25 20:59:58.479,0.021484414115548134
2024/05/25 22:59:58.679,45.40250015258789
2024/05/26 00:59:58.979,0.016180140897631645
2024/05/26 02:59:56.879,45.267822265625
2024/05/26 04:59:54.979,45.70997619628906
2024/05/26 06:59:55.779,0.023909566923975945
2024/05/26 08:59:55.118,45.860107421875
2024/05/26 10:59:55.091,48.68568420410156
2024/05/26 12:59:51.279,47.09502029418945
2024/05/26 14:59:56.279,45.45310592651367
2024/05/26 16:59:55.279,46.00562286376953
2024/05/26 18:59:56.379,48.064903259277344
2024/05/26 20:59:50.579,0.011549776419997215
2024/05/26 22:59:57.479,46.40149688720703
2024/05/27 00:59:51.679,49.53517532348633
2024/05/27 02:59:58.579,42.94072723388672
2024/05/27 04:59:52.779,44.87010192871094
2024/05/27 06:59:54.479,0.015377122908830643
2024/05/27 08:59:54.879,0.029767267405986786
2024/05/27 10:59:53.179,0.043773844838142395
2024/05/27 12:59:55.879,50.12950897216797
2024/05/27 14:59:56.979,40.736328125
2024/05/27 16:59:59.379,0.025037765502929688
2024/05/27 18:59:50.090,0.020890241488814354
2024/05/27 20:59:59.379,0.015059581957757473
2024/05/27 22:59:58.779,0.01976354420185089
2024/05/28 00:59:58.179,0.03675423935055733
2024/05/28 02:59:50.479,46.53105926513672
2024/05/28 04:59:53.479,39.908809661865234
2024/05/28 06:59:53.479,45.934722900390625
2024/05/28 08:59:53.085,0.022100184112787247
2024/05/28 10:59:53.379,0.04284399375319481
2024/05/28 12:59:51.979,0.02936248481273651
2024/05/28 14:59:51.779,0.02016516588628292
2024/05/28 16:59:58.779,0.02126970887184143
2024/05/28 18:59:50.979,0.03868822380900383
2024/05/28 20:59:57.879,0.03313989192247391
2024/05/28 22:59:59.879,45.993202209472656
2024/05/29 00:59:55.096,44.45835876464844
2024/05/29 02:59:51.179,45.74368667602539
2024/05/29 04:59:57.379,0.015849726274609566
2024/05/29 06:59:57.379,0.02128332108259201
2024/05/29 08:59:57.279,39.14992904663086
2024/05/29 10:59:58.279,18.953739166259766
2024/05/29 12:59:54.579,0.009682976640760899
2024/05/29 14:59:58.679,0.015975376591086388
2024/05/29 16:59:50.579,40.667076110839844
2024/05/29 18:59:55.879,0.0404127798974514
2024/05/29 20:59:53.679,0.01978769153356552
2024/05/29 22:59:56.679,44.734493255615234
2024/05/30 00:59:52.579,0.05013463646173477
2024/05/30 02:59:53.879,48.624778747558594
2024/05/30 04:59:59.088,0.034538816660642624
2024/05/30 06:59:59.084,0.04286165162920952
2024/05/30 08:59:59.083,0.027795249596238136
2024/05/30 10:59:59.093,0.019729573279619217
2024/05/30 12:59:59.090,0.013343298807740211
2024/05/30 14:59:59.089,0.013956904411315918
2024/05/30 16:59:59.084,0.02860996127128601
2024/05/30 18:59:59.085,0.011356011964380741
2024/05/30 20:59:51.479,43.8785514831543
2024/05/30 22:59:57.779,0.03377684950828552
2024/05/31 00:59:56.479,0.014277933165431023
2024/05/31 02:59:56.179,0.03115147538483143
2024/05/31 04:59:52.679,44.85219955444336
2024/05/31 06:59:57.679,42.23248291015625
2024/05/31 08:59:51.086,0.019738292321562767
2024/05/31 10:59:50.879,42.551116943359375
2024/05/31 12:59:53.879,42.9152946472168
2024/05/31 14:59:56.379,0.03949303552508354
2024/05/31 16:59:50.679,0.019094286486506462
2024/05/31 18:59:50.679,0.022535227239131927
2024/05/31 20:59:56.093,60.46210861206055
2024/05/31 22:59:59.096,59.13130569458008
2024/06/01 00:59:54.279,63.01262283325195
2024/06/01 02:59:57.279,58.61436080932617
2024/06/01 04:59:50.479,54.55138397216797
2024/06/01 06:59:50.479,60.02537155151367
2024/06/01 08:59:51.479,0.01749321073293686
2024/06/01 10:59:51.479,0.010483399964869022
2024/06/01 12:59:51.679,0.04495440796017647
2024/06/01 14:59:51.579,0.04425496980547905
2024/06/01 16:59:50.779,0.015896104276180267
2024/06/01 18:59:50.879,58.305152893066406
2024/06/01 20:59:56.779,61.89094543457031
2024/06/01 22:59:51.979,0.054016873240470886
2024/06/02 00:59:54.979,0.015514535829424858
2024/06/02 02:59:58.979,63.36241149902344
2024/06/02 04:59:57.096,59.93346405029297
2024/06/02 06:59:56.086,64.73841094970703
2024/06/02 08:59:51.279,60.24090576171875
2024/06/02 10:59:55.279,55.09284210205078
2024/06/02 12:59:58.279,59.64876937866211
2024/06/02 14:59:59.279,58.55415344238281
2024/06/02 16:59:53.479,56.06803894042969
2024/06/02 18:59:53.579,73.22745513916016
2024/06/02 20:59:59.479,73.93502807617188
2024/06/02 22:59:55.179,0.022018853574991226
2024/06/03 00:59:55.179,0.04022018238902092
2024/06/03 02:59:58.679,0.021854832768440247
2024/06/03 04:59:54.879,78.3303451538086
2024/06/03 06:59:50.579,0.04437483102083206
2024/06/03 08:59:51.090,27.471031188964844
2024/06/03 10:59:56.979,0.02261098101735115
2024/06/03 12:59:53.103,72.77400970458984
2024/06/03 14:59:57.090,73.18895721435547
2024/06/03 16:59:51.279,68.82747650146484
2024/06/03 18:59:54.279,38.34254837036133
2024/06/03 20:59:57.279,17.754377365112305
2024/06/03 22:59:59.279,28.319414138793945
2024/06/04 00:59:50.479,0.01769413612782955
2024/06/04 02:59:56.279,0.035855647176504135
2024/06/04 04:59:56.279,0.017193004488945007
2024/06/04 06:59:56.279,0.022670380771160126
2024/06/04 08:59:56.279,0.025011850520968437
2024/06/04 10:59:50.279,0.015740683302283287
2024/06/04 12:59:58.279,0.012674874626100063
2024/06/04 14:59:55.279,0.0178176648914814
2024/06/04 16:59:55.179,0.019557612016797066
2024/06/04 18:59:55.179,0.014965991489589214
2024/06/04 20:59:55.179,0.04191477969288826
2024/06/04 22:59:55.179,0.011868289671838284
2024/06/05 00:59:55.179,0.01335843838751316
2024/06/05 02:59:55.179,0.010426368564367294
2024/06/05 04:59:55.179,0.028920380398631096
2024/06/05 06:59:55.179,0.012806707061827183
2024/06/05 08:59:55.179,0.044179294258356094
2024/06/05 10:59:55.179,0.038150541484355927
2024/06/05 12:59:55.179,0.020463770255446434
2024/06/05 14:59:55.179,0.041382111608982086
2024/06/05 16:59:55.179,0.035706520080566406
2024/06/05 18:59:55.179,0.0305883027613163
2024/06/05 20:59:55.179,0.02868201956152916
2024/06/05 22:59:55.179,0.0178852342069149
2024/06/06 00:59:55.179,0.016501525416970253
2024/06/06 02:59:55.179,0.025062713772058487
2024/06/06 04:59:55.179,0.02053108438849449
2024/06/06 06:59:55.179,0.02334376983344555
2024/06/06 08:59:55.179,0.02453279122710228
2024/06/06 10:59:55.179,0.04432643577456474
2024/06/06 12:59:55.179,0.015280861407518387
2024/06/06 14:59:59.279,0.02827954851090908
2024/06/06 16:59:58.579,0.03310135006904602
2024/06/06 18:59:56.479,0.015162932686507702
2024/06/06 20:59:57.579,0.03784502297639847
2024/06/06 22:59:54.579,0.017363643273711205
2024/06/07 00:59:55.679,47.415828704833984
2024/06/07 02:59:57.679,59.84947967529297
2024/06/07 04:59:54.879,0.022873707115650177
2024/06/07 06:59:50.279,0.032525502145290375
2024/06/07 08:59:50.979,63.19993209838867
2024/06/07 10:59:58.879,50.13569641113281
2024/06/07 12:59:54.103,62.30278015136719
2024/06/07 14:59:51.179,52.819122314453125
2024/06/07 16:59:56.379,0.06610297411680222
2024/06/07 18:59:51.779,0.028111398220062256
2024/06/07 20:59:56.279,61.23982620239258
2024/06/07 22:59:51.379,62.377071380615234
2024/06/08 00:59:58.479,0.033819880336523056
2024/06/08 02:59:58.479,0.027737904340028763
2024/06/08 04:59:58.479,0.018568839877843857
2024/06/08 06:59:58.479,0.027082765474915504
2024/06/08 08:59:56.879,0.013079890981316566
2024/06/08 10:59:58.579,3.394880771636963
2024/06/08 12:59:54.779,8.156926155090332
2024/06/08 14:59:51.479,0.017690353095531464
2024/06/08 16:59:53.879,0.024423692375421524
2024/06/08 18:59:54.979,58.1034049987793
2024/06/08 20:59:54.279,0.02719232812523842
2024/06/08 22:59:59.579,0.016347600147128105
2024/06/09 00:59:53.979,0.014503752812743187
2024/06/09 02:59:59.979,0.020286910235881805
2024/06/09 04:59:56.779,0.011631498113274574
2024/06/09 06:59:56.779,0.030739614740014076
2024/06/09 08:59:58.479,0.023288115859031677
2024/06/09 10:59:56.379,64.05077362060547
2024/06/09 12:59:59.379,57.27188491821289
2024/06/09 14:59:50.679,0.011124120093882084
2024/06/09 16:59:50.679,0.02632373757660389
2024/06/09 18:59:51.379,0.052530255168676376
2024/06/09 20:59:59.279,0.02413645200431347
2024/06/09 22:59:55.779,67.2217788696289
2024/06/10 00:59:58.779,62.63642120361328
2024/06/10 02:59:50.979,66.22664642333984
2024/06/10 04:59:53.979,59.445350646972656
2024/06/10 06:59:55.479,0.01858443394303322
2024/06/10 08:59:59.279,0.038390420377254486
2024/06/10 10:59:57.102,56.980262756347656
2024/06/10 12:59:56.179,59.79343795776367
2024/06/10 14:59:53.279,63.157955169677734
2024/06/10 16:59:57.279,61.84711837768555
2024/06/10 18:59:55.379,66.94630432128906
2024/06/10 20:59:50.579,61.246829986572266
2024/06/10 22:59:50.579,63.534950256347656
2024/06/11 00:59:52.679,66.10790252685547
2024/06/11 02:59:52.679,65.56704711914062
2024/06/11 04:59:55.679,56.86674499511719
2024/06/11 06:59:55.779,64.94599914550781
2024/06/11 08:59:54.879,64.82571411132812
2024/06/11 10:59:59.779,73.82166290283203
2024/06/11 12:59:59.579,0.014125095680356026
2024/06/11 14:59:58.088,55.30255889892578
2024/06/11 16:59:59.779,61.63022994995117
2024/06/11 18:59:56.091,64.43091583251953
2024/06/11 20:59:51.279,69.49605560302734
2024/06/11 22:59:56.279,59.26494216918945
2024/06/12 00:59:57.279,68.36209106445312
2024/06/12 02:59:56.379,55.12013626098633
2024/06/12 04:59:50.579,64.30062103271484
2024/06/12 06:59:55.479,58.40733337402344
2024/06/12 08:59:51.679,52.690467834472656
2024/06/12 10:59:51.679,57.357337951660156
2024/06/12 12:59:50.779,55.51685333251953
2024/06/12 14:59:58.679,55.57801055908203
2024/06/12 16:59:54.779,66.32100677490234
2024/06/12 18:59:55.879,59.121795654296875
2024/06/12 20:59:54.979,58.32075881958008
2024/06/12 22:59:53.101,60.707393646240234
2024/06/13 00:59:50.479,0.017728999257087708
2024/06/13 02:59:50.179,60.58971405029297
2024/06/13 04:59:57.090,55.04502487182617
2024/06/13 06:59:59.179,52.5521125793457
2024/06/13 08:59:52.379,64.5158462524414
2024/06/13 10:59:50.379,75.58474731445312
2024/06/13 12:59:51.091,67.85152435302734
2024/06/13 14:59:50.379,67.21784973144531
2024/06/13 16:59:50.679,55.90494155883789
2024/06/13 18:59:50.679,62.05522537231445
2024/06/13 20:59:50.379,0.04009293392300606
2024/06/13 22:59:57.679,52.30845642089844
2024/06/14 00:59:54.779,59.69451141357422
2024/06/14 02:59:50.779,0.01613462343811989
2024/06/14 04:59:54.879,55.7487907409668
2024/06/14 06:59:58.879,63.76716613769531
2024/06/14 08:59:54.110,67.02178192138672
2024/06/14 10:59:54.090,74.44051361083984
2024/06/14 12:59:58.092,67.5034408569336
2024/06/14 14:59:54.279,61.229217529296875
2024/06/14 16:59:57.279,19.66541862487793
2024/06/14 18:59:57.279,30.247108459472656
2024/06/14 20:59:52.479,27.750167846679688
2024/06/14 22:59:54.479,33.54951858520508
2024/06/15 00:59:58.479,31.14147186279297
2024/06/15 02:59:51.679,54.66355514526367
2024/06/15 04:59:57.679,0.036404941231012344
2024/06/15 06:59:59.579,32.792518615722656
2024/06/15 08:59:58.679,65.07137298583984
2024/06/15 10:59:51.879,72.71427154541016
2024/06/15 12:59:55.879,56.646400451660156
2024/06/15 14:59:55.879,54.94464874267578
2024/06/15 16:59:59.879,58.765567779541016
2024/06/15 18:59:53.113,66.64559173583984
2024/06/15 20:59:57.090,0.021751072257757187
2024/06/15 22:59:51.779,71.07852935791016
2024/06/16 00:59:50.679,0.03830832242965698
2024/06/16 02:59:54.379,72.31783294677734
2024/06/16 04:59:59.279,52.6092529296875
2024/06/16 06:59:58.379,58.6796760559082
2024/06/16 08:59:50.579,61.039546966552734
2024/06/16 10:59:55.579,65.9216537475586
2024/06/16 12:59:59.179,0.019461724907159805
2024/06/16 14:59:59.179,0.015386220067739487
2024/06/16 16:59:51.779,97.56494140625
2024/06/16 18:59:51.479,0.026085786521434784
2024/06/16 20:59:55.879,75.22830200195312
2024/06/16 22:59:53.979,47.16030502319336
2024/06/17 00:59:56.979,59.543521881103516
2024/06/17 02:59:51.098,62.3997917175293
2024/06/17 04:59:56.094,55.4098014831543
2024/06/17 06:59:59.109,62.10622787475586
2024/06/17 08:59:50.579,0.02238365449011326
2024/06/17 10:59:54.279,62.7718620300293
2024/06/17 12:59:57.279,64.86703491210938
2024/06/17 14:59:50.579,0.02370387502014637
2024/06/17 16:59:57.979,0.013394837267696857
2024/06/17 18:59:50.679,55.776424407958984
2024/06/17 20:59:57.579,0.026173638179898262
2024/06/17 22:59:52.179,0.02815268002450466
2024/06/18 00:59:57.679,62.58236312866211
2024/06/18 02:59:58.679,72.5993881225586
2024/06/18 04:59:52.879,69.98945617675781
2024/06/18 06:59:58.879,0.00909445807337761
2024/06/18 08:59:58.879,0.024225369095802307
2024/06/18 10:59:58.879,0.025624822825193405
2024/06/18 12:59:58.879,0.01857174187898636
2024/06/18 14:59:58.879,0.017200283706188202
2024/06/18 16:59:58.879,0.03075101599097252
2024/06/18 18:59:58.879,0.012901189737021923
2024/06/18 20:59:58.879,0.051209524273872375
2024/06/18 22:59:51.479,0.017160754650831223
2024/06/19 00:59:58.279,0.020147744566202164
2024/06/19 02:59:58.279,0.03295619785785675
2024/06/19 04:59:54.579,56.43544006347656
2024/06/19 06:59:55.679,37.01837158203125
2024/06/19 08:59:52.779,61.435482025146484
2024/06/19 10:59:57.679,60.35416793823242
2024/06/19 12:59:56.779,0.019449925050139427
2024/06/19 14:59:59.779,64.04368591308594
2024/06/19 16:59:54.979,58.4140510559082
2024/06/19 18:59:54.979,59.34507751464844
2024/06/19 20:59:54.101,59.8099365234375
2024/06/19 22:59:58.094,64.30935668945312
2024/06/20 00:59:51.279,60.50624465942383
2024/06/20 02:59:52.095,0.03298304229974747
2024/06/20 04:59:59.279,61.360111236572266
2024/06/20 06:59:50.479,61.355323791503906
2024/06/20 08:59:54.479,0.02339250221848488
2024/06/20 10:59:57.179,0.02364143170416355
2024/06/20 12:59:54.085,0.023302845656871796
2024/06/20 14:59:59.579,0.01590566337108612
2024/06/20 16:59:53.679,0.015930114313960075
2024/06/20 18:59:59.679,60.65751647949219
2024/06/20 20:59:56.779,0.019782960414886475
2024/06/20 22:59:59.779,61.94768142700195
2024/06/21 00:59:54.979,61.514705657958984
2024/06/21 02:59:56.979,58.74046325683594
2024/06/21 04:59:52.100,59.8148307800293
2024/06/21 06:59:50.279,0.051264822483062744
2024/06/21 08:59:51.979,0.015216470696032047
2024/06/21 10:59:51.779,59.31381607055664
2024/06/21 12:59:51.879,65.07433319091797
2024/06/21 14:59:50.479,0.01938200369477272
2024/06/21 16:59:50.679,64.45136260986328
2024/06/21 18:59:58.379,67.61251831054688
2024/06/21 20:59:54.579,66.80310821533203
2024/06/21 22:59:57.579,61.15743637084961
2024/06/22 00:59:51.779,64.54629516601562
2024/06/22 02:59:50.779,65.36585235595703
2024/06/22 04:59:57.779,65.9001693725586
2024/06/22 06:59:56.779,65.73033142089844
2024/06/22 08:59:53.979,66.85692596435547
2024/06/22 10:59:51.114,61.25715255737305
2024/06/22 12:59:57.979,0.011100530624389648
2024/06/22 14:59:54.779,0.034041352570056915
2024/06/22 16:59:55.179,59.391632080078125
2024/06/22 18:59:53.279,65.55378723144531
2024/06/22 20:59:50.379,0.007507121190428734
2024/06/22 22:59:57.279,61.71503829956055
2024/06/23 00:59:50.479,59.61015701293945
2024/06/23 02:59:54.479,62.86149215698242
2024/06/23 04:59:50.579,58.38069152832031
2024/06/23 06:59:52.679,62.18119812011719
2024/06/23 08:59:58.087,0.01681666634976864
2024/06/23 10:59:50.779,62.174705505371094
2024/06/23 12:59:55.779,59.04070281982422
2024/06/23 14:59:58.779,60.122501373291016
2024/06/23 16:59:51.979,58.79806137084961
2024/06/23 18:59:56.879,59.094425201416016
2024/06/23 20:59:52.108,57.9293212890625
2024/06/23 22:59:58.979,58.97686004638672
2024/06/24 00:59:54.179,56.93952560424805
2024/06/24 02:59:59.086,59.149085998535156
2024/06/24 04:59:57.179,62.73976135253906
2024/06/24 06:59:50.379,62.248931884765625
2024/06/24 08:59:58.479,0.025684185326099396
2024/06/24 10:59:57.379,56.01813888549805
2024/06/24 12:59:53.579,58.49631118774414
2024/06/24 14:59:57.479,56.06617736816406
2024/06/24 16:59:58.579,64.85366821289062
2024/06/24 18:59:57.679,63.95812225341797
2024/06/24 20:59:56.679,56.603248596191406
2024/06/24 22:59:53.879,61.09624099731445
2024/06/25 00:59:56.879,56.808563232421875
2024/06/25 02:59:57.879,60.23583221435547
2024/06/25 04:59:55.979,62.36988067626953
2024/06/25 06:59:59.979,0.034362033009529114
2024/06/25 08:59:56.094,58.67720031738281
2024/06/25 10:59:50.279,0.031438883394002914
2024/06/25 12:59:53.279,59.4332389831543
2024/06/25 14:59:58.180,65.09318542480469
2024/06/25 16:59:56.479,64.18872833251953
2024/06/25 18:59:51.479,60.254940032958984
2024/06/25 20:59:53.479,60.20574951171875
2024/06/25 22:59:59.479,62.31127166748047
2024/06/26 00:59:54.579,58.6695556640625
2024/06/26 02:59:59.579,60.32235336303711
2024/06/26 04:59:56.679,0.021966775879263878
2024/06/26 06:59:53.779,59.166221618652344
2024/06/26 08:59:53.879,0.021516965702176094
2024/06/26 10:59:51.979,62.55244827270508
2024/06/26 12:59:57.879,64.86016845703125
2024/06/26 14:59:52.098,62.09062576293945
2024/06/26 16:59:57.100,61.98236846923828
2024/06/26 18:59:51.279,61.683231353759766
2024/06/26 20:59:59.087,61.37771987915039
2024/06/26 22:59:54.279,58.05488586425781
2024/06/27 00:59:53.379,61.569618225097656
2024/06/27 02:59:57.379,60.607872009277344
2024/06/27 04:59:55.479,61.89315414428711
2024/06/27 06:59:54.579,0.045755766332149506
2024/06/27 08:59:54.579,67.42835235595703
2024/06/27 10:59:52.579,72.4244155883789
2024/06/27 12:59:52.779,66.28890228271484
2024/06/27 14:59:58.086,0.025249045342206955
2024/06/27 16:59:50.879,57.36674880981445
2024/06/27 18:59:53.879,61.107948303222656
2024/06/27 20:59:57.879,61.93278884887695
2024/06/27 22:59:51.111,61.27580642700195
2024/06/28 00:59:56.095,62.98245620727539
2024/06/28 02:59:52.179,0.0283515527844429
2024/06/28 04:59:57.279,57.44596481323242
2024/06/28 06:59:56.779,59.62540054321289
2024/06/28 08:59:55.379,72.22884368896484
2024/06/28 10:59:55.379,64.94087982177734
2024/06/28 12:59:52.479,60.161434173583984
2024/06/28 14:59:57.479,61.498779296875
2024/06/28 16:59:54.979,0.01573350466787815
2024/06/28 18:59:56.579,63.67366027832031
2024/06/28 20:59:50.779,60.07001876831055
2024/06/28 22:59:53.779,62.05418014526367
2024/06/29 00:59:53.879,0.041671451181173325
2024/06/29 02:59:53.879,0.020322047173976898
2024/06/29 04:59:54.979,0.017490742728114128
2024/06/29 06:59:59.979,0.026621270924806595
2024/06/29 08:59:56.093,63.32041549682617
2024/06/29 10:59:55.099,0.021052485331892967
2024/06/29 12:59:58.089,62.24919891357422
2024/06/29 14:59:51.279,62.99714279174805
2024/06/29 16:59:54.279,61.01641845703125
2024/06/29 18:59:56.179,0.02840675227344036
2024/06/29 20:59:52.479,61.43031311035156
2024/06/29 22:59:53.979,70.93366241455078
2024/06/30 00:59:50.679,67.93926239013672
2024/06/30 02:59:53.680,0.030368288978934288
2024/06/30 04:59:57.579,68.37653350830078
2024/06/30 06:59:51.083,0.028771236538887024
2024/06/30 08:59:50.979,0.0219933670014143
2024/06/30 10:59:54.879,64.250244140625
2024/06/30 12:59:58.779,72.80854797363281
2024/06/30 14:59:53.979,77.3263931274414
2024/06/30 16:59:59.579,0.012674941681325436
2024/06/30 18:59:54.279,65.54044342041016
2024/06/30 20:59:53.879,59.83445739746094
2024/06/30 22:59:53.579,61.52711486816406
2024/07/01 00:59:50.279,58.13846969604492
2024/07/01 02:59:59.279,63.492088317871094
2024/07/01 04:59:53.479,60.77281951904297
2024/07/01 06:59:56.479,61.670047760009766
2024/07/01 08:59:59.379,63.21541976928711
2024/07/01 10:59:58.479,63.402679443359375
2024/07/01 12:59:53.679,0.03960909694433212
2024/07/01 14:59:51.779,60.81381607055664
2024/07/01 16:59:54.779,61.3142204284668
2024/07/01 18:59:53.379,64.1904525756836
2024/07/01 20:59:57.879,69.046630859375
2024/07/01 22:59:54.979,64.14129638671875
2024/07/02 00:59:59.579,0.015932932496070862
2024/07/02 02:59:54.279,65.05632781982422
2024/07/02 04:59:59.097,65.79634857177734
2024/07/02 06:59:53.379,67.71955108642578
2024/07/02 08:59:56.179,62.62059783935547
2024/07/02 10:59:52.779,0.014381365850567818
2024/07/02 12:59:50.679,63.33216857910156
2024/07/02 14:59:56.979,0.023624230176210403
2024/07/02 16:59:56.089,67.26655578613281
2024/07/02 18:59:53.379,71.11021423339844
2024/07/02 20:59:51.679,67.03536224365234
2024/07/02 22:59:59.088,0.014991591684520245
2024/07/03 00:59:58.679,68.53619384765625
2024/07/03 02:59:57.979,0.023920373991131783
2024/07/03 04:59:54.879,0.018000243231654167
2024/07/03 06:59:56.879,62.244022369384766
2024/07/03 08:59:51.779,0.026110077276825905
2024/07/03 10:55:51.979,64.51502227783203
2024/07/03 12:59:56.879,63.59077453613281
2024/07/03 14:59:55.579,0.030899832025170326
2024/07/03 16:59:50.381,63.8350944519043
2024/07/03 18:59:55.279,60.63102340698242
2024/07/03 20:59:50.479,76.67745971679688
2024/07/03 22:59:53.479,58.30430603027344
2024/07/04 00:59:58.086,0.024449067190289497
2024/07/04 02:50:03.579,62.00815200805664
2024/07/04 04:59:56.579,0.02094622701406479
2024/07/04 06:59:57.479,0.01742127165198326
2024/07/04 08:59:52.479,0.026375606656074524
2024/07/04 10:59:54.479,0.017014119774103165
2024/07/04 12:59:56.479,0.018493855372071266
2024/07/04 14:59:56.479,0.011712558567523956
2024/07/04 16:59:57.479,0.010648145340383053
2024/07/04 18:59:55.479,0.026831837370991707
2024/07/04 20:59:51.479,0.02307545207440853
2024/07/04 22:59:58.479,0.03755021095275879
2024/07/05 00:59:54.479,0.015200914815068245
2024/07/05 02:59:53.479,0.021634818986058235
2024/07/05 04:59:53.479,0.039737436920404434
2024/07/05 06:59:53.479,0.029574759304523468
2024/07/05 08:59:56.479,0.021157555282115936
2024/07/05 10:56:40.479,0.05221794918179512
2024/07/05 12:59:58.479,0.038009162992239
2024/07/05 14:59:58.479,0.02141549624502659
2024/07/05 16:59:58.479,0.012733434326946735
2024/07/05 18:59:58.479,0.02522088959813118
2024/07/05 20:59:58.479,0.01979522779583931
2024/07/05 22:59:58.479,0.01661752164363861
2024/07/06 00:59:58.479,0.011245690286159515
2024/07/06 02:59:58.479,0.013934461399912834
2024/07/06 04:59:58.479,0.0335213877260685
2024/07/06 06:59:58.379,0.01840960793197155
2024/07/06 08:59:58.379,0.026132576167583466
2024/07/06 10:59:58.379,0.009547187015414238
2024/07/06 12:59:58.379,0.021615518257021904
2024/07/06 14:59:58.379,0.01575927622616291
2024/07/06 16:59:58.379,0.028274986892938614
2024/07/06 18:59:58.379,0.015385782346129417
2024/07/06 20:59:58.379,0.023725995793938637
2024/07/06 22:59:58.379,0.01650990918278694
2024/07/07 00:59:58.379,0.018063083291053772
2024/07/07 02:59:58.379,0.01579880714416504
2024/07/07 04:59:58.379,0.02978450246155262
2024/07/07 06:59:58.379,0.03938254341483116
2024/07/07 08:59:58.379,0.014008197002112865
2024/07/07 10:59:58.379,0.018347790464758873
2024/07/07 12:59:58.379,0.03511523827910423
2024/07/07 14:59:58.379,0.03639127314090729
2024/07/07 16:59:58.379,0.019817281514406204
2024/07/07 18:59:58.379,0.036754366010427475
2024/07/07 20:59:58.379,0.011773294769227505
2024/07/07 22:59:58.379,0.013024026528000832
2024/07/08 00:59:58.379,0.030225375667214394
2024/07/08 02:59:58.379,0.006642219610512257
2024/07/08 04:59:58.379,0.017310170456767082
2024/07/08 06:59:58.379,0.018537238240242004
2024/07/08 08:59:58.379,0.016637658700346947
2024/07/08 10:59:58.379,0.024163929745554924
2024/07/08 12:59:58.379,0.016514472663402557
2024/07/08 14:59:58.379,0.03891284763813019
2024/07/08 16:59:58.379,0.01251897867769003
2024/07/08 18:59:58.279,0.02388356812298298
2024/07/08 20:59:58.279,0.008802440017461777
2024/07/08 22:59:58.279,0.02844136580824852
2024/07/09 00:59:58.279,0.024836791679263115
2024/07/09 02:59:58.279,0.027768218889832497
2024/07/09 04:59:58.279,0.011000551283359528
2024/07/09 06:59:58.279,0.021719492971897125
2024/07/09 08:59:58.279,0.014744906686246395
2024/07/09 10:59:58.279,0.013245297595858574
2024/07/09 12:59:58.279,0.011713330633938313
2024/07/09 14:59:58.279,0.01451609656214714
2024/07/09 16:59:58.279,0.014625110663473606
2024/07/09 18:59:58.279,0.01956084929406643
2024/07/09 20:59:58.279,0.02238660305738449
2024/07/09 22:59:58.279,0.02764497883617878
2024/07/10 00:59:58.279,0.03149338439106941
2024/07/10 02:59:58.279,0.021802760660648346
2024/07/10 04:59:58.279,0.02424483746290207
2024/07/10 06:59:58.279,0.020881392061710358
2024/07/10 08:59:58.279,0.014257241040468216
2024/07/10 10:59:58.279,0.01387320552021265
2024/07/10 12:59:58.279,0.021970495581626892
2024/07/10 14:59:58.279,0.038590554147958755
2024/07/10 16:59:58.279,0.023320741951465607
2024/07/10 18:59:58.279,0.01662384904921055
2024/07/10 20:59:58.279,0.01638484001159668
2024/07/10 22:59:58.279,0.030136724933981895
2024/07/11 00:59:58.279,0.020747676491737366
2024/07/11 02:59:58.279,0.00790383666753769
2024/07/11 04:59:58.279,0.02202640101313591
2024/07/11 06:59:58.179,0.015340235084295273
2024/07/11 08:59:58.179,0.02142886258661747
2024/07/11 10:59:58.179,0.012184025719761848
2024/07/11 12:59:58.179,0.022763628512620926
2024/07/11 14:59:58.179,0.03415275737643242
2024/07/11 16:59:58.179,0.02037397213280201
2024/07/11 18:59:58.179,0.015474775806069374
2024/07/11 20:59:58.179,0.024757077917456627
2024/07/11 22:59:58.179,0.021761149168014526
2024/07/12 00:59:58.179,0.015207678079605103
2024/07/12 02:59:58.179,0.0323922373354435
2024/07/12 04:59:58.179,0.012960542924702168
2024/07/12 06:59:58.179,0.03205642104148865
2024/07/12 08:59:58.179,0.013766652904450893
2024/07/12 10:59:58.179,0.02841339446604252
2024/07/12 12:59:58.179,0.016552990302443504
2024/07/12 14:59:58.179,0.027125952765345573
2024/07/12 16:59:58.179,0.010455580428242683
2024/07/12 18:59:58.179,0.018663855269551277
2024/07/12 20:59:58.179,0.01648118533194065
2024/07/12 22:59:58.119,0.015823861584067345
2024/07/13 00:59:58.116,0.045035120099782944
2024/07/13 02:59:58.107,0.015830568969249725
2024/07/13 04:59:58.179,0.011209653690457344
2024/07/13 06:59:58.179,0.010961798019707203
2024/07/13 08:59:58.179,0.017704231664538383
2024/07/13 10:59:58.179,0.020790917798876762
2024/07/13 12:59:58.098,0.017946157604455948
2024/07/13 14:59:58.091,0.01719876006245613
2024/07/13 16:59:58.088,0.013928565196692944
2024/07/13 18:59:58.098,0.025145534425973892
2024/07/13 20:59:58.087,0.027840565890073776
2024/07/13 22:59:58.095,0.021663157269358635
2024/07/14 00:59:58.091,0.0152963288128376
2024/07/14 02:59:58.090,0.02194160968065262
2024/07/14 04:59:58.088,0.025582116097211838
2024/07/14 06:59:58.117,0.030573982745409012
2024/07/14 08:59:58.109,0.012521092779934406
2024/07/14 10:59:58.109,0.03265462443232536
2024/07/14 12:59:58.109,0.04022834077477455
2024/07/14 14:59:58.096,0.016758477315306664
2024/07/14 16:59:58.096,0.018298938870429993
2024/07/14 18:59:58.086,0.013328632339835167
2024/07/14 20:59:58.088,0.022053372114896774
2024/07/14 22:59:58.091,0.013156103901565075
2024/07/15 00:59:58.094,0.018106834962964058
2024/07/15 02:59:58.104,0.022216634824872017
2024/07/15 04:59:58.085,0.01594429649412632
2024/07/15 06:59:58.093,0.01587904989719391
2024/07/15 08:59:58.093,0.04274631664156914
2024/07/15 10:59:58.092,0.03848126530647278
2024/07/15 12:59:58.097,0.027719661593437195
2024/07/15 14:59:58.096,0.015373511239886284
2024/07/15 16:59:58.117,0.01949196867644787
2024/07/15 18:59:58.117,0.04218740016222
2024/07/15 20:59:58.102,0.017062727361917496
2024/07/15 22:59:58.092,0.01786140538752079
2024/07/16 00:59:58.095,0.020405249670147896
2024/07/16 02:59:58.086,0.035918012261390686
2024/07/16 04:59:58.085,0.01526178140193224
2024/07/16 06:59:57.979,0.020994562655687332
2024/07/16 08:59:57.979,0.01597045548260212
2024/07/16 10:59:57.979,0.01738503761589527
2024/07/16 12:59:57.979,0.009880751371383667
2024/07/16 14:59:57.979,0.018597468733787537
2024/07/16 16:59:57.980,0.01402838435024023
2024/07/16 18:59:57.979,0.03314388543367386
2024/07/16 20:59:57.979,0.017796240746974945
2024/07/16 22:59:57.979,0.014524715952575207
2024/07/17 00:59:57.979,0.015061480924487114
2024/07/17 02:59:57.979,0.011531318537890911
2024/07/17 04:59:57.979,0.02716350369155407
2024/07/17 06:59:57.979,0.012697651982307434
2024/07/17 08:59:57.979,0.018779465928673744
2024/07/17 10:59:57.979,0.025860657915472984
2024/07/17 12:59:57.979,0.021805360913276672
2024/07/17 14:59:57.979,0.024490226060152054
2024/07/17 16:59:57.979,0.01614866405725479
2024/07/17 18:59:57.979,0.016395211219787598
2024/07/17 20:59:57.979,0.029679035767912865
2024/07/17 22:59:57.979,0.02126198634505272
2024/07/18 00:59:57.979,0.051253337413072586
2024/07/18 02:59:57.979,0.01688237674534321
2024/07/18 04:59:57.979,0.014992010779678822
2024/07/18 06:59:57.979,0.014626848511397839
2024/07/18 08:59:57.979,0.01888166181743145
2024/07/18 10:59:57.979,0.023793192580342293
2024/07/18 12:59:57.979,0.01896096020936966
2024/07/18 14:59:57.979,0.02229517698287964
2024/07/18 16:59:57.979,0.013221526518464088
2024/07/18 18:59:57.879,0.04991923272609711
2024/07/18 20:59:57.879,0.023843202739953995
2024/07/18 22:59:57.879,0.021351085975766182
2024/07/19 00:59:57.879,0.018347375094890594
2024/07/19 02:59:57.879,0.010072802193462849
2024/07/19 04:59:57.879,0.029078805819153786
2024/07/19 06:59:57.879,0.01302565447986126
2024/07/19 08:59:57.879,0.03823195397853851
2024/07/19 10:59:57.879,0.010343580506742
2024/07/19 12:59:57.879,0.022818269208073616
2024/07/19 14:59:57.879,0.030829740688204765
2024/07/19 16:59:57.879,0.007837404496967793
2024/07/19 18:59:57.879,0.03766894340515137
2024/07/19 20:59:57.879,0.015573323704302311
2024/07/19 22:59:57.879,0.03652653470635414
2024/07/20 00:59:57.879,0.016829976812005043
2024/07/20 02:59:57.879,0.04998154193162918
2024/07/20 04:59:57.879,0.02399764209985733
2024/07/20 06:59:57.879,0.017272690311074257
2024/07/20 08:59:57.879,0.011993801221251488
2024/07/20 10:59:57.879,0.03945545107126236
2024/07/20 12:59:57.879,0.02187327854335308
2024/07/20 14:59:57.879,0.052679240703582764
2024/07/20 16:59:57.879,0.01481566485017538
2024/07/20 18:59:57.879,0.010144989006221294
2024/07/20 20:59:58.879,0.017146000638604164
2024/07/20 22:59:58.879,0.009664281271398067
2024/07/21 00:59:58.879,0.020281020551919937
2024/07/21 02:59:58.879,0.039224278181791306
2024/07/21 04:59:58.879,0.009487776085734367
2024/07/21 06:59:58.779,0.03018595464527607
2024/07/21 08:59:58.779,0.018954887986183167
2024/07/21 10:59:58.779,0.012197978794574738
2024/07/21 12:59:58.779,0.017914338037371635
2024/07/21 14:59:58.779,0.029067935422062874
2024/07/21 16:59:58.779,0.022782165557146072
2024/07/21 18:59:58.779,0.014613778330385685
2024/07/21 20:59:58.779,0.03028143011033535
2024/07/21 22:59:58.779,0.022512098774313927
2024/07/22 00:59:58.779,0.019038591533899307
2024/07/22 02:59:58.779,0.022606108337640762
2024/07/22 04:59:58.779,0.008816340938210487
2024/07/22 06:59:58.779,0.00735166622325778
2024/07/22 08:59:58.779,0.014324108138680458
2024/07/22 10:59:58.779,0.027181072160601616
2024/07/22 12:59:58.779,0.013207925483584404
2024/07/22 14:59:58.779,0.026389990001916885
2024/07/22 16:59:58.779,0.01598536968231201
2024/07/22 18:59:58.779,0.014435194432735443
2024/07/22 20:59:58.779,0.03956753388047218
2024/07/22 22:59:58.779,0.025761118158698082
2024/07/23 00:59:58.779,0.03931731358170509
2024/07/23 02:59:58.779,0.05440126731991768
2024/07/23 04:59:58.779,0.015089591033756733
2024/07/23 06:59:58.779,0.01785566285252571
2024/07/23 08:59:58.779,0.03542907536029816
2024/07/23 10:59:58.779,0.03831588476896286
2024/07/23 12:59:58.779,0.04796731099486351
2024/07/23 14:59:58.779,0.04351254552602768
2024/07/23 16:59:58.779,0.015223273076117039
2024/07/23 18:59:58.679,0.023322569206357002
2024/07/23 20:59:58.679,0.03654355928301811
2024/07/23 22:59:58.679,0.013672610744833946
2024/07/24 00:59:58.679,0.03237457573413849
2024/07/24 02:59:58.679,0.013703609816730022
2024/07/24 04:59:58.679,0.02679034136235714
2024/07/24 06:59:58.679,0.021034255623817444
2024/07/24 08:59:58.679,0.014084715396165848
2024/07/24 10:59:58.679,0.031579431146383286
2024/07/24 12:59:58.679,0.02891000360250473
2024/07/24 14:59:58.679,0.024279939010739326
2024/07/24 16:59:58.679,0.036032069474458694
2024/07/24 18:59:58.679,0.04384555295109749
2024/07/24 20:59:58.679,0.016550572589039803
2024/07/24 22:59:58.679,0.014997033402323723
2024/07/25 00:59:58.679,0.013147871010005474
2024/07/25 02:59:58.679,0.015769878402352333
2024/07/25 04:59:58.679,0.032567139714956284
2024/07/25 06:59:58.679,0.016019834205508232
2024/07/25 08:59:58.679,0.04330845922231674
2024/07/25 10:59:58.679,0.020446546375751495
2024/07/25 12:59:58.679,0.01931671053171158
2024/07/25 14:59:58.679,0.019002443179488182
2024/07/25 16:59:58.679,0.008414044044911861
2024/07/25 18:59:58.679,0.0251780916005373
2024/07/25 20:59:58.679,0.04847126826643944
2024/07/25 22:59:58.679,0.017903149127960205
2024/07/26 00:59:58.679,0.0217408649623394
2024/07/26 02:59:58.679,0.020699208602309227
2024/07/26 04:59:58.679,0.01656668446958065
2024/07/26 06:59:58.579,0.026060020551085472
2024/07/26 08:59:58.579,0.0343974307179451
2024/07/26 10:59:58.579,0.017478322610259056
2024/07/26 12:59:58.579,0.02111552096903324
2024/07/26 14:59:58.579,0.014129816554486752
2024/07/26 16:59:58.579,0.01930277608335018
2024/07/26 18:59:58.579,0.019945288076996803
2024/07/26 20:59:58.579,0.018232358619570732
2024/07/26 22:59:58.579,0.01012289710342884
2024/07/27 00:59:58.579,0.040648508816957474
2024/07/27 02:59:58.579,0.02728552557528019
2024/07/27 04:59:58.579,0.024735689163208008
2024/07/27 06:59:58.579,0.025821993127465248
2024/07/27 08:59:58.579,0.020177867263555527
2024/07/27 10:59:58.579,0.04065722972154617
2024/07/27 12:59:58.579,0.020772339776158333
2024/07/27 14:59:58.579,0.017603572458028793
2024/07/27 16:59:58.579,0.06137624382972717
2024/07/27 18:59:58.579,0.020573768764734268
2024/07/27 20:59:58.579,0.006518898997455835
2024/07/27 22:59:58.579,0.014146501198410988
2024/07/28 00:59:58.579,0.019458608701825142
2024/07/28 02:59:58.579,0.028297733515501022
2024/07/28 04:59:58.579,0.02846061810851097
2024/07/28 06:59:58.579,0.02228916436433792
2024/07/28 08:59:58.579,0.022150786593556404
2024/07/28 10:59:58.579,0.03400620073080063
2024/07/28 12:59:58.579,0.023819563910365105
2024/07/28 14:59:58.579,0.021687373518943787
2024/07/28 16:59:58.579,0.0512797050178051
2024/07/28 18:59:58.579,0.014897041954100132
2024/07/28 20:59:58.579,0.05401172861456871
2024/07/28 22:59:58.579,0.018458904698491096
2024/07/29 00:59:58.579,0.026135418564081192
2024/07/29 02:59:58.579,0.021807659417390823
2024/07/29 04:59:58.579,0.012662365101277828
2024/07/29 06:59:58.579,0.022343413904309273
2024/07/29 08:59:58.579,0.029052959755063057
2024/07/29 10:59:58.579,0.03483431786298752
2024/07/29 12:59:58.579,0.027634426951408386
2024/07/29 14:59:58.579,0.023787394165992737
2024/07/29 15:15:08.579,0.033641669899225235
2024/07/29 15:15:11.984,0.033641669899225235
