Timestamp,XCOR:GUNB:293:BACT
2024/02/01 13:59:59.178,0.00014476506313531608
2024/02/01 15:59:52.183,0.00014482986614653155
2024/02/01 17:59:50.172,0.00014482569640049227
2024/02/01 19:59:56.177,0.0001446162729911592
2024/02/01 21:59:51.173,0.00014472753919227374
2024/02/01 23:59:59.178,0.00014494375408643338
2024/02/02 01:59:57.185,0.00014463132100502404
2024/02/02 03:59:59.179,0.0001445838880373768
2024/02/02 05:59:59.178,0.00014445299934152082
2024/02/02 07:59:54.173,0.00014466593842444266
2024/02/02 09:59:59.179,0.00014474022569358345
2024/02/02 11:59:59.178,0.00014473648020323052
2024/02/02 13:59:56.178,0.0001446436936158153
2024/02/02 15:59:48.177,0.00014447892962084484
2024/02/02 17:59:59.178,0.00014475781913445107
2024/02/02 19:59:55.175,0.00014473954119564248
2024/02/02 21:59:57.184,0.00014467061883612675
2024/02/02 23:59:56.178,0.000144644300049428
2024/02/03 01:59:59.178,0.00014476032950119387
2024/02/03 03:59:59.178,0.00014449166170105743
2024/02/03 05:59:59.173,0.00014488007770738388
2024/02/03 07:59:55.179,0.00014476185985633794
2024/02/03 09:59:59.178,0.00014458928131804813
2024/02/03 11:59:59.178,0.0001445510251851028
2024/02/03 13:59:51.179,0.0001448006568893207
2024/02/03 15:59:53.179,0.00014482799375866435
2024/02/03 17:59:55.178,0.00014457460749052808
2024/02/03 19:59:54.172,0.00014470824262008937
2024/02/03 21:59:58.179,0.00014460892634600227
2024/02/03 23:59:59.178,0.00014459392565869915
2024/02/04 01:59:58.177,0.00014470574825152223
2024/02/04 03:59:59.173,0.00014494281775139534
2024/02/04 05:59:59.179,0.00014474796626062045
2024/02/04 07:59:59.178,0.00014494943016780772
2024/02/04 09:59:54.173,0.00014481791988457562
2024/02/04 11:59:59.178,0.000145025052607925
2024/02/04 13:59:56.172,0.0001447589308396812
2024/02/05 09:59:59.682,0.00001219009838804287
2024/02/05 11:59:58.678,0.000011953123804470655
2024/02/05 13:59:59.678,0.000012311425086075616
2024/02/05 15:59:59.682,0.000011521640333672603
2024/02/05 17:59:59.678,0.000011299409568863138
2024/02/05 19:59:57.678,0.000011299377887891188
2024/02/05 21:25:32.678,0.000011301279168647084
2024/02/05 23:59:58.678,0.00001129937794602136
2024/02/06 01:59:53.681,0.000011380528192339238
2024/02/06 03:59:59.677,0.000011299377887891217
2024/02/06 05:59:56.678,0.000011461673944702163
2024/02/06 07:59:59.677,0.000011477327638534772
2024/02/06 09:59:54.678,0.000011309021221699441
2024/02/06 11:59:59.678,0.000011299377885995361
2024/02/06 13:59:59.677,0.00001129985595814214
2024/02/06 15:59:59.682,0.000011380649654223781
2024/02/06 17:59:58.678,0.000011299376946603359
2024/02/06 19:59:59.678,0.000011300492987328452
2024/02/06 21:59:59.677,0.000011453985073909411
2024/02/06 23:59:59.678,0.000011460016680492805
2024/02/07 01:59:59.678,0.000011430417306785862
2024/02/07 03:59:59.682,0.000011396007310713853
2024/02/07 05:59:59.681,0.000011380589543501817
2024/02/07 07:59:55.678,0.000011329854834262032
2024/02/07 09:59:59.678,0.000011299377886054674
2024/02/07 11:59:59.677,0.0000112984150190748
2024/02/07 13:59:59.678,0.000011299370365470319
2024/02/07 15:59:59.678,0.00001129835483082749
2024/02/07 17:59:59.678,0.000011299137170423056
2024/02/07 19:59:59.682,0.00001136230083198596
2024/02/07 21:59:54.683,0.00001138061196155216
2024/02/07 23:59:59.678,0.000011307630194437786
2024/02/08 01:59:59.678,0.000011446652350776535
2024/02/08 03:59:59.678,0.000011497868682520912
2024/02/08 05:59:59.682,0.000011544324447755566
2024/02/08 07:59:59.677,0.000011788794387792807
2024/02/08 09:59:59.677,0.000011641489581903844
2024/02/08 11:59:59.683,0.000011378179696446307
2024/02/08 13:59:59.678,0.000011446404957163233
2024/02/08 15:59:59.683,0.000011360331742341415
2024/02/08 17:59:59.679,0.000011237473358460584
2024/02/08 19:59:58.678,0.000011329889805359131
2024/02/08 21:59:59.678,0.00001142953878464907
2024/02/08 23:59:59.678,0.000011461921365782696
2024/02/09 01:59:59.678,0.000011593513355792861
2024/02/09 03:59:59.678,0.00001162672741232532
2024/02/09 05:59:59.678,0.000011789275881082077
2024/02/09 07:59:56.678,0.000011788787006351687
2024/02/09 09:59:59.678,0.00001166240277495111
2024/02/09 11:59:56.683,0.000011375630259717629
2024/02/09 13:59:58.678,0.000011283971985627981
2024/02/09 15:59:58.678,0.000011299439273409185
2024/02/09 17:59:54.678,0.000011299381908826442
2024/02/09 19:59:55.683,0.000011446667655154548
2024/02/09 21:59:59.682,0.000011400965492528646
2024/02/09 23:59:59.677,0.000011461921486674383
2024/02/10 01:59:59.678,0.000011606286662244119
2024/02/10 03:59:59.683,0.000011687204909796655
2024/02/10 05:59:53.683,0.000011727721687791865
2024/02/10 07:59:54.678,0.000011796497634727681
2024/02/10 09:59:59.677,0.000011610845242137045
2024/02/10 11:59:59.678,0.000011457955340782113
2024/02/10 13:59:59.678,0.000011299377887890297
2024/02/10 15:16:56.683,0.00001137668532974965
2024/02/10 19:59:55.678,0.000011303187506771723
2024/02/10 21:59:59.678,0.000011458104158734158
2024/02/10 23:59:57.678,0.000011461921729081804
2024/02/11 01:59:42.678,0.000011626251134234055
2024/02/11 03:59:53.682,0.000011687323960160827
2024/02/11 05:59:59.682,0.000011717621327450695
2024/02/11 07:59:59.678,0.000011916535372364243
2024/02/11 09:59:59.678,0.00001162625206428647
2024/02/11 11:59:59.682,0.000011400963313072988
2024/02/11 13:59:57.678,0.000011299437354418013
2024/02/11 15:59:53.678,0.00001129937789153874
2024/02/11 17:59:52.678,0.000011445485033239651
2024/02/11 19:59:59.678,0.00001145277646249737
2024/02/11 21:59:59.678,0.000011445492503243147
2024/02/11 23:59:58.683,0.00001153609441547369
2024/02/12 01:59:59.678,0.00001162625113417487
2024/02/12 03:59:47.678,0.000011626251134234058
2024/02/12 05:59:59.682,0.000011707522826170784
2024/02/12 07:59:59.678,0.000011626253319409998
2024/02/12 09:59:58.682,0.00001155432084154214
2024/02/12 11:59:58.683,0.000011398491191628804
2024/02/12 13:59:55.685,0.000011365153874559726
2024/02/12 15:59:59.677,0.000011423512697672566
2024/02/12 17:59:54.678,0.00001130850883733441
2024/02/12 19:59:59.678,0.000011315886234972572
2024/02/12 21:59:42.678,0.000011461921486645685
2024/02/12 23:59:59.683,0.000011546012084816906
2024/02/13 01:59:56.678,0.000011462182195333728
2024/02/13 03:59:56.678,0.000011626130305561334
2024/02/13 05:59:59.678,0.000011626251104849665
2024/02/13 07:59:59.678,0.000011626251134219259
2024/02/13 09:59:59.678,0.000011460031732682913
2024/02/13 11:59:59.683,0.000011380631062580382
2024/02/13 13:59:55.678,0.000011459381752837068
2024/02/13 15:59:59.678,0.000011421285628150849
2024/02/13 17:59:56.682,0.000011397157996984214
2024/02/13 19:59:56.678,0.000011315175903859434
2024/02/13 21:59:59.678,0.000011461921486674383
2024/02/13 23:59:59.678,0.000011461921486645631
2024/02/14 01:59:54.678,0.000011492733439536526
2024/02/14 03:59:59.678,0.0000114609672234119
2024/02/14 05:59:50.678,0.000011461921486645685
2024/02/14 07:59:58.684,0.000011361565926831007
2024/02/14 09:59:56.678,0.000011315734958910194
2024/02/14 11:59:52.678,0.000011299377887891188
2024/02/14 13:59:59.683,0.000011395888246621826
2024/02/14 15:59:59.678,0.000011337987533876276
2024/02/14 17:59:59.682,0.00014500443500960864
2024/02/14 19:59:56.678,0.00014500341989519096
2024/02/14 21:59:51.683,0.00014480793510221297
2024/02/14 23:59:53.682,0.0001449429053908921
2024/02/15 01:59:59.682,0.00014507946828168038
2024/02/15 03:59:53.684,0.00014492098850716687
2024/02/15 05:59:59.683,0.00014496155363553172
2024/02/15 07:59:59.682,0.00014497141430052447
2024/02/15 09:59:53.678,0.00014501528051810413
2024/02/15 11:59:59.683,0.0001449168479246145
2024/02/15 13:59:58.683,0.00014495943510774742
2024/02/15 15:59:55.688,0.00014489984212238496
2024/02/15 17:59:59.683,0.00014539735191423684
2024/02/15 19:59:50.691,0.0001449239042163914
2024/02/15 21:59:59.678,0.00014503133259787595
2024/02/15 23:59:59.683,0.00014509068429346925
2024/02/16 01:59:58.685,0.00014510423316844068
2024/02/16 03:59:53.683,0.00014504094426936223
2024/02/16 05:59:57.678,0.00014507909818219607
2024/02/16 07:59:59.683,0.00014515839956298764
2024/02/16 09:59:59.678,0.00014507185085662258
2024/02/16 11:59:59.683,0.00014508112046919175
2024/02/16 13:59:51.678,0.0001451429895632823
2024/02/16 15:59:57.678,0.00014503430772112993
2024/02/16 17:59:58.683,0.0001450370632786425
2024/02/16 19:59:59.684,0.0001451521140011538
2024/02/16 21:59:50.690,0.0001449369157273492
2024/02/16 23:59:59.678,0.00014511533137302185
2024/02/17 01:59:54.683,0.00014522517824878457
2024/02/17 03:59:53.683,0.00014525412392849045
2024/02/17 05:59:53.683,0.00014515796596155977
2024/02/17 07:59:54.683,0.00014499954863103978
2024/02/17 09:59:59.678,0.00014503531436491277
2024/02/17 11:59:55.689,0.0001449270704084128
2024/02/17 13:59:58.684,0.0001450862745888493
2024/02/17 15:59:57.683,0.00014495718665352814
2024/02/17 17:59:56.683,0.00014496114091699025
2024/02/17 19:59:54.683,0.00014510653532003094
2024/02/17 21:59:50.689,0.00014523172610753622
2024/02/17 23:59:59.678,0.00014506532077196768
2024/02/18 01:59:59.683,0.00014507445924534767
2024/02/18 03:59:51.678,0.00014502924882985288
2024/02/18 05:59:54.684,0.00014524473430184374
2024/02/18 07:59:56.683,0.0001450503817530452
2024/02/18 09:59:56.678,0.0001450305242472119
2024/02/18 11:59:52.684,0.0001450841645924531
2024/02/18 13:59:53.683,0.00014487629830898648
2024/02/18 15:59:59.682,0.0001450915528841383
2024/02/18 17:59:55.678,0.0001448913346920539
2024/02/18 19:59:59.683,0.0001449278684421573
2024/02/18 21:59:59.683,0.00014498269585607203
2024/02/18 23:59:59.683,0.0001448049194689345
2024/02/19 01:59:59.678,0.00014514606417945946
2024/02/19 03:59:54.683,0.00014496448201439967
2024/02/19 05:59:59.683,0.00014479405810267036
2024/02/19 07:59:57.682,0.0001450689974640105
2024/02/19 09:59:55.689,0.00014525626776195754
2024/02/19 11:59:54.678,0.000145286471464387
2024/02/19 13:59:54.683,0.00004291880286278096
2024/02/19 15:59:52.683,0.00004293491021396295
2024/02/19 17:59:51.683,0.00004286265120084536
2024/02/19 19:59:59.684,0.000042766999902362653
2024/02/19 21:59:58.684,0.00004283030341430122
2024/02/19 23:59:52.683,0.00004267617196939861
2024/02/20 01:59:58.683,0.000042921074199608295
2024/02/20 03:59:50.687,0.000042466388887652146
2024/02/20 05:59:59.682,0.00004276318651835614
2024/02/20 07:59:59.678,0.000042737290049148166
2024/02/20 09:59:55.678,0.00004267202197573248
2024/02/20 11:59:58.683,0.0000430752881102591
2024/02/20 13:59:59.682,0.000042925158924681615
2024/02/20 15:59:49.682,0.0000430534520897903
2024/02/20 17:59:50.689,0.00004271591273651393
2024/02/20 19:59:50.678,0.00004275275927835526
2024/02/20 21:59:49.683,0.000042925515067028125
2024/02/20 23:59:59.683,0.00004272990004065865
2024/02/21 01:59:59.683,0.000042833211508224266
2024/02/21 03:59:59.683,0.00004264938484420369
2024/02/21 05:59:59.682,0.000042733340585125124
2024/02/21 07:59:59.683,0.00004282765702529524
2024/02/21 09:59:59.682,0.00004279327371202723
2024/02/21 11:59:55.689,0.00004221502138947096
2024/02/21 13:59:59.683,0.000042103615572605415
2024/02/21 15:59:59.678,0.000042270142241397894
2024/02/21 17:59:44.684,0.00004215288446743251
2024/02/21 19:59:52.683,0.000041981856145419557
2024/02/21 21:59:46.678,0.00004206784286965762
2024/02/21 23:59:46.683,0.000042113512124725244
2024/02/22 01:59:51.683,0.00004208302102898603
2024/02/22 03:59:49.683,0.000042032616788409524
2024/02/22 05:59:59.683,0.00004182662489226992
2024/02/22 07:59:59.683,0.00004213619895574334
2024/02/22 09:59:59.683,0.00004197927286017408
2024/02/22 11:59:59.683,0.00004221157942061471
2024/02/22 13:59:53.678,0.000042166348716136935
2024/02/22 15:59:59.683,0.000042054313744151536
2024/02/22 17:59:46.684,0.00004208318489687966
2024/02/22 19:59:58.683,0.00004224009446045801
2024/02/22 21:59:50.690,0.00004242305642272491
2024/02/22 23:59:51.682,0.00004211945834657866
2024/02/23 01:59:59.683,0.0000422608394002833
2024/02/23 03:59:51.678,0.00004227092797777167
2024/02/23 05:59:59.683,0.000042095038143131946
2024/02/23 07:59:52.683,0.00004241359784657627
2024/02/23 09:59:59.683,0.00004211389536511787
2024/02/23 11:59:58.684,0.00004217863540466701
2024/02/23 13:59:59.683,0.00004212140508500276
2024/02/23 15:59:59.682,0.000042159917610848966
2024/02/23 17:59:47.683,0.00004213793979211837
2024/02/23 19:59:49.678,0.00004206782250308762
2024/02/23 21:59:51.683,0.00004213569206553339
2024/02/23 23:59:49.682,0.000042250333922660156
2024/02/24 01:59:59.682,0.000042133485794261566
2024/02/24 03:59:51.684,0.00004208834907116941
2024/02/24 05:59:59.683,0.000042158550503266424
2024/02/24 07:59:52.683,0.00004226089795100335
2024/02/24 09:59:45.689,0.00004205436690798575
2024/02/24 11:59:54.684,0.0000420087261429806
2024/02/24 13:59:59.682,0.00004217440368810338
2024/02/24 15:59:51.683,0.00004234441267755651
2024/02/24 17:59:46.683,-0.000025751938864605415
2024/02/24 19:59:59.678,-0.000014525709827639564
2024/02/24 21:59:47.678,2.9699157415408142e-9
2024/02/24 23:59:55.689,-1.2707269405205374e-7
2024/02/25 01:59:48.678,-1.83962160305168e-7
2024/02/25 03:59:55.688,-5.7603188767389996e-8
2024/02/25 05:59:48.683,7.154703042520852e-8
2024/02/25 07:59:48.683,-1.9263570732861522e-7
2024/02/25 09:59:52.683,-2.1420145547659594e-7
2024/02/25 11:59:49.678,-1.0240460645068325e-7
2024/02/25 13:59:46.684,-3.879191182410356e-7
2024/02/25 15:59:59.683,-1.1897966725491529e-8
2024/02/25 17:59:53.684,-7.872513576789762e-8
2024/02/25 19:59:50.678,-5.2379165432341986e-8
2024/02/25 21:59:59.678,9.278524584689035e-9
2024/02/25 23:59:51.678,-1.0949342742419376e-7
2024/02/26 01:59:59.680,-1.0208367594910972e-7
2024/02/26 03:59:45.678,-8.79936793562943e-8
2024/02/26 05:59:59.682,-2.1362063436381047e-7
2024/02/26 07:59:58.683,-1.1016838801476679e-7
2024/02/26 09:59:57.683,7.757437497599186e-8
2024/02/26 11:59:47.683,1.679816318688101e-8
2024/02/26 13:59:51.683,-8.720784559914544e-8
2024/02/26 15:59:52.683,-2.1449661924279534e-7
2024/02/26 17:59:54.683,2.5161646954880077e-8
2024/02/26 19:59:53.682,-1.683212840637167e-7
2024/02/26 21:59:52.685,-1.5771524222803835e-7
2024/02/26 23:59:59.684,-3.5949621327863103e-8
2024/02/27 01:59:58.683,-5.167034454422688e-8
2024/02/27 03:59:59.682,-2.0397022752850594e-7
2024/02/27 05:59:54.683,-9.134832606405038e-8
2024/02/27 07:59:58.683,-2.1591328545523964e-7
2024/02/27 09:59:48.684,-3.7316729423283313e-8
2024/02/27 11:59:57.683,-1.7276051761946758e-7
2024/02/27 13:59:54.683,-4.1983297135378104e-8
2024/02/27 15:59:53.683,7.094049046548713e-8
2024/02/27 17:59:50.690,1.0529528484275958e-8
2024/02/27 19:59:59.678,-1.8978803259764902e-8
2024/02/27 21:59:59.678,-2.3721403051148278e-7
2024/02/27 23:59:54.683,-5.152524337086868e-8
2024/02/28 01:59:59.683,-7.525350623848313e-8
2024/02/28 03:59:52.683,-1.1206986379363636e-7
2024/02/28 05:59:54.683,9.103280656246175e-8
2024/02/28 07:59:56.683,-7.562770593228546e-8
2024/02/28 09:59:59.682,-6.158725902385852e-8
2024/02/28 11:59:54.684,-5.521687518142323e-8
2024/02/28 13:59:59.683,-1.410014743629554e-7
2024/02/28 15:59:54.678,3.689665748878573e-8
2024/02/28 17:59:57.682,5.0221605785189015e-8
2024/02/28 19:59:52.684,-1.8402979565300553e-7
2024/02/28 21:59:50.689,-2.030704824784439e-7
2024/02/28 23:59:58.683,-6.318571651502107e-8
2024/02/29 01:59:58.683,3.934480405764042e-8
2024/02/29 03:59:55.688,7.970752131686994e-8
2024/02/29 05:59:48.678,-1.2651151542330935e-7
2024/02/29 07:59:54.683,-8.954830758889318e-8
2024/02/29 09:59:49.678,-1.6875811315927472e-7
2024/02/29 11:59:59.682,-1.9458151212274605e-7
2024/02/29 13:59:53.683,-1.0262822402734823e-7
2024/02/29 15:59:57.682,8.891599240167046e-8
2024/02/29 17:59:58.683,-8.327713597882247e-8
2024/02/29 19:59:56.684,-2.477229665925207e-7
2024/02/29 21:59:57.683,-5.61977295782827e-8
2024/02/29 23:59:49.683,-1.41058552292634e-7
2024/03/01 01:59:51.683,-6.203102264812691e-8
2024/03/01 03:59:52.678,-2.475958797918791e-7
2024/03/01 05:59:45.689,5.8103609214098966e-8
2024/03/01 07:59:59.677,-1.6147490120718835e-7
2024/03/01 09:59:59.683,-3.7172250295625104e-7
2024/03/01 11:59:56.683,-5.167819566172787e-8
2024/03/01 13:59:47.683,-7.434519433193019e-8
2024/03/01 15:59:53.684,-5.688891062100541e-8
2024/03/01 17:59:49.684,2.637209470887686e-7
2024/03/01 19:59:50.680,-7.310852173699072e-8
2024/03/01 21:59:55.689,-1.961563761236838e-7
2024/03/01 22:59:57.683,6.079635292009374e-8
2024/03/02 13:59:59.437,0.00001182573460130085
2024/03/02 15:59:59.437,0.000011752222195789388
2024/03/02 17:59:59.437,0.00001179104113939739
2024/03/02 19:59:59.437,0.000011789276825070183
2024/03/02 21:59:59.441,0.000011878602575870583
2024/03/02 23:59:55.445,0.000011851625350793008
2024/03/03 01:59:54.436,0.000011788764684447192
2024/03/03 03:59:59.437,0.000011920386309832984
2024/03/03 05:59:57.437,0.000011957062080904217
2024/03/03 07:59:59.437,0.000011968600326533084
2024/03/03 09:59:59.441,0.000011875580426108795
2024/03/03 11:59:59.437,0.000011626731056993838
2024/03/03 13:59:59.437,0.00001146192148664928
2024/03/03 15:59:59.441,0.000011400967731045498
2024/03/03 17:59:58.440,0.000011528552305808293
2024/03/03 19:59:59.437,0.000011625685668704274
2024/03/03 21:59:58.436,0.000011626251016696436
2024/03/03 23:59:56.436,0.000011752958166621285
2024/03/04 01:59:59.437,0.00001178879444697548
2024/03/04 03:59:57.437,0.000011788779558449934
2024/03/04 05:59:58.436,0.000011784984812285805
2024/03/04 07:59:59.437,0.00014502307874566828
2024/03/04 09:59:56.441,0.000144966569271046
2024/03/04 11:59:56.436,0.00014514609828430376
2024/03/04 13:59:58.440,0.00014511573998676224
2024/03/04 15:59:53.437,0.00014507978941500534
2024/03/04 17:59:54.441,0.0001452545099931858
2024/03/04 19:59:55.437,0.00014498432563560365
2024/03/04 21:59:59.442,0.00014496937560154986
2024/03/04 23:59:59.442,0.00014478030474891784
2024/03/05 01:59:59.437,0.00014513505516819343
2024/03/05 03:59:59.442,0.00014511524090877095
2024/03/05 05:59:54.441,0.0001450834251094618
2024/03/05 07:59:59.443,0.00014504362189510345
2024/03/05 09:59:57.442,0.0001449469784491388
2024/03/05 11:59:55.437,0.00014511169445857164
2024/03/05 13:59:57.437,0.00014489225210477484
2024/03/05 15:59:59.437,0.0001451733460948201
2024/03/05 17:59:59.442,0.00014481001031290116
2024/03/05 19:59:59.437,0.00014476438811524177
2024/03/05 21:59:55.448,0.00014512198485357405
2024/03/05 23:59:59.443,0.00014508078289638524
2024/03/06 01:59:51.442,0.00014479180283143674
2024/03/06 03:59:57.441,0.0001451158076237892
2024/03/06 05:59:59.443,0.0001451551465299796
2024/03/06 07:59:59.442,0.00014497007148522783
2024/03/06 09:59:59.442,0.0001450527609501888
2024/03/06 11:59:59.437,0.00014504874983909628
2024/03/06 13:59:52.442,0.00014523243179452542
2024/03/06 15:59:53.442,0.00014494044659825364
2024/03/06 17:59:59.442,0.00014494119256001952
2024/03/06 19:59:51.442,0.00014523704758690872
2024/03/06 21:59:59.443,0.00014507961799078953
2024/03/06 23:59:56.442,0.00014495973184849213
2024/03/07 01:59:57.442,0.00014510415451221952
2024/03/07 03:59:53.442,0.00014515127161829258
2024/03/07 05:59:53.437,0.00014504476695261995
2024/03/07 07:59:56.442,0.00014480997724133972
2024/03/07 09:59:52.436,0.00014499331821449178
2024/03/07 11:59:58.436,0.0001449873871199501
2024/03/07 13:59:53.442,0.00014499915888467783
2024/03/07 15:59:54.436,0.0001452024226276308
2024/03/07 17:59:53.441,0.0001452146040934642
2024/03/07 19:59:59.443,0.00014504088567607714
2024/03/07 21:59:56.441,0.000144961014696906
2024/03/07 23:59:56.436,0.00014512453392747347
2024/03/08 01:59:59.442,0.00014499891528325492
2024/03/08 03:59:59.437,0.00014503195662968153
2024/03/08 05:59:54.436,0.0001451100927119336
2024/03/08 07:59:58.441,0.00014524130950587462
2024/03/08 09:59:58.441,0.0001450938102600535
2024/03/08 11:59:55.437,0.0001448897292250568
2024/03/08 13:59:59.442,0.00014508424651858153
2024/03/08 15:59:59.442,0.00014508006629295985
2024/03/08 17:59:52.441,0.00014509543969275465
2024/03/08 19:59:59.437,0.00014514862558874183
2024/03/08 21:59:56.439,0.00014521970797870792
2024/03/08 23:59:54.442,0.00014486248541278706
2024/03/09 01:59:52.442,0.00014508396548750668
2024/03/09 03:59:51.443,0.00014506166279083614
2024/03/09 05:59:59.437,0.00014500374248360313
2024/03/09 07:59:59.442,0.0001449586778449496
2024/03/09 09:59:57.437,0.00014505623367376625
2024/03/09 11:59:59.443,0.00014508487670894749
2024/03/09 13:59:59.442,0.00014522698079522825
2024/03/09 15:59:54.436,0.0001451077834305855
2024/03/09 17:59:59.442,0.00014508578429885664
2024/03/09 19:59:58.441,0.00014503783266608727
2024/03/09 21:59:52.441,0.00014497188220003823
2024/03/09 23:59:59.443,0.00014521501360430692
2024/03/10 01:59:59.441,0.00014507179514612484
2024/03/10 04:59:59.442,0.00014508091310602345
2024/03/10 06:59:55.448,0.0001450892081318175
2024/03/10 08:59:50.437,0.00014505171456917444
2024/03/10 10:59:52.441,0.00014493597112843047
2024/03/10 12:59:59.442,0.00014519281400318266
2024/03/10 14:59:59.442,0.00014509790518304507
2024/03/10 16:59:55.447,0.00014494123784999883
2024/03/10 18:59:59.442,0.00014511291484101526
2024/03/10 20:59:57.442,0.000145085772358033
2024/03/10 22:59:59.442,0.00014509384583903727
2024/03/11 00:59:51.437,0.0001450844325943698
2024/03/11 02:59:56.437,0.0001450807620882087
2024/03/11 04:59:53.442,0.00014499185862897976
2024/03/11 06:59:59.437,0.00014505112205452308
2024/03/11 08:59:57.437,0.0001449883522881558
2024/03/11 10:59:59.442,0.00014485128340341078
2024/03/11 12:59:51.442,0.0001449490594810115
2024/03/11 14:59:52.442,0.00014495647131584525
2024/03/11 16:59:59.442,0.00014507957045180092
2024/03/11 18:59:49.442,0.0001449618620468749
2024/03/11 20:59:59.437,0.00014493956517995735
2024/03/11 22:59:54.436,0.00014519625052414318
2024/03/12 00:59:59.442,0.00014496012421890862
2024/03/12 02:59:52.436,0.00014514282253532405
2024/03/12 04:59:57.442,0.00014511466100582633
2024/03/12 06:59:59.437,0.0001450525771657821
2024/03/12 08:59:59.443,0.00014511599891999034
2024/03/12 10:59:58.441,0.00014507914945100292
2024/03/12 12:59:59.442,0.00014498093409520465
2024/03/12 14:59:59.443,0.00014510578617527405
2024/03/12 16:59:56.441,0.0001452323268430708
2024/03/12 18:59:59.443,0.00014522884386370378
2024/03/12 20:59:59.437,0.00014504966715393565
2024/03/12 22:59:59.437,0.000145051597308633
2024/03/13 00:59:56.441,0.00014495220755145105
2024/03/13 02:59:55.448,0.0001450095172711766
2024/03/13 04:59:56.441,0.00014496664887019128
2024/03/13 06:59:52.437,0.00014505499948553555
2024/03/13 08:59:57.437,0.00014505243151131388
2024/03/13 10:59:55.448,0.00014508377647970536
2024/03/13 12:59:53.442,0.00014498108354286127
2024/03/13 14:59:50.445,0.00014500110142145605
2024/03/13 16:59:56.441,0.0001452434233918183
2024/03/13 18:59:54.441,0.00014500012912925056
2024/03/13 20:59:50.447,0.00014521207152019242
2024/03/13 22:59:57.442,0.000145144577263162
2024/03/14 00:59:56.441,0.0001450556378079576
2024/03/14 02:59:48.436,0.00014490749370423673
2024/03/14 04:59:59.437,0.00014525721124104113
2024/03/14 06:59:59.442,0.00014480486036127138
2024/03/14 08:59:59.437,0.00014520096394070303
2024/03/14 10:59:55.448,0.00014517296678909116
2024/03/14 12:59:57.442,0.00014520972829441806
2024/03/14 14:59:59.443,0.00014514133939090012
2024/03/14 16:59:59.442,0.00014522497683152572
2024/03/14 18:59:59.443,0.00014524619620205035
2024/03/14 20:59:58.436,0.0001450849651432054
2024/03/14 22:59:54.442,0.00014503461028203554
2024/03/15 00:59:48.441,0.00014524528448818053
2024/03/15 02:59:53.443,0.00014524098132579955
2024/03/15 04:59:59.437,0.00014511053699066404
2024/03/15 06:59:48.442,0.00014522526791147297
2024/03/15 08:59:48.442,0.0001450541615374465
2024/03/15 10:59:52.436,0.00014505691238343694
2024/03/15 12:59:55.437,0.0001450270490542692
2024/03/15 14:59:59.437,0.0001451622384157966
2024/03/15 16:59:54.436,0.00014515724695773918
2024/03/15 18:59:58.442,0.00014525593619087388
2024/03/15 20:59:59.442,0.0001452270806636987
2024/03/15 22:59:49.437,0.000145209317856048
2024/03/16 00:59:55.448,0.00014505533096363042
2024/03/16 02:59:48.442,0.00014515692156911265
2024/03/16 04:59:59.437,0.0001451128980492885
2024/03/16 06:59:59.442,0.00014506439673616544
2024/03/16 08:59:54.442,0.00014498008958239468
2024/03/16 10:59:54.437,0.00014509248576240584
2024/03/16 12:59:55.437,0.00014514287519441237
2024/03/16 14:59:52.441,0.00014497180795203842
2024/03/16 16:59:59.442,0.000145112609588913
2024/03/16 18:59:59.437,0.0001451558137438282
2024/03/16 20:59:59.443,0.00014530632971737902
2024/03/16 22:59:48.442,0.0001451643973726758
2024/03/17 00:59:59.442,0.00014459329039102139
2024/03/17 02:59:59.442,0.00014475341594776743
2024/03/17 04:59:59.442,0.00014490344099069466
2024/03/17 06:59:49.437,0.00014494281815104112
2024/03/17 08:59:54.442,0.0001448061617263117
2024/03/17 10:59:57.442,0.00014488802165393862
2024/03/17 12:59:51.443,0.00014463599935433353
2024/03/17 14:59:54.441,0.00014471204583366894
2024/03/17 16:59:53.442,0.00014470289666009283
2024/03/17 18:59:50.448,0.0001447890920657595
2024/03/17 20:59:59.437,0.00014493945358166744
2024/03/17 22:59:59.437,0.0001448813363790109
2024/03/18 00:59:50.448,0.00014484636846075067
2024/03/18 02:59:53.437,0.0001447833808295597
2024/03/18 04:59:59.437,0.00014470625904404002
2024/03/18 06:59:53.442,0.0001447679416662548
2024/03/18 08:59:52.442,0.0001449090155254828
2024/03/18 10:59:57.442,0.00014446649918800733
2024/03/18 12:59:49.442,0.0001447562024084057
2024/03/18 14:59:59.437,0.0001448055391295684
2024/03/18 16:59:59.441,0.00014491095041765557
2024/03/18 18:59:51.437,0.00014484489424830213
2024/03/18 20:59:52.436,0.00014471927794046084
2024/03/18 22:59:59.437,0.00014473652705889912
2024/03/19 00:59:49.442,0.00014486596441978455
2024/03/19 02:59:55.438,0.0001448414265906267
2024/03/19 04:59:55.448,0.00014471446041478767
2024/03/19 06:59:57.442,0.00014463303383609907
2024/03/19 08:59:56.441,0.00014509175375085234
2024/03/19 10:59:57.442,0.00014463069231036485
2024/03/19 12:59:59.437,0.00014497118499094976
2024/03/19 14:59:58.436,0.00014483178246683787
2024/03/19 16:59:59.437,0.00014487402952767896
2024/03/19 18:59:59.442,0.00014491382056667045
2024/03/19 20:59:59.443,0.00014489147740642705
2024/03/19 22:59:45.449,0.00014481331516498407
2024/03/20 00:59:59.437,0.00014456685572934432
2024/03/20 02:59:59.437,0.00014472512292639238
2024/03/20 04:59:59.442,0.00014471022004701418
2024/03/20 06:59:57.437,0.00014480603158436507
2024/03/20 08:59:50.448,0.0001446446998752429
2024/03/20 10:59:59.442,0.00014490619704878016
2024/03/20 12:59:59.442,0.00014467021715481313
2024/03/20 14:59:52.441,0.00014474986089939776
2024/03/20 16:59:59.437,0.00014470604812750584
2024/03/20 18:59:49.442,0.0001448615566091091
2024/03/20 20:59:56.443,0.00014490990529555912
2024/03/20 22:59:49.437,0.00014457899128134872
2024/03/21 00:59:59.437,0.00014488669690768263
2024/03/21 02:59:53.443,0.00014483937838901482
2024/03/21 04:59:46.437,0.0001446755980682509
2024/03/21 06:59:47.442,0.00014474358673058555
2024/03/21 08:59:53.442,0.00014463602973656108
2024/03/21 10:59:58.441,0.00014477065978489174
2024/03/21 12:59:53.442,0.0001444918263952354
2024/03/21 14:59:58.442,0.00014465445667312442
2024/03/21 16:59:59.443,0.00014477093964937335
2024/03/21 18:59:59.442,0.00014477455888925965
2024/03/21 20:59:57.442,0.00014478071931632464
2024/03/21 22:59:57.443,0.00014474910914864906
2024/03/22 00:59:47.437,0.00014457885740121122
2024/03/22 02:59:58.441,0.0001449132282891027
2024/03/22 04:59:59.442,0.0001448711358794142
2024/03/22 06:59:56.443,0.00014475540066868136
2024/03/22 08:59:55.448,0.0001446356765295029
2024/03/22 10:59:59.437,0.00014483969997770697
2024/03/22 12:59:56.441,0.0001303245578146785
2024/03/22 14:59:54.442,0.00013029141262534
2024/03/22 16:59:52.441,0.0001301834959052815
2024/03/22 18:59:48.443,0.0001303882898496788
2024/03/22 20:59:59.443,0.00013028916360005837
2024/03/22 22:59:50.448,0.00012952190360647592
2024/03/23 00:59:59.442,0.000129817134374985
2024/03/23 02:59:59.437,0.00012955369533685577
2024/03/23 04:59:46.443,0.0001296638640496587
2024/03/23 06:59:54.436,0.0001296242390632957
2024/03/23 08:59:59.442,0.00012971761699492692
2024/03/23 10:59:56.442,0.00012972056489022926
2024/03/23 12:59:56.441,0.00012966405155013814
2024/03/23 14:59:58.441,0.00012943433394370978
2024/03/23 16:59:55.447,0.00012963457027536336
2024/03/23 18:59:59.443,0.0001297481127540061
2024/03/23 20:59:47.442,0.00012951912340950013
2024/03/23 22:59:59.442,0.00012948954693049394
2024/03/24 00:59:54.441,0.00012941676026977323
2024/03/24 02:59:59.437,0.00012962749716516832
2024/03/24 04:59:50.447,0.00012927011448231454
2024/03/24 06:59:59.442,0.00012937402551732322
2024/03/24 08:59:56.442,0.00012923611229160843
2024/03/24 10:59:59.443,0.00012939003407334108
2024/03/24 12:59:55.448,0.0001293924747309336
2024/03/24 14:59:56.442,0.00012926058478121455
2024/03/24 16:59:46.441,0.00012964710101577462
2024/03/24 18:59:59.442,0.00012924462587439334
2024/03/24 20:59:59.437,0.00012931531908061666
2024/03/24 22:59:50.437,0.0001292983730268263
2024/03/25 00:59:59.442,0.00012898242516038087
2024/03/25 02:59:59.437,0.00012965998502423802
2024/03/25 04:59:59.443,0.000129630975690412
2024/03/25 06:59:50.438,0.00012978012711014982
2024/03/25 08:59:55.437,0.00012984861761715727
2024/03/25 10:59:57.442,0.00012943339383588587
2024/03/25 12:59:47.442,0.0001296482020472755
2024/03/25 14:59:59.442,0.00012971915260250863
2024/03/25 16:59:55.445,0.00012971570342237466
2024/03/25 18:59:52.442,0.00012941336728299434
2024/03/25 20:59:54.437,0.00012984491171402171
2024/03/25 22:59:55.437,0.000129585953918284
2024/03/26 00:59:56.442,0.0001296830961207178
2024/03/26 02:59:59.443,0.00012942823004928359
2024/03/26 04:59:59.443,0.00012970299400242137
2024/03/26 06:59:51.442,0.00012958828141354742
2024/03/26 08:59:59.437,0.0001298017014394547
2024/03/26 10:59:59.437,0.00012976536534551304
2024/03/26 12:39:35.448,0.00012979701187347789
2024/03/26 14:59:53.443,0.00012986460364149762
2024/03/26 16:59:50.447,0.0001295220651493328
2024/03/26 18:59:59.442,0.00012962258011955686
2024/03/26 20:59:59.442,0.00012959084519049448
2024/03/26 22:59:59.437,0.00012985410073591334
2024/03/27 00:59:52.442,0.0001295597530193148
2024/03/27 02:59:49.443,0.00012961912419603603
2024/03/27 04:59:58.436,0.00012963872019292714
2024/03/27 06:59:59.442,0.00012948425461694303
2024/03/27 08:59:58.138,0.00015162810591452138
2024/03/27 10:59:52.135,0.0001517049375177322
2024/03/27 12:59:58.133,0.00014467504864329702
2024/03/27 14:59:59.139,0.00014466527594882684
2024/03/27 16:59:59.133,0.00014455553520164094
2024/03/27 18:59:59.132,0.00014462311250234614
2024/03/27 20:59:59.133,0.00014463781437336107
2024/03/27 22:59:59.134,0.00014462873227143142
2024/03/28 00:59:59.133,0.00014464000678907874
2024/03/28 02:59:59.132,0.0001445694273552505
2024/03/28 04:59:59.139,0.00014467380668988205
2024/03/28 06:59:59.133,0.00014479747820879502
2024/03/28 08:59:58.133,0.00014475354970591497
2024/03/28 10:59:59.132,0.00014488282118579706
2024/03/28 12:59:59.134,0.000144754362552508
2024/03/28 14:59:59.134,0.00014492617674897326
2024/03/28 16:59:54.140,0.00014476339388343442
2024/03/28 18:59:58.139,0.00014481521485235313
2024/03/28 20:59:51.133,0.00014463060291653872
2024/03/28 22:59:59.132,0.0001447205749167334
2024/03/29 00:59:59.132,0.00014468488789281186
2024/03/29 02:59:59.134,0.00014476287136843001
2024/03/29 04:59:59.138,0.00014475916112726317
2024/03/29 06:59:49.139,0.00014461665296104385
2024/03/29 08:59:59.134,0.0001446449637779924
2024/03/29 10:59:59.132,0.0001448206575125761
2024/03/29 12:59:59.133,0.00014506587049084016
2024/03/29 14:59:58.139,0.00014482467714635697
2024/03/29 16:59:58.140,0.0001447097002430792
2024/03/29 18:59:47.133,0.000122718105023733
2024/03/29 20:59:54.132,0.00012293077619057236
2024/03/29 22:59:56.139,0.00012288905713624744
2024/03/30 00:59:59.132,0.00012294044692271784
2024/03/30 02:59:53.132,0.00012296890823103372
2024/03/30 04:59:54.134,0.00012303433179566538
2024/03/30 06:59:59.139,0.0001230132108157226
2024/03/30 08:59:58.133,0.00012293792698671863
2024/03/30 10:59:53.133,0.00012291886409610927
2024/03/30 12:59:59.134,0.00012316839453302297
2024/03/30 14:59:50.133,0.00012272193391380182
2024/03/30 16:59:59.133,0.00012288026059445266
2024/03/30 18:59:51.132,0.0001229230147025556
2024/03/30 20:59:58.140,0.00012290120421252433
2024/03/30 22:59:54.135,0.00012289857217625587
2024/03/31 00:59:55.137,0.0001228859878787826
2024/03/31 02:59:54.134,0.0001227805195983176
2024/03/31 04:59:49.133,0.0001228309735185061
2024/03/31 06:59:59.132,0.00012296220129484172
2024/03/31 08:59:59.134,0.000122853931107323
2024/03/31 10:59:59.139,0.00012301197132204473
2024/03/31 12:59:50.134,0.0001229093219521011
2024/03/31 14:59:59.133,0.0001230131542115257
2024/03/31 16:59:58.133,0.00012294109393616202
2024/03/31 18:59:56.139,0.00012959556795017027
2024/03/31 20:59:55.138,0.00012992629616808665
2024/03/31 22:59:59.133,0.0001296017608490237
2024/04/01 00:59:59.133,0.00012976682604010922
2024/04/01 02:59:53.132,0.00012964741415615085
2024/04/01 04:59:59.134,0.00012970657587763548
2024/04/01 06:59:52.133,0.00012953166385289603
2024/04/01 08:59:51.133,0.00012959086153429972
2024/04/01 10:59:59.132,0.00012990076146405152
2024/04/01 12:59:47.133,0.00013051771598180338
2024/04/01 14:59:59.133,0.00007299756092974047
2024/04/01 16:59:58.141,0.00007307801896493064
2024/04/01 18:59:57.133,0.00007300311831670845
2024/04/01 20:59:54.135,0.00007317820089768645
2024/04/01 22:59:51.133,0.00007292225910266748
2024/04/02 00:59:50.136,0.0000731573623197386
2024/04/02 02:59:58.136,0.00007301201470391945
2024/04/02 04:59:51.132,0.00007321149240225595
2024/04/02 06:59:53.133,0.00007300314796853934
2024/04/02 08:59:48.140,0.00007303696693305269
2024/04/02 10:59:48.134,0.00007312739834895275
2024/04/02 12:59:59.133,0.00007316086580119896
2024/04/02 14:59:59.134,0.00007177029387307069
2024/04/02 16:59:59.133,0.0000718525504200246
2024/04/02 18:59:59.132,0.00007198265719308166
2024/04/02 20:59:50.135,0.00007202391022693836
2024/04/02 22:59:59.132,0.00007185266409216309
2024/04/03 00:59:47.133,0.0000718837163717583
2024/04/03 02:59:57.132,0.00007198742348748995
2024/04/03 04:59:59.132,0.00007193210606035808
2024/04/03 06:59:50.136,0.0000716257591369439
2024/04/03 08:59:50.134,0.00007211566242747326
2024/04/03 10:59:59.133,0.0000719044608962761
2024/04/03 12:59:50.137,0.00007197799970557686
2024/04/03 14:59:56.132,0.00007170687765548936
2024/04/03 16:59:51.132,0.00007221324399548546
2024/04/03 18:59:59.133,0.00007203469489199712
2024/04/03 20:59:59.133,0.00007213415587523379
2024/04/03 22:59:52.133,0.00007215720259719201
2024/04/04 00:59:58.140,0.00007191055733303092
2024/04/04 02:59:57.134,0.00007204889956135202
2024/04/04 04:59:54.132,0.0000718653867141993
2024/04/04 06:59:50.133,0.00007185730228002096
2024/04/04 08:59:59.133,0.00007202152563017813
2024/04/04 10:59:52.140,0.00007173477084352404
2024/04/04 12:59:54.133,0.00007204809305775224
2024/04/04 14:59:50.132,0.00007205254522176183
2024/04/04 16:59:57.133,0.00007193986250403816
2024/04/04 18:59:47.133,0.00007208312781379841
2024/04/04 20:59:50.133,0.00007199091989109755
2024/04/04 22:59:59.134,0.0000718961530574052
2024/04/05 00:59:59.133,0.00007207110982055752
2024/04/05 02:59:59.133,0.00007185937843363749
2024/04/05 04:59:59.140,0.00007186049199542527
2024/04/05 06:59:46.134,0.0000720115170665162
2024/04/05 08:59:59.133,0.00007202284886241316
2024/04/05 10:59:47.132,0.00007209474136504175
2024/04/05 12:59:59.133,0.00007204818371789822
2024/04/05 14:59:49.133,0.00007190670194351766
2024/04/05 16:59:59.132,0.00007202086685473744
2024/04/05 18:59:46.135,0.00007186258435367478
2024/04/05 20:59:59.134,0.00007191487955720448
2024/04/05 22:59:48.134,0.00007194200422975417
2024/04/06 00:59:44.135,0.00007178309702124057
2024/04/06 02:59:52.135,0.0000721761677577152
2024/04/06 04:59:57.132,0.00007197563275704374
2024/04/06 06:59:59.132,0.00007189578412189285
2024/04/06 08:59:56.135,0.00007202407488587619
2024/04/06 10:59:45.133,0.00007200545840917053
2024/04/06 12:59:48.133,0.00007186801214397151
2024/04/06 14:59:56.141,0.0000719837667480088
2024/04/06 16:59:49.133,0.0000720987226896541
2024/04/06 18:59:52.140,0.00007194394546817252
2024/04/06 20:59:59.133,0.00007236021609005909
2024/04/06 22:59:55.139,0.00007205747359622778
2024/04/07 00:59:59.133,0.000072027336860403
2024/04/07 02:59:59.133,0.00007182784783081849
2024/04/07 04:59:50.136,0.0000720741996254343
2024/04/07 06:59:59.132,0.0000719363300302239
2024/04/07 08:59:49.133,0.00007190589122685964
2024/04/07 10:59:50.137,0.00007202790506147537
2024/04/07 12:59:53.133,0.00007234354984494591
2024/04/07 14:59:52.140,0.00007189703776684254
2024/04/07 16:59:59.132,0.00007202238847771855
2024/04/07 18:59:47.133,0.00007186328874064026
2024/04/07 20:59:51.134,0.00007170191033213305
2024/04/07 22:59:47.134,0.00007174461022688554
2024/04/08 00:59:57.134,0.00007205926400243761
2024/04/08 02:59:53.133,0.00007200539601502574
2024/04/08 04:59:50.133,0.00007200544305504579
2024/04/08 06:59:59.139,0.000071946740705494
2024/04/08 08:59:49.133,0.00007173079418943768
2024/04/08 10:59:59.132,0.00007199523506434519
2024/04/08 12:59:57.134,0.00007218890826865357
2024/04/08 14:59:59.132,0.00007197503448720572
2024/04/08 16:59:59.133,0.0000721162343046747
2024/04/08 18:59:47.139,0.0000719112327008246
2024/04/08 20:59:59.133,0.00007192657195158062
2024/04/08 22:59:59.139,0.00007189492847600142
2024/04/09 00:59:50.136,0.00007202630630953471
2024/04/09 02:59:52.140,0.00007189632957467917
2024/04/09 04:59:48.133,0.00007197475077374078
2024/04/09 06:59:52.134,0.00007183126100585881
2024/04/09 08:59:52.134,0.0000721485911201289
2024/04/09 10:59:59.139,0.00007219841974701681
2024/04/09 12:59:59.132,0.00007171444883736853
2024/04/09 14:59:54.133,0.00007184137299037748
2024/04/09 16:59:57.133,0.00007201493214943291
2024/04/09 18:59:50.139,0.00007208758570194504
2024/04/09 20:59:55.132,0.0000718670128313424
2024/04/09 22:59:50.132,0.00007213367478336801
2024/04/10 00:59:52.139,0.00007172575502805486
2024/04/10 02:59:50.135,0.00007205154436466327
2024/04/10 04:59:59.133,0.00007189797312154394
2024/04/10 06:59:59.133,0.00007204831958740365
2024/04/10 08:59:58.139,0.00007184206022638541
2024/04/10 10:59:51.132,0.00007203579111331566
2024/04/10 12:59:59.133,0.0000717438510803887
2024/04/10 14:59:57.132,0.00007210418426397532
2024/04/10 16:59:59.133,0.00007234995843271315
2024/04/10 18:59:50.133,0.00007206618809822494
2024/04/10 20:59:58.133,0.00007199155843862575
2024/04/10 22:59:58.132,0.00007208874945675762
2024/04/11 00:59:59.134,0.00007186107230110054
2024/04/11 02:59:52.134,0.00007203227388635278
2024/04/11 04:59:59.139,0.00007180733452466197
2024/04/11 06:59:59.133,0.00007199501656018213
2024/04/11 08:59:59.133,0.00007209718391110112
2024/04/11 10:59:56.135,0.00007217717345669204
2024/04/11 12:59:53.133,0.00007207459838263794
2024/04/11 14:59:53.132,0.00007194734502485085
2024/04/11 16:59:59.133,0.00007206402921228909
2024/04/11 18:59:59.133,0.00007205778835248506
2024/04/11 20:59:59.133,0.0000721659267108154
2024/04/11 22:59:45.139,0.00007185977713543385
2024/04/12 00:59:57.132,0.00007199530364282616
2024/04/12 02:59:55.133,0.00007176050453518773
2024/04/12 04:59:56.139,0.00007221486964769309
2024/04/12 06:59:56.135,0.0000719905928687685
2024/04/12 08:59:47.133,0.00007201342671609669
2024/04/12 10:59:59.140,0.00007193323833964284
2024/04/12 12:59:55.136,0.00007214412330732437
2024/04/12 14:59:49.132,0.00007194415875572043
2024/04/12 16:59:59.133,0.00007194096215349772
2024/04/12 18:59:46.135,0.0000719824668893325
2024/04/12 20:59:56.140,0.00007201794996764658
2024/04/12 22:59:46.135,0.00007188505011434996
2024/04/13 00:59:48.139,0.00007189277505165874
2024/04/13 02:59:59.132,0.00007196355186297265
2024/04/13 04:59:55.144,0.00007202078043533755
2024/04/13 06:59:47.133,0.00007193999651331661
2024/04/13 08:59:45.138,0.00007226871020803067
2024/04/13 10:59:53.139,0.00007202553391427012
2024/04/13 12:59:50.134,0.00007215137989504188
2024/04/13 14:59:50.140,0.00007218161005751037
2024/04/13 16:59:53.133,0.0000720325958412517
2024/04/13 18:59:59.132,0.00007209396626018939
2024/04/13 20:59:57.133,0.00007198965632346757
2024/04/13 22:59:48.133,0.00007186373590780205
2024/04/14 00:59:59.133,0.00007202416599919728
2024/04/14 02:59:51.133,0.00007203840691314381
2024/04/14 04:59:48.135,0.00007209463534364157
2024/04/14 06:59:59.133,0.00007204747511644037
2024/04/14 08:59:52.134,0.00007217066108024456
2024/04/14 10:59:47.133,0.00007188926040512933
2024/04/14 12:59:59.133,0.00007188035079926752
2024/04/14 14:59:58.133,0.00007193157169553688
2024/04/14 16:59:52.139,0.00007205526261177654
2024/04/14 18:59:59.133,0.00007218141835367316
2024/04/14 20:59:53.132,0.00007214823174681682
2024/04/14 22:59:59.133,0.00007191110725577698
2024/04/15 00:59:53.133,0.00007191083015620973
2024/04/15 02:59:59.133,0.0000721793069318051
2024/04/15 04:59:51.133,0.00007198670939913577
2024/04/15 06:59:48.133,0.00007199729777183796
2024/04/15 08:59:52.138,0.00007184157893632102
2024/04/15 10:59:59.138,0.00007206244995582685
2024/04/15 12:59:56.132,0.00007205443657083483
2024/04/15 14:59:53.133,0.00007212679654832001
2024/04/15 16:59:59.133,0.00007202441653771366
2024/04/15 18:59:53.139,0.00007204232974071719
2024/04/15 20:59:59.132,0.0000719912553755276
2024/04/15 22:59:51.139,0.00007199207156698031
2024/04/16 00:59:59.133,0.00007193893504071349
2024/04/16 02:59:59.140,0.00007181709550169799
2024/04/16 04:59:59.132,0.00007182874551499939
2024/04/16 06:59:54.135,0.00007216425293126622
2024/04/16 08:59:47.132,0.00007210503235881097
2024/04/16 10:59:46.134,0.00007213914326654119
2024/04/16 12:59:53.133,0.00007190639374490842
2024/04/16 14:59:57.132,0.00007211256377115157
2024/04/16 16:59:57.133,0.00007192298636072498
2024/04/16 18:59:54.133,0.00007171989970422988
2024/04/16 20:59:59.133,0.0000720239733518204
2024/04/16 22:59:48.134,0.00007188100046648332
2024/04/17 00:59:59.133,0.00007218078663205767
2024/04/17 02:59:58.135,0.0000717759373655608
2024/04/17 04:59:57.139,0.00007191252812255574
2024/04/17 06:59:59.133,0.00007189276272603414
2024/04/17 08:59:56.136,0.00007213888267565917
2024/04/17 10:59:59.134,0.00007171815932641202
2024/04/17 12:59:48.134,0.0000719457861019263
2024/04/17 14:59:53.139,0.00007223850643606265
2024/04/17 16:59:49.132,0.00007205385334521067
2024/04/17 18:59:58.134,0.00007202804171875467
2024/04/17 20:59:52.134,0.00007178310791469087
2024/04/17 22:59:53.133,0.00007201185224963317
2024/04/18 00:59:48.132,0.00007192765040577013
2024/04/18 02:59:50.133,0.00007186742850440077
2024/04/18 04:59:59.140,0.00007188877990431131
2024/04/18 06:59:59.133,0.0000717364507489718
2024/04/18 08:59:59.133,0.00007218550360511838
2024/04/18 10:59:51.132,0.00007182766950992763
2024/04/18 12:59:47.133,0.00007197051981320622
2024/04/18 14:59:59.134,0.00007176326678610587
2024/04/18 16:59:52.132,0.00007199050033564612
2024/04/18 18:59:46.135,0.00007202146928153687
2024/04/18 20:59:59.133,0.00007173729751750523
2024/04/18 22:59:50.133,0.00007167535046115057
2024/04/19 00:59:55.136,0.00007199519382511053
2024/04/19 02:59:50.136,0.00007224888913466333
2024/04/19 04:59:53.132,0.0000719828631183817
2024/04/19 06:59:56.135,0.00007174205098787357
2024/04/19 08:59:50.133,0.00007192620331231089
2024/04/19 10:59:46.135,0.00007190935720006359
2024/04/19 12:59:59.133,0.00007191370320590717
2024/04/19 14:59:53.134,0.00007180148017066324
2024/04/19 16:59:52.133,0.00007194660642856571
2024/04/19 18:59:53.133,0.0000718358833364174
2024/04/19 20:59:56.133,0.00007172472574419134
2024/04/19 22:59:53.133,0.00007188105921429726
2024/04/20 00:59:52.136,0.00007172143557359751
2024/04/20 02:59:54.133,0.00007194150781191346
2024/04/20 04:59:53.133,0.00007203082685240016
2024/04/20 06:59:46.140,0.0000718645343501971
2024/04/20 08:59:50.138,0.00007175340979770334
2024/04/20 10:59:48.134,0.00007208370508167727
2024/04/20 12:59:54.140,0.00007174459395797336
2024/04/20 14:59:57.134,0.00007219672793798654
2024/04/20 16:59:51.133,0.00007194053601590732
2024/04/20 18:59:54.133,0.00007198553701242863
2024/04/20 20:59:51.132,0.00007188007999623949
2024/04/20 22:59:59.134,0.00007201397354728062
2024/04/21 00:59:59.133,0.00007193454998116198
2024/04/21 02:59:59.139,0.00007190399162862079
2024/04/21 04:59:59.132,0.0000723903710028488
2024/04/21 06:59:55.133,0.00007199332001423455
2024/04/21 08:59:49.132,0.00007195161382543241
2024/04/21 10:59:51.133,0.00007218178624727506
2024/04/21 12:59:56.134,0.00007177996716390863
2024/04/21 14:59:52.132,0.00007192746521389137
2024/04/21 16:59:59.133,0.00007191156096903038
2024/04/21 18:59:55.133,0.00007187907762707307
2024/04/21 20:59:59.133,0.00007191387714806093
2024/04/21 22:59:56.139,0.00007190391721941764
2024/04/22 00:59:57.133,0.00007202641208405054
2024/04/22 02:59:56.135,0.00007217793715164251
2024/04/22 04:59:57.133,0.00007202466955761503
2024/04/22 06:59:49.133,0.00007182129887375489
2024/04/22 08:59:59.132,0.0000720774811439359
2024/04/22 10:59:58.134,0.00007188874888025989
2024/04/22 12:59:47.133,0.0000719013628090955
2024/04/22 14:59:59.133,0.00007202618566285784
2024/04/22 16:59:47.132,0.00007195560683010476
2024/04/22 18:59:59.133,0.00007207765430708155
2024/04/22 20:59:48.139,0.00007175058682445621
2024/04/22 22:59:51.138,0.00007211566089118886
2024/04/23 00:59:48.134,0.00007196471362183874
2024/04/23 02:59:59.133,0.00007183574013318066
2024/04/23 04:59:50.135,0.00007213493955221774
2024/04/23 06:59:53.134,0.00007193507022932631
2024/04/23 08:59:54.140,0.00007183292580545266
2024/04/23 10:59:49.132,0.00007181824455352294
2024/04/23 12:59:51.133,0.00007189933387940447
2024/04/23 14:59:50.135,0.00007191175576986548
2024/04/23 16:59:59.133,0.00007195189377229049
2024/04/23 18:59:59.133,0.00007189311947319604
2024/04/23 20:59:59.132,0.0000719873366227629
2024/04/23 22:59:59.132,0.00007199541287212602
2024/04/24 00:59:52.139,0.00007186439744113095
2024/04/24 02:59:59.133,0.00007188209431184181
2024/04/24 04:59:58.134,0.00007172425398380777
2024/04/24 06:59:53.133,0.00007199301055282767
2024/04/24 08:59:59.132,0.00007187801528036872
2024/04/24 10:59:53.133,0.00007198590686394381
2024/04/24 12:59:52.139,0.00007189512090180379
2024/04/24 14:59:54.140,0.00007189910646296695
2024/04/24 16:59:59.132,0.00007205238787829165
2024/04/24 18:59:59.132,0.00007204590201618491
2024/04/24 20:59:59.139,0.00007203940370228575
2024/04/24 22:59:59.132,0.00007207073893918617
2024/04/25 00:59:50.141,0.00007182282791606767
2024/04/25 02:59:59.133,0.0000723355073821998
2024/04/25 04:59:59.139,0.00007232731621413474
2024/04/25 06:59:59.133,0.00007198673087262113
2024/04/25 08:59:53.133,0.00007166947191890513
2024/04/25 10:59:58.134,0.00007214020559913555
2024/04/25 12:59:52.133,0.00007195474822971129
2024/04/25 14:59:54.134,0.00007193928844943758
2024/04/25 16:59:54.135,0.00007202116559851567
2024/04/25 17:04:39.132,0.00007189215109531658
2024/04/25 20:59:51.132,0.00007209057161083367
2024/04/25 22:59:52.134,0.00007218481492225863
2024/04/26 00:59:54.134,0.00007200226279104296
2024/04/26 02:59:59.132,0.00007204616959142694
2024/04/26 04:59:59.133,0.00007208995309528814
2024/04/26 06:59:57.132,0.00007209794568441984
2024/04/26 08:59:59.133,0.00007211361849842337
2024/04/26 10:59:59.134,0.00007173431496641971
2024/04/26 12:59:59.133,0.00007199501745739072
2024/04/26 14:59:59.133,0.00007287602790415315
2024/04/26 16:59:59.133,0.00007272170721530002
2024/04/26 18:59:58.135,0.00007281869770722459
2024/04/26 20:59:50.134,0.00007288892066369267
2024/04/26 22:59:59.132,0.00007300804472356727
2024/04/27 00:59:59.133,0.00007300373372392045
2024/04/27 02:59:59.138,0.0000728652694481144
2024/04/27 04:59:59.132,0.00007306589506489496
2024/04/27 06:59:52.133,0.00007303556609614328
2024/04/27 08:59:51.133,0.00007303226822122599
2024/04/27 10:59:52.134,0.00007301418790714318
2024/04/27 12:59:59.132,0.00007302971923359164
2024/04/27 14:59:59.133,0.00007333085043226126
2024/04/27 16:59:54.134,0.00007292688359579988
2024/04/27 18:59:56.134,0.00007315434825705965
2024/04/27 20:59:59.132,0.00007296419045508286
2024/04/27 22:59:59.133,0.00007288379861799095
2024/04/28 00:59:58.134,0.00007288091530022226
2024/04/28 02:59:54.134,0.00007315130673611821
2024/04/28 04:59:59.132,0.00007297374032251596
2024/04/28 06:59:59.134,0.00007293562928879632
2024/04/28 08:59:59.133,0.00007302780063717193
2024/04/28 10:59:52.134,0.00007300377616646201
2024/04/28 12:59:59.139,0.00007287925325419898
2024/04/28 14:59:59.132,0.0000730680158806758
2024/04/28 16:59:56.139,0.00007317024258435048
2024/04/28 18:59:55.139,0.00007286536560253211
2024/04/28 20:59:54.132,0.0000730901081010322
2024/04/28 22:59:52.134,0.00007317286151242486
2024/04/29 00:59:59.133,0.00007288913142862542
2024/04/29 02:59:51.132,0.00007306996197077128
2024/04/29 04:59:51.132,0.00007307733373906943
2024/04/29 06:59:54.133,0.00007297592492567293
2024/04/29 08:59:58.133,0.00007284825290108044
2024/04/29 10:59:56.140,0.0000727524538328589
2024/04/29 12:59:59.132,0.00007300508842631503
2024/04/29 14:59:52.135,0.00007307795157543748
2024/04/29 16:59:51.132,0.00007305271141733183
2024/04/29 18:59:56.138,0.0000730240687269442
2024/04/29 20:59:51.134,0.00007272898393878933
2024/04/29 22:59:59.132,0.00007296600543550748
2024/04/30 00:59:53.133,0.0000728721727089484
2024/04/30 02:59:59.139,0.00007316133282383819
2024/04/30 04:59:59.134,0.00007306469896799106
2024/04/30 06:59:57.133,0.00007317318611971594
2024/04/30 08:59:59.133,0.0000731171956098604
2024/04/30 10:59:50.136,0.00007272307368607897
2024/04/30 12:59:58.135,0.00007300250164035709
2024/04/30 14:59:59.139,0.00007303196575958917
2024/04/30 16:59:52.133,0.00007313012499176339
2024/04/30 18:59:55.139,0.00007317658398467134
2024/04/30 20:59:51.139,0.00007272976619069193
2024/04/30 22:59:59.139,0.00007319834970501375
2024/05/01 00:59:59.132,0.00007305757491904629
2024/05/01 02:59:59.133,0.00007306069133676619
2024/05/01 04:59:56.133,0.00007302908106073977
2024/05/01 06:59:59.138,0.00007288684719795356
2024/05/01 08:59:54.134,0.0000727103545977419
2024/05/01 10:59:58.133,0.0000729640406262798
2024/05/01 12:59:52.134,0.00007315704345868757
2024/05/01 14:59:59.133,0.00007316226337840547
2024/05/01 16:59:54.133,0.00007281763586555618
2024/05/01 18:59:59.133,0.00007289129550641123
2024/05/01 20:59:53.132,0.0000729733482865854
2024/05/01 22:59:59.132,0.00007301205479417282
2024/05/02 00:59:53.133,0.00007311594043881843
2024/05/02 02:59:53.133,0.00007312579907889321
2024/05/02 04:59:54.134,0.00007289208463334466
2024/05/02 06:59:59.133,0.00007299817176074012
2024/05/02 08:59:59.138,0.00007288137119635726
2024/05/02 10:59:59.139,0.00007305515033274831
2024/05/02 12:59:59.133,0.00007311516485855502
2024/05/02 14:59:50.132,0.00007295175480543117
2024/05/02 16:59:51.133,0.00007300441682581938
2024/05/02 18:59:55.137,0.00007306709517694125
2024/05/02 20:59:49.133,0.0000728935872474473
2024/05/02 22:59:53.133,0.00007296043540124597
2024/05/03 00:59:59.133,0.00007311020453656967
2024/05/03 02:59:57.133,0.00007302198244214793
2024/05/03 04:59:57.132,0.00007294018880219773
2024/05/03 06:59:51.133,0.0000730050531562399
2024/05/03 08:59:59.133,0.00007286983209567797
2024/05/03 10:59:51.132,0.00007305409616876281
2024/05/03 12:59:59.132,0.00007302810977986667
2024/05/03 14:59:59.133,0.00007289476351878145
2024/05/03 16:59:59.133,0.00007296575046978444
2024/05/03 18:59:59.132,0.00007306557416656765
2024/05/03 20:59:54.140,0.00007317313188404154
2024/05/03 22:59:50.133,0.00007300677315859831
2024/05/04 00:59:59.133,0.00007309803091662371
2024/05/04 02:59:49.133,0.00007302818049573566
2024/05/04 04:59:59.132,0.00007307293076338159
2024/05/04 06:59:55.139,0.00007301156484448853
2024/05/04 08:59:59.138,0.00007317879989809124
2024/05/04 10:59:56.139,0.00007300070737630887
2024/05/04 12:59:59.133,0.00007308412701820618
2024/05/04 14:59:52.133,0.00007322762850353477
2024/05/04 16:59:59.133,0.00007303556406595532
2024/05/04 18:59:53.133,0.00007305439491625505
2024/05/04 20:59:50.136,0.00007303635041581435
2024/05/04 22:59:59.138,0.00007295533411099517
2024/05/05 00:59:59.133,0.00007298289831214415
2024/05/05 02:59:59.132,0.00007300731885984992
2024/05/05 04:59:59.138,0.00007307840877456256
2024/05/05 06:59:59.132,0.0000730007556060693
2024/05/05 08:59:50.133,0.00012457068807814864
2024/05/05 10:59:59.133,0.0001246706485275109
2024/05/05 12:59:50.133,0.00012464407827720916
2024/05/05 14:59:56.134,0.00012477688640130142
2024/05/05 16:59:59.133,0.00012457097664932937
2024/05/05 18:59:59.134,0.0001246381708934357
2024/05/05 20:59:59.133,0.00012463738439042675
2024/05/05 22:59:57.132,0.0001246067351007884
2024/05/06 00:59:52.135,0.00012469468755312095
2024/05/06 02:59:55.134,0.00012484880070931298
2024/05/06 04:59:59.134,0.00012453617522262053
2024/05/06 06:59:52.133,0.00012466554438371035
2024/05/06 08:59:59.133,0.0001247685145193248
2024/05/06 10:59:52.134,0.00012479948256840438
2024/05/06 12:59:45.134,0.00012468992207364816
2024/05/06 14:59:56.140,0.0001247028355576498
2024/05/06 16:59:46.134,0.00012475864514971914
2024/05/06 18:59:59.132,0.00012473687187154875
2024/05/06 20:59:57.132,0.00012463153322488283
2024/05/06 22:59:59.132,0.00012459611021950145
2024/05/07 00:59:50.135,0.00012452016099509652
2024/05/07 02:59:47.139,0.00012463596810859196
2024/05/07 04:59:51.132,0.00012456179271401116
2024/05/07 06:59:59.132,0.00012457886341119717
2024/05/07 08:59:59.133,0.00012457775538601522
2024/05/07 10:59:53.132,0.00012471846827574764
2024/05/07 12:59:51.133,0.0001245854787506583
2024/05/07 14:59:59.132,0.00012473753551507977
2024/05/07 16:59:59.132,0.0001246377419726065
2024/05/07 18:59:52.134,0.00012468803955451667
2024/05/07 20:59:55.133,0.00012456023097002938
2024/05/07 22:59:59.132,0.00012478749165182319
2024/05/08 00:59:53.133,0.00012447537660040774
2024/05/08 02:59:50.138,0.0001247989891653064
2024/05/08 04:59:59.132,0.00012472975493013177
2024/05/08 06:59:58.134,0.00012441484746434104
2024/05/08 08:59:49.132,0.0001248409776657968
2024/05/08 10:59:52.133,0.00012462564583596498
2024/05/08 12:59:58.133,0.00012465567536856534
2024/05/08 14:59:55.133,0.00012452780490116366
2024/05/08 16:59:50.135,0.0001244950956338389
2024/05/08 18:59:59.133,0.00012480584266265395
2024/05/08 20:59:49.132,0.00012455813609924218
2024/05/08 22:59:50.136,0.00012465432291631077
2024/05/09 00:59:59.133,0.00012452098793567287
2024/05/09 02:59:59.133,0.00012462713694943756
2024/05/09 04:59:51.132,0.00012448105263977418
2024/05/09 06:59:58.139,0.0001246824917904602
2024/05/09 08:59:54.139,0.00012463626476828457
2024/05/09 10:59:50.135,0.00012470534282562262
2024/05/09 12:59:58.133,0.00012462447004260962
2024/05/09 14:59:51.132,0.00012456569308125784
2024/05/09 16:59:59.132,0.00012461365830575003
2024/05/09 18:59:53.133,0.00012468704658413147
2024/05/09 20:59:57.132,0.00012361445670915002
2024/05/09 22:59:57.133,0.00012368377621702173
2024/05/10 00:59:46.132,0.00012364082893619372
2024/05/10 02:59:46.140,0.00012354871351280105
2024/05/10 04:59:59.132,0.00012344096452727134
2024/05/10 06:59:59.133,0.0001235553833244165
2024/05/10 08:59:59.132,0.00012333963099965526
2024/05/10 10:59:59.133,0.0001238193571987808
2024/05/10 12:59:58.134,0.0001236825333581662
2024/05/10 14:59:48.133,0.00012371862634323055
2024/05/10 16:59:47.132,0.00012364379888011697
2024/05/10 18:59:59.132,0.00012389075374805454
2024/05/10 20:59:59.134,0.00012382301975186208
2024/05/10 22:59:57.132,0.000123618210248159
2024/05/11 00:59:56.134,0.00012383231311099987
2024/05/11 02:59:48.140,0.00012358668905467808
2024/05/11 04:59:59.133,0.00012382707959265519
2024/05/11 06:59:50.134,0.0001239466940391267
2024/05/11 08:59:59.132,0.0001234701001673753
2024/05/11 10:59:50.135,0.0001236031800957146
2024/05/11 12:59:59.133,0.00012369511885931234
2024/05/11 14:59:59.133,0.0001235123897332377
2024/05/11 16:59:59.133,0.00012354357679074548
2024/05/11 18:59:57.133,0.00012381360090960207
2024/05/11 20:59:55.133,0.00012350347500713179
2024/05/11 22:59:59.133,0.0001238310494778087
2024/05/12 00:59:57.139,0.000123864620378032
2024/05/12 02:59:59.133,0.000123832514206527
2024/05/12 04:59:59.132,0.00012371009887064506
2024/05/12 06:59:59.133,0.00012359373724645098
2024/05/12 08:59:59.133,0.00012354560887142658
2024/05/12 10:59:59.133,0.00012366621512194254
2024/05/12 12:59:53.133,0.00012345401397609277
2024/05/12 14:59:59.132,0.00012365268813719079
2024/05/12 16:59:59.138,0.0001236739188628934
2024/05/12 18:59:59.133,0.00012354517039856204
2024/05/12 20:59:52.140,0.00012367492843199933
2024/05/12 22:59:59.132,0.00012359288272934378
2024/05/13 00:59:56.133,0.00012357981334854752
2024/05/13 02:59:59.134,0.0001236653669035013
2024/05/13 04:59:59.132,0.00012364040381621024
2024/05/13 06:59:55.136,0.00012339367714211808
2024/05/13 08:59:59.138,0.00012370710599959262
2024/05/13 10:59:46.133,0.00012361593904453824
2024/05/13 12:59:59.132,0.0001235764699476602
2024/05/13 14:59:59.138,0.0001235534205182302
2024/05/13 16:59:59.138,0.00012366161227028827
2024/05/13 18:59:59.139,0.0001236736084603582
2024/05/13 20:59:59.138,0.00012352381118296233
2024/05/13 22:59:58.135,0.0001237307624571454
2024/05/14 00:59:58.135,0.00012367931136575243
2024/05/14 02:59:52.134,0.0001235621127162762
2024/05/14 04:59:59.133,0.00012366587861552337
2024/05/14 06:59:48.135,0.00012366207856398558
2024/05/14 08:59:59.132,0.00012341653390695332
2024/05/14 10:59:53.132,0.00012357970610690669
2024/05/14 12:59:48.133,0.0001235922046797566
2024/05/14 14:59:59.134,0.00012353530970445127
2024/05/14 16:59:59.134,0.00012366260756982303
2024/05/14 18:59:52.134,0.0001235567889243315
2024/05/14 20:59:59.134,0.0001235612537770167
2024/05/14 22:59:50.136,0.00012353336944526027
2024/05/15 00:59:59.133,0.00012364540612259877
2024/05/15 02:59:58.133,0.0001235864291205068
2024/05/15 04:59:59.139,0.00012343099978463678
2024/05/15 06:59:50.135,0.00012353515743026766
2024/05/15 08:59:59.133,0.00012350040983790037
2024/05/15 10:59:57.132,0.00012360384214276022
2024/05/15 12:59:46.135,0.00012353312070018002
2024/05/15 14:59:57.134,0.000123623951313042
2024/05/15 16:59:59.132,0.00012358547733920793
2024/05/15 18:59:54.133,0.0001236044022909136
2024/05/15 20:59:59.132,0.00012363217926292095
2024/05/15 22:59:59.139,0.00012382563067714626
2024/05/16 00:59:50.134,0.00012354026461973387
2024/05/16 02:59:52.141,0.00012362697639136901
2024/05/16 04:59:59.133,0.00012355783656252834
2024/05/16 06:59:59.133,0.00012370459424377423
2024/05/16 08:59:59.133,0.00012339062405385484
2024/05/16 10:59:58.133,0.00012352225974627022
2024/05/16 12:59:50.133,0.0001237402906914241
2024/05/16 14:59:59.133,0.0001237456797236595
2024/05/16 16:59:51.132,0.00012349077748361817
2024/05/16 18:59:55.135,0.00012355160965741487
2024/05/16 20:59:52.134,0.0001234701107926873
2024/05/16 22:59:59.133,0.00012354570266607417
2024/05/17 00:59:59.133,0.00012367505286460618
2024/05/17 02:59:59.138,0.00012368516338010052
2024/05/17 04:59:59.133,0.0001236719028096536
2024/05/17 06:59:54.134,0.00012343386695533103
2024/05/17 08:59:59.133,0.00012365194489399563
2024/05/17 10:59:46.134,0.0001234269903708778
2024/05/17 12:59:59.132,0.0001236204212753673
2024/05/17 14:59:59.133,0.0001235874339948722
2024/05/17 16:59:54.139,0.00012368630672649863
2024/05/17 18:59:53.134,0.00012350229762189262
2024/05/17 20:59:47.134,0.0001237020668981086
2024/05/17 22:59:59.133,0.00012353314084282948
2024/05/18 00:59:54.136,0.00012356202694388524
2024/05/18 02:59:59.133,0.00012365446887052062
2024/05/18 04:59:48.135,0.00012367425193672996
2024/05/18 06:59:46.134,0.000123382975933745
2024/05/18 08:59:59.133,0.00012353157168480433
2024/05/18 10:59:47.133,0.0001232407630900086
2024/05/18 12:59:56.134,0.00012351303945237445
2024/05/18 14:59:59.132,0.00012357906102877211
2024/05/18 16:59:48.134,0.00012382271148718863
2024/05/18 18:59:59.132,0.00012346378673483739
2024/05/18 20:59:59.138,0.0001238276550401938
2024/05/18 22:59:59.132,0.00012357959706974138
2024/05/19 00:59:47.134,0.00012376330453813772
2024/05/19 02:59:56.135,0.00012343947387534145
2024/05/19 04:59:51.132,0.00012364448380415303
2024/05/19 06:59:57.139,0.00012351428857566962
2024/05/19 08:59:59.139,0.0001234071935752861
2024/05/19 10:59:51.133,0.00012366409415801084
2024/05/19 12:59:59.134,0.0001236795987816244
2024/05/19 14:59:49.133,0.00012355560812181424
2024/05/19 16:59:59.133,0.00012352877472877264
2024/05/19 18:59:59.133,0.0001233877736159609
2024/05/19 20:59:59.132,0.00012373076753628657
2024/05/19 22:59:53.134,0.00012362007456420538
2024/05/20 00:59:52.133,0.0001235804578731292
2024/05/20 02:59:59.133,0.0001235843693388554
2024/05/20 04:59:55.139,0.00012338321879308504
2024/05/20 06:59:59.132,0.00012348237872333547
2024/05/20 08:59:49.132,0.00012388031937099462
2024/05/20 10:59:51.132,0.00012360643349291695
2024/05/20 12:59:59.132,0.0001236338036603367
2024/05/20 14:59:50.135,0.00012342969707961507
2024/05/20 16:59:51.133,0.00012366142031350875
2024/05/20 18:59:48.140,0.00012368279749689774
2024/05/20 20:59:54.134,0.00012352575148415958
2024/05/20 22:59:51.134,0.0001236308245917328
2024/05/21 00:59:50.145,0.00012350913739753942
2024/05/21 02:59:52.133,0.00012363761659056963
2024/05/21 04:59:48.133,0.00012348158840614073
2024/05/21 06:59:58.133,0.0001236992884036806
2024/05/21 08:59:59.134,0.0001236767058810812
2024/05/21 10:59:59.132,0.0001237284178814629
2024/05/21 12:59:59.133,0.00012369757864421206
2024/05/21 14:59:53.139,0.00012383069113228138
2024/05/21 16:59:59.138,0.00012350042779013358
2024/05/21 18:15:06.139,0.00012367066132912364
2024/05/21 20:59:59.134,0.00012354377332996852
2024/05/21 22:59:50.144,0.00012362295212815403
2024/05/22 00:59:59.133,0.0001234306230007877
2024/05/22 02:59:59.138,0.00012339170533785083
2024/05/22 04:59:50.134,0.0001235928190013641
2024/05/22 06:59:50.134,0.00012365860689797332
2024/05/22 08:59:59.133,0.0001236303031771447
2024/05/22 10:59:59.132,0.00012378600659254823
2024/05/22 12:59:50.134,0.0001236647415316125
2024/05/22 14:59:50.132,0.00012363127444489712
2024/05/22 16:59:59.133,0.00012363390062685703
2024/05/22 18:59:59.133,0.00012351510870113803
2024/05/22 20:59:50.136,0.00012354315985544463
2024/05/22 22:59:59.139,0.00012367666880971543
2024/05/23 00:59:50.135,0.00012362701336994267
2024/05/23 02:59:59.133,0.0001235219767322569
2024/05/23 04:59:51.132,0.00012359113225529384
2024/05/23 06:59:51.132,0.00012360501955750806
2024/05/23 08:59:51.133,0.00012374730499112383
2024/05/23 10:59:51.132,0.0001236759934430638
2024/05/23 12:59:51.134,0.00012383107858847676
2024/05/23 14:59:52.133,0.00012348991561635445
2024/05/23 16:59:51.133,0.00012355599896373432
2024/05/23 18:59:52.135,0.0001236258502876494
2024/05/23 20:59:51.133,0.00012356510667050502
2024/05/23 22:59:53.139,0.00012368719628360006
2024/05/24 00:59:53.133,0.00012384109408390624
2024/05/24 02:59:53.133,0.00012365921508980553
2024/05/24 04:59:54.134,0.00012366888355437247
2024/05/24 06:59:52.135,0.00012355593824604202
2024/05/24 08:59:52.135,0.00012358358606970115
2024/05/24 10:59:54.140,0.00012362157366421054
2024/05/24 12:59:53.139,0.00012368194239924233
2024/05/24 14:59:53.133,0.0001237058898362139
2024/05/24 16:59:53.139,0.00012363275572876113
2024/05/24 18:59:53.132,0.00012364040193798556
2024/05/24 20:59:53.132,0.00012366900034430447
2024/05/24 22:59:53.139,0.0001235370037868486
2024/05/25 00:59:53.132,0.0001236485686535254
2024/05/25 02:59:53.132,0.00012349803292998002
2024/05/25 04:59:53.133,0.00012370910396895536
2024/05/25 06:59:53.133,0.00012371406561658367
2024/05/25 08:59:53.132,0.0001236250415172241
2024/05/25 10:59:55.138,0.000123666006231558
2024/05/25 12:59:53.133,0.00012389715932346697
2024/05/25 14:59:53.133,0.0001237715135911867
2024/05/25 16:59:53.133,0.00012380356769879194
2024/05/25 18:59:53.133,0.00012349268432271945
2024/05/25 20:59:53.139,0.00012358623680373414
2024/05/25 22:59:53.132,0.0001236339506059241
2024/05/26 00:59:53.139,0.00012379032959069543
2024/05/26 02:59:53.139,0.00012353976642525888
2024/05/26 04:59:53.134,0.00012368268038709458
2024/05/26 06:59:53.139,0.00012369448384055002
2024/05/26 08:59:53.134,0.00012343394563411384
2024/05/26 10:59:59.138,0.00012356223640508842
2024/05/26 12:59:53.132,0.00012360337392931705
2024/05/26 14:59:53.132,0.00012351911779161204
2024/05/26 16:59:53.132,0.0001236398742009011
2024/05/26 18:59:53.132,0.0001236310244715381
2024/05/26 20:59:53.133,0.00012368692104764516
2024/05/26 22:59:53.132,0.00012351590902372835
2024/05/27 00:59:53.132,0.00012370377135523857
2024/05/27 02:59:53.132,0.000123572150403995
2024/05/27 04:59:53.133,0.0001236981745150012
2024/05/27 06:59:53.133,0.00012370537216524683
2024/05/27 08:59:53.132,0.0001235761080586617
2024/05/27 10:59:59.133,0.00012355905951470878
2024/05/27 12:59:53.133,0.00012367624376844757
2024/05/27 14:59:53.133,0.00012384390008034196
2024/05/27 16:59:53.133,0.000123835509619959
2024/05/27 18:59:53.133,0.0001239283701453906
2024/05/27 20:59:53.132,0.00012350179179792338
2024/05/27 22:59:53.133,0.0001236939129590949
2024/05/28 00:59:53.133,0.00012354479101582606
2024/05/28 02:59:53.132,0.00012347967113953554
2024/05/28 04:59:53.132,0.00012361562271390978
2024/05/28 06:59:59.132,0.0001237556230847467
2024/05/28 08:59:54.135,0.00012325343233411331
2024/05/28 10:59:57.139,0.00012359994934439819
2024/05/28 12:59:53.132,0.000123593960331586
2024/05/28 14:59:54.140,0.00012363818872416078
2024/05/28 16:59:54.140,0.00012370733783786497
2024/05/28 18:59:53.132,0.00012359443345563126
2024/05/28 20:59:53.133,0.000123542455622191
2024/05/28 22:59:54.135,0.0001236796433475588
2024/05/29 00:59:53.133,0.0001235498808932279
2024/05/29 02:59:53.133,0.00012367496016034776
2024/05/29 04:59:52.133,0.00012364293280008566
2024/05/29 06:59:53.132,0.00012358615116817484
2024/05/29 08:59:54.140,0.00012342890922201883
2024/05/29 10:59:54.133,0.000123519527305007
2024/05/29 12:59:54.133,0.0001236326961600343
2024/05/29 14:59:53.133,0.0001233254992891725
2024/05/29 16:59:53.132,0.00012360945650494368
2024/05/29 18:59:54.134,0.00012363367331040025
2024/05/29 20:59:53.139,0.00012349241250039382
2024/05/29 22:59:53.133,0.00012386353034278896
2024/05/30 00:59:53.134,0.00012354107697085554
2024/05/30 02:59:53.134,0.0001235384848231796
2024/05/30 04:59:52.135,0.0001236572986126624
2024/05/30 06:59:52.136,0.0001237352198043271
2024/05/30 08:59:52.139,0.0001233931245657041
2024/05/30 10:59:52.139,0.00012353865382240206
2024/05/30 12:59:52.135,0.00012367305635641954
2024/05/30 14:59:52.140,0.00012373217656273423
2024/05/30 16:59:52.139,0.00012369450139700525
2024/05/30 18:59:53.140,0.0001236254853939123
2024/05/30 20:59:53.133,0.00012354336321018195
2024/05/30 22:59:53.132,0.00012364128447779545
2024/05/31 00:59:53.132,0.00012373563514015356
2024/05/31 02:59:53.139,0.00012370717704343715
2024/05/31 04:59:53.133,0.0001237960894300067
2024/05/31 06:59:53.133,0.0001235450613490036
2024/05/31 08:59:53.134,0.00012363410043812964
2024/05/31 10:59:53.132,0.00012372611456853175
2024/05/31 12:59:54.132,0.00012358207947874486
2024/05/31 14:59:53.132,0.00012359102013458623
2024/05/31 16:59:54.133,0.00012367781165757618
2024/05/31 18:59:54.139,0.00012347396030948723
2024/05/31 20:59:53.138,0.00012382965144808853
2024/05/31 22:59:53.133,0.000123829907797519
2024/06/01 00:59:53.132,0.00012357724634805056
2024/06/01 02:59:53.133,0.00012347187100055428
2024/06/01 04:59:54.135,0.0001238304913518813
2024/06/01 06:59:53.132,0.0001237351944295038
2024/06/01 08:59:54.134,0.00012351011489949247
2024/06/01 10:59:59.133,0.00012353938994475144
2024/06/01 12:59:56.133,0.00012348249282353237
2024/06/01 14:59:55.145,0.0001235288124178756
2024/06/01 16:59:54.133,0.00012357765834905419
2024/06/01 18:59:54.134,0.00012347762913474076
2024/06/01 20:59:54.133,0.00012347495618957692
2024/06/01 22:59:53.133,0.00012354901134545927
2024/06/02 00:59:53.139,0.00012363357127726524
2024/06/02 02:59:53.132,0.0001237177302160908
2024/06/02 04:59:53.133,0.00012354218266088352
2024/06/02 06:59:53.132,0.00012348308535106353
2024/06/02 08:59:53.139,0.00012344732028203592
2024/06/02 10:59:54.132,0.00012346196591147862
2024/06/02 12:59:53.133,0.00012370392489089102
2024/06/02 14:59:53.132,0.00012363762851156084
2024/06/02 16:59:53.139,0.0001236743115081434
2024/06/02 18:59:59.132,0.00012359742707033163
2024/06/02 20:59:51.132,0.0001237403912636422
2024/06/02 22:59:48.135,0.00012365460318146095
2024/06/03 00:59:53.133,0.00012367900293045587
2024/06/03 02:59:50.136,0.00012382530771408494
2024/06/03 04:59:57.133,0.0001236717623550206
2024/06/03 06:59:56.134,0.00012352527713182997
2024/06/03 08:59:59.132,0.00012384323237631616
2024/06/03 10:59:55.136,0.00012351179163034155
2024/06/03 12:59:55.138,0.00012354670867376552
2024/06/03 14:59:59.133,0.00012356031156688304
2024/06/03 16:59:58.132,0.00012380049985167587
2024/06/03 18:59:57.132,0.00012358176330143995
2024/06/03 20:59:56.133,0.00012353365083989492
2024/06/03 22:59:51.139,0.0001237360336375541
2024/06/04 00:59:59.134,0.00012351953889724616
2024/06/04 02:59:57.132,0.00012348823393294714
2024/06/04 04:59:53.132,0.00012358011784284915
2024/06/04 06:59:52.140,0.0001235149868359346
2024/06/04 08:59:51.138,0.00012324084357441485
2024/06/04 10:59:51.133,0.0001235944049858611
2024/06/04 12:59:51.133,0.00012361714393815143
2024/06/04 14:59:51.132,0.0001235401961172689
2024/06/04 16:59:51.134,0.00012343914673616929
2024/06/04 18:59:52.132,0.0001235759612039832
2024/06/04 20:59:51.133,0.0001236849095472411
2024/06/04 22:59:51.133,0.00012347228807455622
2024/06/05 00:59:52.134,0.0001235841804692957
2024/06/05 02:59:51.139,0.00012354094951468663
2024/06/05 04:59:52.134,0.00012382214859691152
2024/06/05 06:59:52.134,0.0001234928733695124
2024/06/05 08:59:51.133,0.00012367762069047413
2024/06/05 10:59:52.133,0.00012363904287290947
2024/06/05 12:59:52.135,0.00012367860344804704
2024/06/05 14:59:51.134,0.00012367351592463467
2024/06/05 16:59:52.140,0.00012384249949308398
2024/06/05 18:59:52.133,0.000123482832681444
2024/06/05 20:59:53.139,0.0001236173484353367
2024/06/05 22:59:52.140,0.00012369731452947715
2024/06/06 00:59:53.132,0.00012346240055396558
2024/06/06 02:59:52.134,0.0001236821800905715
2024/06/06 04:59:52.132,0.00012367854838897215
2024/06/06 06:59:52.133,0.00012361429425835255
2024/06/06 08:59:52.134,0.00012348187292958896
2024/06/06 10:59:53.132,0.00012372809177942104
2024/06/06 12:59:52.134,0.00012351922279468886
2024/06/06 14:59:52.133,0.0001235773444275682
2024/06/06 16:59:53.132,0.0001237276000120023
2024/06/06 18:59:59.133,0.00012340259512112702
2024/06/06 20:59:57.132,0.00012357443047731175
2024/06/06 22:59:54.133,0.00012364681429935919
2024/06/07 00:59:59.132,0.00012333598546727627
2024/06/07 02:59:54.133,0.00012362329128491625
2024/06/07 04:59:57.139,0.0001235092527990887
2024/06/07 06:59:59.133,0.0001236311610828096
2024/06/07 08:59:53.133,0.0001236684642848121
2024/06/07 10:59:59.133,0.000158677596172376
2024/06/07 12:59:53.133,0.00015895049059041762
2024/06/07 14:59:59.132,0.00015871259581734228
2024/06/07 16:59:59.134,0.00015877733490986617
2024/06/07 18:59:59.134,0.00015875731534656522
2024/06/07 20:59:53.132,0.00015880895645300266
2024/06/07 22:59:54.134,0.00015870048340789822
2024/06/08 00:59:54.134,0.0001586848078163109
2024/06/08 02:59:52.134,0.00015871826323298721
2024/06/08 04:59:59.132,0.00015888985384763607
2024/06/08 06:59:57.134,0.00015896066798402913
2024/06/08 08:59:59.133,0.00015781551308519183
2024/06/08 10:59:53.134,0.00015785912324781684
2024/06/08 12:59:59.133,0.00015770627214511
2024/06/08 14:59:58.134,0.000158142771915213
2024/06/08 16:59:55.137,0.00015772720083979692
2024/06/08 18:59:59.140,0.00015796213120482992
2024/06/08 20:59:53.132,0.00015767173728071019
2024/06/08 22:59:53.132,0.00015791208216476055
2024/06/09 00:59:55.144,0.00015775807724327775
2024/06/09 02:59:58.141,0.00015884006264762818
2024/06/09 04:59:59.133,0.0001588121479825256
2024/06/09 06:59:59.133,0.00015891470218106372
2024/06/09 08:59:59.132,0.00015888215053369304
2024/06/09 10:59:54.140,0.00015912325103705443
2024/06/09 12:59:56.134,0.00015900156474143073
2024/06/09 14:59:59.134,0.00015897434467643774
2024/06/09 16:59:53.132,0.0001590576029041087
2024/06/09 18:59:54.134,0.00015877581852338123
2024/06/09 20:59:54.134,0.00015878048679295864
2024/06/09 22:59:54.141,0.0001586764663190367
2024/06/10 00:59:58.139,0.00015865182845938654
2024/06/10 02:59:54.135,0.00015896395502496894
2024/06/10 04:59:59.132,0.00015883893251702262
2024/06/10 06:59:52.134,0.00015896525313490893
2024/06/10 08:59:50.146,0.0001586865974827093
2024/06/10 10:59:59.133,0.00015865476725972457
2024/06/10 12:59:52.140,0.0001589234699300942
2024/06/10 14:59:55.138,0.0001588089502464001
2024/06/10 16:59:56.134,0.00015892836029012718
2024/06/10 18:59:59.133,0.00015860937455238464
2024/06/10 20:59:59.139,0.0001589593700378145
2024/06/10 22:59:59.134,0.00015869239450405162
2024/06/11 00:59:59.133,0.00015867706594236303
2024/06/11 02:59:49.133,0.00015926720739860143
2024/06/11 04:59:51.132,0.00015879102105972908
2024/06/11 06:59:59.133,0.00015884193106113632
2024/06/11 08:59:57.133,0.0001588673247078176
2024/06/11 10:59:59.132,0.0001586135288161466
2024/06/11 12:59:49.132,0.0001589950239736616
2024/06/11 14:59:53.133,0.00015874121881920652
2024/06/11 16:59:59.138,0.00015898153980571864
2024/06/11 18:59:58.140,0.00015873470051464594
2024/06/11 20:59:52.135,0.0001588510587538471
2024/06/11 22:59:59.134,0.0001586939485550936
2024/06/12 00:59:59.134,0.0001588192244706521
2024/06/12 02:59:51.133,0.00015885029580883892
2024/06/12 04:59:59.133,0.00015884564056925306
2024/06/12 06:59:53.133,0.00015884743238691907
2024/06/12 08:59:52.135,0.00015876281363142957
2024/06/12 10:59:59.133,0.00015895119481440303
2024/06/12 12:59:59.139,0.00015892332020998458
2024/06/12 14:59:59.133,0.00015882049843707978
2024/06/12 16:59:52.133,0.0001586315348859332
2024/06/12 18:59:59.133,0.0001586948516664363
2024/06/12 20:59:51.139,0.00015884204673360182
2024/06/12 22:59:59.139,0.0001581420485743284
2024/06/13 00:59:58.134,0.0001582482203677564
2024/06/13 02:59:59.139,0.0001581562289425348
2024/06/13 04:59:55.136,0.0001581353930870704
2024/06/13 06:59:57.133,0.00015801613809654218
2024/06/13 08:59:57.133,0.0001584274169622062
2024/06/13 10:59:59.133,0.00015818369912020276
2024/06/13 12:59:53.133,0.00015813198305014725
2024/06/13 14:59:59.133,0.00015803879602205366
2024/06/13 16:59:58.134,0.00015786797837352395
2024/06/13 18:59:59.132,0.0001581574399871633
2024/06/13 20:59:59.132,0.0001582784248337444
2024/06/13 22:59:59.132,0.00015836831300977246
2024/06/14 00:59:59.132,0.00015810297418533288
2024/06/14 02:59:59.133,0.00015785640368083878
2024/06/14 04:59:59.139,0.0001580618697748448
2024/06/14 06:59:59.132,0.00015820190608906306
2024/06/14 08:59:58.133,0.00015811561298051838
2024/06/14 10:59:59.132,0.00015794675361734215
2024/06/14 12:59:59.133,0.00015815174601949188
2024/06/14 14:59:59.139,0.0001579671989891179
2024/06/14 16:59:52.134,0.00015849102264762997
2024/06/14 18:59:59.133,0.00015794758607298883
2024/06/14 20:59:51.133,0.0001583467001554461
2024/06/14 22:59:59.132,0.00015819364293346018
2024/06/15 00:59:59.134,0.00015846085223947842
2024/06/15 02:59:59.138,0.00015815343201889788
2024/06/15 04:59:56.134,0.00015805962463276343
2024/06/15 06:59:59.139,0.00015787526515002035
2024/06/15 08:59:52.134,0.0001580181508923084
2024/06/15 10:59:53.138,0.00015826421714549305
2024/06/15 12:59:59.133,0.00015818740917236372
2024/06/15 14:59:59.133,0.0001581874652784955
2024/06/15 16:59:59.134,0.0001582683211709998
2024/06/15 18:59:50.135,0.0001582682416902658
2024/06/15 20:59:59.132,-1.1221190206248994e-7
2024/06/15 22:59:49.134,0.0001583490078356632
2024/06/16 00:59:53.133,0.0001581962628206455
2024/06/16 02:59:52.134,0.000158100497906701
2024/06/16 04:59:57.140,0.0001584911744116538
2024/06/16 06:59:59.132,0.0001581360497504082
2024/06/16 08:59:59.133,0.0001583163475429153
2024/06/16 10:59:52.133,0.00015835587028534493
2024/06/16 12:59:53.140,0.0001581558611008425
2024/06/16 14:59:53.132,0.00015811238358543573
2024/06/16 16:59:59.133,0.00015829722929255695
2024/06/16 18:59:59.133,0.00015803071161487657
2024/06/16 20:59:55.138,0.00015810396992907883
2024/06/16 22:59:48.133,0.00015800699004342312
2024/06/17 00:59:56.135,0.00015812060172207411
2024/06/17 02:59:51.133,0.00015818432790642523
2024/06/17 04:59:59.133,0.00015848875696771535
2024/06/17 06:59:59.139,0.0001581583533265531
2024/06/17 08:59:50.134,0.00015815278436878582
2024/06/17 10:59:55.139,0.00015845852716888357
2024/06/17 12:59:53.140,0.00015803736784802966
2024/06/17 14:59:59.133,0.00015830560408197162
2024/06/17 16:59:52.134,0.0001588883947456445
2024/06/17 18:59:59.133,0.00015869955584804217
2024/06/17 20:59:59.134,0.00015868403163847548
2024/06/17 22:59:59.132,0.00015875455769059695
2024/06/18 00:59:57.133,0.00015893775233809989
2024/06/18 02:59:52.134,0.0001590320612065238
2024/06/18 04:59:59.139,0.0001585427114266783
2024/06/18 06:59:53.134,0.00015898131857574493
2024/06/18 08:59:52.134,0.00015883318022584793
2024/06/18 10:59:53.133,0.00015885924272811177
2024/06/18 12:59:53.134,0.00015897552476039196
2024/06/18 14:59:53.139,0.00015905967759452313
2024/06/18 16:59:53.133,0.000158975678112135
2024/06/18 18:59:59.132,0.00015891046886170102
2024/06/18 20:59:53.132,0.00015787576738201053
2024/06/18 22:59:51.138,0.0001576878453580925
2024/06/19 00:59:54.132,0.00015778605334343252
2024/06/19 02:59:55.139,0.0001578205569158445
2024/06/19 04:59:59.133,0.00015770444277298922
2024/06/19 06:59:53.133,0.00015782015303901712
2024/06/19 08:59:55.133,0.00015787103219926479
2024/06/19 10:59:59.132,0.0001577872763687118
2024/06/19 12:59:59.132,0.00015822238209976946
2024/06/19 14:59:52.140,0.00015812599252249874
2024/06/19 16:59:59.140,0.00015802896177182312
2024/06/19 18:59:59.138,0.0001577931842110933
2024/06/19 20:59:59.133,0.0001581819421308574
2024/06/19 22:59:54.133,0.00015822438720095413
2024/06/20 00:59:56.140,0.00015814332138935046
2024/06/20 02:59:59.134,0.00015813870656049685
2024/06/20 04:59:53.133,0.00015831035836720705
2024/06/20 06:59:59.132,0.00015820379941641104
2024/06/20 08:59:55.136,0.00015815645959919917
2024/06/20 10:59:57.132,0.00015812477343574667
2024/06/20 12:59:54.136,0.00015807117714564814
2024/06/20 14:59:53.134,0.00015830650620153217
2024/06/20 16:59:51.140,0.00015835091852586103
2024/06/20 18:59:57.132,0.00015822349100514657
2024/06/20 20:59:59.132,0.00015836601333435384
2024/06/20 22:59:56.135,0.00015830955625873642
2024/06/21 00:59:52.140,0.0001583806636838259
2024/06/21 02:59:59.133,0.00015803053499839783
2024/06/21 04:59:59.133,0.0001581217460412295
2024/06/21 06:59:59.139,0.0001581611972907504
2024/06/21 08:59:59.133,0.0001583494053072308
2024/06/21 10:59:59.133,0.00015842987953741848
2024/06/21 12:59:59.139,0.00015832594144094003
2024/06/21 14:59:58.140,0.00015827653185766224
2024/06/21 16:59:59.139,0.00015818710785263948
2024/06/21 18:59:59.132,0.00015876680131581854
2024/06/21 20:59:57.140,0.0001590089872124062
2024/06/21 22:59:48.135,0.00015881661215168808
2024/06/22 00:59:59.140,0.00015884784644902637
2024/06/22 02:59:49.134,0.00015881837890325393
2024/06/22 04:59:54.135,0.00015912184406497451
2024/06/22 06:59:59.132,0.00015888213188838173
2024/06/22 08:59:51.133,0.0001591322704876734
2024/06/22 10:59:59.134,0.00015872455252568905
2024/06/22 12:59:47.134,0.00015883732328027757
2024/06/22 14:59:59.133,0.0001589983757455492
2024/06/22 16:59:50.147,0.00015888269665588682
2024/06/22 18:59:59.132,0.0001588943139531171
2024/06/22 20:59:59.134,0.00015885030318802277
2024/06/22 22:59:50.146,0.00015893224189514636
2024/06/23 00:59:59.132,0.00015885691294401826
2024/06/23 02:59:49.133,0.00015860528866397348
2024/06/23 04:59:59.140,0.00015878130718022934
2024/06/23 06:59:59.133,0.00015886851974594103
2024/06/23 08:59:59.139,0.0001589754046341475
2024/06/23 10:59:59.133,0.00015884073412209739
2024/06/23 12:59:59.140,0.00015896594173463023
2024/06/23 14:59:53.134,0.00015867688788021662
2024/06/23 16:59:59.134,0.00015881655454982768
2024/06/23 18:59:59.137,0.00015903132160473784
2024/06/23 20:59:59.133,0.00015880958181486703
2024/06/23 22:59:55.133,0.00015887397400714387
2024/06/24 00:59:58.135,0.00015885516323569358
2024/06/24 02:59:56.133,0.0001588937663047958
2024/06/24 04:59:59.132,0.00015892699795338252
2024/06/24 06:59:48.133,0.00015877841291091034
2024/06/24 08:59:50.136,0.00015889702120795734
2024/06/24 10:59:52.140,0.0001586967628541119
2024/06/24 12:59:59.132,0.00015892232840568633
2024/06/24 14:59:56.134,0.00015890617309565264
2024/06/24 16:59:58.134,0.00015881244391013246
2024/06/24 18:59:53.138,0.00015891676411261348
2024/06/24 20:59:58.135,0.00015898025113091768
2024/06/24 22:59:59.132,0.00015876665502886485
2024/06/25 00:59:59.134,0.00015897137216514218
2024/06/25 02:59:59.133,0.00015883472393282772
2024/06/25 04:59:53.134,0.00015878706820450378
2024/06/25 06:59:59.133,0.00015870358344748117
2024/06/25 08:59:57.139,0.00015900108920649715
2024/06/25 10:59:59.139,0.00015889070383703777
2024/06/25 12:59:57.133,0.00015886537779333102
2024/06/25 14:59:59.132,0.000158778264928167
2024/06/25 16:59:59.139,0.0001589649220571305
2024/06/25 18:59:51.133,0.0001588118818252259
2024/06/25 20:59:59.133,0.00015906181873832342
2024/06/25 22:59:50.135,0.000159033496513106
2024/06/26 00:59:59.133,0.0001589713918252953
2024/06/26 02:59:54.140,0.00015868462068070413
2024/06/26 04:59:50.139,0.00015869682851756735
2024/06/26 06:59:59.133,0.0001588229564500245
2024/06/26 08:59:52.133,0.0001587078949241432
2024/06/26 10:59:50.132,0.0001588896448355864
2024/06/26 12:59:59.134,0.00015866861341091385
2024/06/26 14:59:56.133,0.00015876785498939328
2024/06/26 16:59:59.138,0.0001589486020872675
2024/06/26 18:59:59.132,0.0001589285667091746
2024/06/26 20:59:59.133,0.0001586789693086135
2024/06/26 22:59:59.133,0.00015884134616464082
2024/06/27 00:59:59.132,0.00015885633584109582
2024/06/27 02:59:59.132,0.00015887345251390872
2024/06/27 04:59:59.132,0.00015885032826826667
2024/06/27 06:59:59.133,0.0001589582359507809
2024/06/27 08:59:59.133,0.0001589637882919079
2024/06/27 10:59:59.133,0.00015880931247532406
2024/06/27 12:59:59.132,0.0001589393913954359
2024/06/27 14:59:59.132,0.00015888076795190495
2024/06/27 16:59:59.134,0.00015913771528775807
2024/06/27 18:59:59.132,0.00015902056880640275
2024/06/27 20:59:59.133,0.00015869082008357555
2024/06/27 22:59:59.132,0.00015888186050302808
2024/06/28 00:59:59.133,0.00015891948254033895
2024/06/28 02:59:59.133,0.0001589427226247097
2024/06/28 04:59:59.133,0.00015895341602748992
2024/06/28 06:59:59.132,0.00015886934361662654
2024/06/28 08:59:59.132,0.0001587894025279001
2024/06/28 10:59:59.132,0.00015903709111279285
2024/06/28 12:59:59.133,0.00015877027109828661
2024/06/28 14:59:59.139,0.00015897017432799223
2024/06/28 16:59:59.132,0.00015900379223805834
2024/06/28 18:59:59.139,0.0001590261539197933
2024/06/28 20:59:59.139,0.00015880979860804573
2024/06/28 22:59:59.133,0.00015895972855058587
2024/06/29 00:59:59.132,0.00015885282047846527
2024/06/29 02:59:59.133,0.00015882695665293646
2024/06/29 04:59:59.133,0.0001589210157540194
2024/06/29 06:59:59.132,0.0001587538873966423
2024/06/29 08:59:59.138,0.00015860793087088746
2024/06/29 10:59:59.133,0.00015887779581821358
2024/06/29 12:59:59.132,0.00015890801544068592
2024/06/29 14:59:59.133,0.0001587486038350981
2024/06/29 16:59:59.133,0.00015856512155130805
2024/06/29 18:59:59.133,0.00015868648163763185
2024/06/29 20:59:59.138,0.00015911471509778212
2024/06/29 22:59:59.132,0.00015867833769063217
2024/06/30 00:59:59.132,0.0001588314817405053
2024/06/30 02:59:59.132,0.00015903574911498212
2024/06/30 04:59:59.132,0.00015891911806581352
2024/06/30 06:59:59.132,0.00015887291224430135
2024/06/30 08:59:59.134,0.0001589579360232071
2024/06/30 10:59:59.134,0.00015871878890900268
2024/06/30 12:59:59.133,0.0001588379009274381
2024/06/30 14:59:59.132,0.00015887636308535309
2024/06/30 16:59:59.133,0.0001579032077166722
2024/06/30 18:59:59.133,0.000157959745076748
2024/06/30 20:59:59.133,0.00015786990806500163
2024/06/30 22:59:59.139,0.0001578518339546757
2024/07/01 00:59:59.132,0.00015766671400728428
2024/07/01 02:59:59.132,0.00015779651130277985
2024/07/01 04:59:59.132,0.00015763327348678675
2024/07/01 06:59:59.133,0.0001579563711903693
2024/07/01 08:59:59.133,0.00015790574931569092
2024/07/01 10:59:59.139,0.00015814797681073086
2024/07/01 12:59:59.133,0.00015785805204805606
2024/07/01 14:59:59.132,0.00015778413036705453
2024/07/01 16:59:59.132,0.00015780221260964077
2024/07/01 18:59:59.133,0.00015770485469105094
2024/07/01 20:59:59.132,0.00015777370267088857
2024/07/01 22:59:59.133,0.00015770785766822722
2024/07/02 00:59:59.133,0.00015771119949179574
2024/07/02 02:59:59.132,0.00015779827893833763
2024/07/02 04:59:59.140,0.00015783702152627179
2024/07/02 06:59:59.133,0.00015770981562599477
2024/07/02 08:59:59.133,0.00015771468161979952
2024/07/02 10:59:59.132,0.00015795461777504003
2024/07/02 12:59:59.133,0.00015828672101806822
2024/07/02 14:59:59.133,0.00015793092535299456
2024/07/02 16:59:59.132,0.000157808714535408
2024/07/02 18:59:59.132,0.00015789779844880222
2024/07/02 20:59:59.134,0.00015814842231907334
2024/07/02 22:59:59.134,0.0001579923753671801
2024/07/03 00:34:29.140,0.00015798291317158458
2024/07/03 02:59:59.134,0.00015798364353869967
2024/07/03 04:59:59.135,0.00015773359238882752
2024/07/03 06:59:59.133,0.0001576970184487774
2024/07/03 08:59:59.135,0.0001578083097224859
2024/07/03 10:58:32.136,0.00015785990745598188
2024/07/03 12:59:59.133,0.0001577868759027604
2024/07/03 14:59:59.136,0.00015770639816938285
2024/07/03 16:59:59.133,0.00015788913673702272
2024/07/03 18:59:59.146,0.00015793728701362608
2024/07/03 20:59:59.133,0.00015779549244267742
2024/07/03 22:59:59.134,0.00015771655175700244
2024/07/04 00:59:59.137,0.0001578773998505629
2024/07/04 02:52:45.163,0.00015770592337641595
2024/07/04 04:59:59.135,0.0001578359466857924
2024/07/04 06:59:59.137,0.00015774426007657353
2024/07/04 08:59:59.137,0.00015770386034942067
2024/07/04 10:59:59.149,0.00015798718409025124
2024/07/04 12:59:59.139,0.00015754956500153277
2024/07/04 14:59:59.137,0.00015783959794328427
2024/07/04 16:59:59.135,0.00015797325056692214
2024/07/04 18:03:29.138,0.00015798771092646362
2024/07/13 06:59:59.895,0.000011299377895165738
2024/07/13 08:59:59.895,0.000011299378002315446
2024/07/13 10:59:59.895,0.000011299378430439678
2024/07/13 12:59:59.897,0.000011222227892730642
2024/07/13 14:59:59.895,0.000011299362843047542
2024/07/13 16:59:59.895,0.000011299377887833797
2024/07/13 18:59:59.899,0.000011217213885962257
2024/07/13 20:59:59.895,0.0000112839718511281
2024/07/13 22:59:59.897,0.000011227452546313997
2024/07/14 00:59:59.895,0.000011299377887919117
2024/07/14 02:59:59.895,0.000011299437413186926
2024/07/14 04:59:59.899,0.00001136437948811975
2024/07/14 06:59:47.895,0.000011299377887891187
2024/07/14 08:59:59.895,0.000011299377887887489
2024/07/14 10:59:59.895,0.00001129937788811826
2024/07/14 12:59:59.899,0.000011217140862275638
2024/07/14 14:59:59.895,0.000011299496703349583
2024/07/14 16:59:59.895,0.000011299377946021416
2024/07/14 18:59:59.895,0.000011299615989073461
2024/07/14 20:59:59.895,0.000011301405614674266
2024/07/14 22:59:59.895,0.000011338902675631988
2024/07/15 00:59:59.895,0.000011299407679604371
2024/07/15 02:59:59.895,0.000011314617292437808
2024/07/15 04:59:59.895,0.000011299377896370285
2024/07/15 06:59:59.900,0.00001136033177268101
2024/07/15 08:59:54.895,0.000011299377887891188
2024/07/15 10:59:59.897,0.000011237996668607199
2024/07/15 12:59:59.895,0.000011299618159274519
2024/07/15 14:59:59.895,0.000011314735684259772
2024/07/15 16:59:59.895,0.00001131842815440663
2024/07/15 18:59:59.895,0.00001129937788800473
2024/07/15 20:59:59.895,0.00001129937788879993
2024/07/15 22:59:59.895,0.000011314136923299493
2024/07/16 00:59:59.895,0.00001129745214812866
2024/07/16 02:59:59.895,0.000011299615989077459
2024/07/16 04:59:59.899,0.00001138064978484809
2024/07/16 06:59:59.895,0.000011330136401649375
2024/07/16 08:59:59.895,0.000011314767585834633
2024/07/16 10:59:59.895,0.000011314616362355207
2024/07/16 12:59:59.900,0.000011376522638934491
2024/07/16 14:59:59.895,0.000011329854776459262
2024/07/16 16:59:59.895,0.000011430936728835408
2024/07/16 18:59:59.895,0.000011299854075563793
2024/07/16 20:59:34.895,0.000011299377887891187
2024/07/16 22:59:59.895,0.000011299377880545075
2024/07/17 00:59:59.895,0.000011291676822704896
2024/07/17 02:59:59.895,0.000011442111436818503
2024/07/17 04:59:59.900,0.000011217697873825505
2024/07/17 06:59:59.895,0.000011301401883618946
2024/07/17 08:59:59.895,0.00001129961598907391
2024/07/17 10:59:59.897,0.0000113641418558046
2024/07/17 12:59:59.895,0.000011299377889709531
2024/07/17 14:59:59.895,0.000011422539363506657
2024/07/17 16:59:59.895,0.000011299377887891188
2024/07/17 18:59:59.895,0.000011299381608250557
2024/07/17 20:59:59.895,0.000011299377887898736
2024/07/17 22:59:59.895,0.000011315096532967869
2024/07/18 00:59:59.896,0.000011385473716236553
2024/07/18 02:59:59.895,0.000011445541642509491
2024/07/18 04:59:17.895,0.000011461921486645685
2024/07/18 06:59:59.895,0.000011462884356521239
2024/07/18 08:59:59.900,0.000011397083087163075
2024/07/18 10:59:59.895,0.000011299933735856997
2024/07/18 12:59:59.895,0.000011482338529574625
2024/07/18 14:59:59.895,0.000011630180730704313
2024/07/18 16:59:59.895,0.00001178879421446992
2024/07/18 18:59:59.895,0.000011781173375286717
2024/07/18 20:59:57.895,0.000011461921486645685
2024/07/18 22:59:59.900,0.000011380948308642342
2024/07/19 00:59:59.895,0.000011461919626483477
2024/07/19 02:59:59.895,0.00001178849583122591
2024/07/19 04:59:59.899,0.000011891424004398601
2024/07/19 06:59:59.900,0.000012015343617452296
2024/07/19 08:59:59.895,0.000011626251126887955
2024/07/19 10:59:59.895,0.000011299377872739826
2024/07/19 12:59:52.895,0.000011626251134234055
2024/07/19 14:59:59.895,0.000011937196980095132
2024/07/19 16:59:59.895,0.00001209918926147851
2024/07/19 18:59:59.895,0.000011968362226260508
2024/07/19 20:59:59.899,0.000011687213592740471
2024/07/19 22:59:59.895,0.000011445669092852133
2024/07/20 00:59:59.895,0.0000113185687094996
2024/07/20 02:59:59.895,0.000011466545119055411
2024/07/20 04:59:59.895,0.00001175707871576123
2024/07/20 06:59:59.895,0.000011788794199937313
2024/07/20 08:59:59.895,0.000011626130767791769
2024/07/20 10:59:59.895,0.000011299377888120052
2024/07/20 12:59:59.900,0.000011562090539328475
2024/07/20 14:59:59.895,0.000011626251134262883
2024/07/20 16:59:59.895,0.000011784982981179443
2024/07/20 18:59:59.895,0.000011627203544588936
2024/07/20 20:59:59.895,0.000011430488188559296
2024/07/20 22:59:59.901,0.000011399060675746176
2024/07/21 00:59:59.899,0.000011562099545928577
2024/07/21 02:59:59.895,0.0000117887944488262
2024/07/21 04:59:59.895,0.000011985535326007828
2024/07/21 06:59:59.895,0.000012115698861027877
2024/07/21 08:59:59.895,0.000011819608480964652
2024/07/21 10:59:59.895,0.000011465776844837945
2024/07/21 12:59:59.895,0.000011299629930095207
2024/07/21 14:59:59.895,0.00001149376013012131
2024/07/21 16:59:59.895,0.000011469631967786485
2024/07/21 18:59:59.895,0.000011461921486645577
2024/07/21 20:59:59.896,0.000011396012047650958
2024/07/21 22:59:59.895,0.000011461921760901513
2024/07/22 00:59:59.895,0.000011633877830505921
2024/07/22 02:59:59.898,0.000011886493060850598
2024/07/22 04:59:59.895,0.000011953153568159124
2024/07/22 06:59:59.899,0.00001203439536288602
2024/07/22 08:59:59.895,0.000011788794446989662
2024/07/22 10:59:59.895,0.000011314677810326448
2024/07/22 12:59:59.895,0.000011462893132678913
2024/07/22 14:59:59.895,0.000011642630713718287
2024/07/22 16:59:59.895,0.00001178856073448227
2024/07/22 18:59:59.895,0.000011626252078851452
2024/07/22 20:59:59.895,0.00001146093832073076
2024/07/22 22:59:59.899,0.000011388760036913675
2024/07/23 00:59:59.895,0.000011462041845380676
2024/07/23 02:59:59.895,0.00001146294859141758
2024/07/23 04:59:41.895,0.000011626251134234058
2024/07/23 06:59:59.896,0.00001172391090159413
2024/07/23 08:59:59.895,0.000011453826060233939
2024/07/23 10:59:59.895,0.00001144548289143738
2024/07/23 12:59:59.895,0.000011641805180881073
2024/07/23 14:59:59.895,0.000011937412593066393
2024/07/23 16:59:59.896,0.000011874932170448778
2024/07/23 18:59:59.900,0.000011854269468200432
2024/07/23 20:59:59.895,0.00001147092331659566
2024/07/23 22:59:59.895,0.000011301282726631707
2024/07/24 00:59:59.895,0.000011300360113396212
2024/07/24 02:59:59.895,0.000011454060436124362
2024/07/24 04:59:59.895,0.000011445700636163752
2024/07/24 06:59:59.895,0.000011461929494857587
2024/07/24 08:59:59.895,0.000011454301330665223
2024/07/24 10:59:59.895,0.000011429508850612867
2024/07/24 12:59:59.895,0.000011625769212852878
2024/07/24 14:59:59.895,0.000011788734862807498
2024/07/24 16:59:59.895,0.000011796778287460717
2024/07/24 18:59:59.895,0.000011758063647923598
2024/07/24 20:59:59.895,0.000011469781088875907
2024/07/24 22:59:59.900,0.000011378407606246087
2024/07/25 00:59:59.895,0.000011303226190429857
2024/07/25 02:59:59.895,0.000011461904121361416
2024/07/25 04:59:59.895,0.000011495300966167816
2024/07/25 06:59:59.898,0.00001172402233198861
2024/07/25 08:59:59.900,0.000011542030697750185
2024/07/25 10:59:59.900,0.000011364899776026493
2024/07/25 12:59:59.901,0.000011559507533567071
2024/07/25 14:59:59.900,0.000011707522826228517
2024/07/25 16:59:59.895,0.000011758317818060653
2024/07/25 18:59:59.895,0.000011753000006661827
2024/07/25 20:59:59.895,0.00001146423212358291
2024/07/25 22:59:59.895,0.000011421286545876173
2024/07/26 00:59:59.895,0.000011445658707898243
2024/07/26 02:59:59.895,0.000011492874752651454
2024/07/26 04:59:59.900,0.000011874970160189421
2024/07/26 06:59:59.900,0.000012034117562081437
2024/07/26 08:59:59.895,0.0000116262523124644
2024/07/26 10:59:59.895,0.000011299377417743432
2024/07/26 12:59:59.895,0.000011454294813862924
2024/07/26 14:59:59.895,0.00001161713646839352
2024/07/26 16:59:59.895,0.000011461921486163022
2024/07/26 18:59:59.895,0.000011443857829130975
2024/07/26 20:59:59.895,0.00001146192148616226
2024/07/26 22:59:59.895,0.000011628216396053326
2024/07/27 00:59:59.895,0.00001194484978313199
2024/07/27 02:59:59.895,0.000012079122214050938
2024/07/27 04:59:59.898,0.00001220758794801755
2024/07/27 06:59:59.895,0.00001227951399483348
2024/07/27 08:59:59.895,0.000011953108743390507
2024/07/27 10:59:59.895,0.00001178831387458342
2024/07/27 12:59:59.895,0.00001162601041718947
2024/07/27 14:59:59.895,0.000011462063814251233
2024/07/27 16:59:59.895,0.000011460909321480988
2024/07/27 18:59:59.895,0.000011461437379422032
2024/07/27 20:59:59.900,0.000011544071301952493
2024/07/27 22:59:59.895,0.000011792890398166898
2024/07/28 00:59:59.895,0.000011968647946590155
2024/07/28 02:59:59.895,0.000012275858593424057
2024/07/28 04:59:59.895,0.000012440490025014812
2024/07/28 06:59:59.895,0.000012442531084661085
2024/07/28 08:59:59.895,0.000012283805733483952
2024/07/28 10:59:59.895,0.000011788734456730596
2024/07/28 12:59:59.895,0.000011299449533895386
2024/07/28 14:59:59.895,0.000011460899366243756
2024/07/28 16:59:59.898,0.000011396205681248292
2024/07/28 18:59:59.896,0.000011362380416886788
2024/07/28 20:59:59.895,0.000011478322718030792
2024/07/28 22:59:59.895,0.000011788318246265208
2024/07/29 00:59:59.895,0.000011953123805502485
2024/07/29 02:59:59.895,0.00001211975901455466
2024/07/29 04:59:59.895,0.00001214673909340305
2024/07/29 06:59:59.895,0.000012279995968985142
2024/07/29 08:59:59.895,0.000011960743014284257
2024/07/29 10:59:59.901,0.000011541834778891876
2024/07/29 12:59:59.900,0.000011375570242557882
2024/07/29 14:59:59.898,0.000011376078089073034
2024/07/29 16:59:59.901,0.000011380649489389314
2024/07/29 18:59:58.895,0.000011461921486645685
2024/07/29 20:59:59.895,0.000011300401947258201
2024/07/29 22:59:59.895,0.000011626246745082356
2024/07/30 00:59:59.895,0.00001182477386509964
2024/07/30 02:59:59.895,0.000012115190167140939
2024/07/30 04:59:59.895,0.000012146478672513414
2024/07/30 06:59:59.900,0.0000122173920872902
2024/07/30 08:59:59.895,0.000011807333702918412
2024/07/30 10:59:59.895,0.00001144665326986437
2024/07/30 12:59:59.901,0.000011396014751603663
2024/07/30 14:59:59.895,0.000011461925255202272
2024/07/30 16:59:36.895,0.000011461921486645685
2024/07/30 18:59:59.895,0.000011460969068815455
2024/07/30 20:59:59.897,0.0000113989120350467
2024/07/30 22:59:59.900,0.000011525534817826065
2024/07/31 00:59:59.895,0.00001162625113423406
2024/07/31 02:59:59.901,0.000011725618350386013
2024/07/31 04:59:59.895,0.00001175780642363972
2024/07/31 06:59:59.895,0.00001175807751194912
2024/07/31 08:59:59.895,0.000011644030260270242
2024/07/31 10:59:59.895,0.000011461921180550877
2024/07/31 12:59:59.895,0.000011461842192447059
2024/07/31 14:59:59.895,0.000011461921486645721
2024/07/31 16:59:59.897,0.000011544206705407651
2024/07/31 18:59:59.900,0.000011554204589023758
2024/07/31 20:59:59.895,0.000011314856353017491
2024/07/31 22:59:59.901,0.000011398443816126817
2024/08/01 00:59:59.895,0.000011656787552216541
2024/08/01 02:59:59.900,0.000011727364412932657
2024/08/01 04:59:59.895,0.00001163021552679707
2024/08/01 06:59:59.895,0.000011804140811616874
2024/08/01 08:59:59.895,0.00001163520168307957
2024/08/01 10:59:59.895,0.000011446187984978117
2024/08/01 12:59:59.900,0.00001138176086069168
2024/08/01 14:59:59.895,0.000011443632089942462
2024/08/01 15:00:00.806,0.000011443632089942462
