Timestamp,YCOR:GUNB:293:BACT
2024/01/29 13:59:56.495,0.0002872291422058131
2024/01/29 15:59:57.500,0.00028706531787092904
2024/01/29 17:59:59.499,0.00028690076177320905
2024/01/29 19:59:58.500,0.0002870399163760227
2024/01/29 21:59:56.499,0.00028679432385189413
2024/01/29 23:59:56.495,0.0002870240659689286
2024/01/30 01:59:53.499,0.0002871292445043491
2024/01/30 03:59:51.500,0.00028692515974440753
2024/01/30 05:59:55.495,0.000286966160449747
2024/01/30 07:59:59.499,0.0002871708304679238
2024/01/30 09:59:59.499,0.0002871823861534349
2024/01/30 11:59:55.500,0.0002870479192885737
2024/01/30 13:59:58.499,0.0002870174858649048
2024/01/30 15:59:57.495,0.0002872278659668297
2024/01/30 17:59:59.174,0.00014237832163634543
2024/01/30 19:59:50.178,0.00014226608663480366
2024/01/30 21:59:59.174,0.00014227537054922976
2024/01/30 23:59:55.173,0.000142243604451544
2024/01/31 01:59:48.177,0.00014238729028480978
2024/01/31 03:59:59.178,0.0001421934608902923
2024/01/31 05:59:59.178,0.00014246299063706182
2024/01/31 07:59:52.182,0.00014233641195904607
2024/01/31 09:59:52.174,0.0001421502940504328
2024/01/31 11:59:52.183,0.00014219132433151743
2024/01/31 13:59:50.177,0.00014234168056587783
2024/01/31 15:59:55.178,0.0001423282081604236
2024/01/31 17:59:59.178,0.00014229577148077764
2024/01/31 19:59:59.173,0.0001421039559317113
2024/01/31 21:59:59.178,0.00014225719932650882
2024/01/31 23:59:53.179,0.00014216477458482037
2024/02/01 01:59:55.178,0.00014222458490814596
2024/02/01 03:59:51.173,0.00014216388907267825
2024/02/01 05:59:50.179,0.00014218079576637703
2024/02/01 07:59:59.178,0.00014253651537366824
2024/02/01 09:59:56.173,0.00012087536241848937
2024/02/01 11:59:59.178,0.00012073287635457319
2024/02/01 13:59:59.178,0.00012088849249442153
2024/02/01 15:59:56.177,0.00012083927912157507
2024/02/01 17:59:54.177,0.0001208344957038486
2024/02/01 19:59:59.178,0.00012074506700872836
2024/02/01 21:59:56.173,0.00012079626489662913
2024/02/01 23:59:59.178,0.00012076587249890616
2024/02/02 01:59:59.178,0.0001208472500639563
2024/02/02 03:59:59.179,0.00012071514126256935
2024/02/02 05:59:50.178,0.00012045381994992939
2024/02/02 07:59:58.179,0.00012088483746680816
2024/02/02 09:59:51.178,0.00012084896533228833
2024/02/02 11:59:53.178,0.00012090667615462972
2024/02/02 13:59:59.174,0.00012053349483070356
2024/02/02 15:59:53.178,0.00012075823206533282
2024/02/02 17:59:59.178,0.00012071505830266428
2024/02/02 19:59:59.178,0.0001206102287599623
2024/02/02 21:59:59.174,0.00012074255105255408
2024/02/02 23:59:59.179,0.00012089139536630096
2024/02/03 01:59:59.174,0.00012078451128056594
2024/02/03 03:59:59.174,0.00012073660751865931
2024/02/03 05:59:59.178,0.00012090103421193643
2024/02/03 07:59:59.179,0.0001207922731793393
2024/02/03 09:59:50.179,0.00012075870468190892
2024/02/03 11:59:51.173,0.00012069430644736462
2024/02/03 13:59:55.178,0.00012099997840619655
2024/02/03 15:59:57.184,0.00012076449802062302
2024/02/03 17:59:59.178,0.00012062230393885293
2024/02/03 19:59:59.178,0.00012070498303192373
2024/02/03 21:59:59.178,0.00012077280779407671
2024/02/03 23:59:50.178,0.00012089433228564445
2024/02/04 01:59:59.178,0.00012060015296759327
2024/02/04 03:59:59.174,0.00012076285462037007
2024/02/04 05:59:51.179,0.00012090835122175849
2024/02/04 07:59:59.174,0.00012079471854752828
2024/02/04 09:59:58.177,0.00012089722003735099
2024/02/04 11:59:52.184,0.00012096203244914817
2024/02/04 13:59:59.177,0.00012111810492193712
2024/02/05 09:59:58.682,0.0000219885636608291
2024/02/05 11:59:59.678,0.00002242006622525742
2024/02/05 13:59:59.681,0.000022000808946517634
2024/02/05 15:59:59.678,0.000023236113071363808
2024/02/05 17:59:59.678,0.00002357069931643374
2024/02/05 19:59:59.678,0.000023563101099545512
2024/02/05 21:25:32.678,0.00002369109411561339
2024/02/05 23:59:59.678,0.000023570941993712085
2024/02/06 01:59:59.678,0.000023562984775968903
2024/02/06 03:59:59.681,0.000023462784214149023
2024/02/06 05:59:59.678,0.000023398407565886173
2024/02/06 07:59:59.678,0.0000232366047722183
2024/02/06 09:59:57.678,0.00002339866170893018
2024/02/06 11:59:55.685,0.000023644895700919385
2024/02/06 13:59:31.678,0.00002372729959739222
2024/02/06 15:59:59.678,0.000023742536576244924
2024/02/06 17:59:59.678,0.0000237272843038082
2024/02/06 19:59:54.681,0.000023643999366721386
2024/02/06 21:59:53.682,0.00002349943362477925
2024/02/06 23:59:59.682,0.000023490521787657766
2024/02/07 01:59:56.678,0.000023596233597876427
2024/02/07 03:59:52.679,0.0000235962955686732
2024/02/07 05:59:59.678,0.000023562985226506283
2024/02/07 07:59:59.678,0.00002360285221809297
2024/02/07 09:59:57.681,0.000023649023528001013
2024/02/07 11:59:59.678,0.000023582481950331872
2024/02/07 13:59:59.682,0.00002364501761896145
2024/02/07 15:59:59.682,0.000023661796252319955
2024/02/07 17:59:53.682,0.000023661569201561162
2024/02/07 19:59:59.683,0.000023625099349751728
2024/02/07 21:59:58.684,0.000023645143954257756
2024/02/07 23:59:59.678,0.000023555260716756934
2024/02/08 01:59:59.678,0.00002340254329396447
2024/02/08 03:59:59.678,0.000023394852298971464
2024/02/08 05:59:58.683,0.000023146202513892315
2024/02/08 07:59:59.678,0.000022939768524163936
2024/02/08 09:59:55.681,0.000023151461723557878
2024/02/08 11:59:59.683,0.000023501361119344914
2024/02/08 13:59:59.678,0.000023727779727562337
2024/02/08 15:59:59.678,0.00002374254649791709
2024/02/08 17:59:56.682,0.0000236432145832627
2024/02/08 19:59:59.678,0.00002373110895981469
2024/02/08 21:59:54.679,0.000023564003702010974
2024/02/08 23:59:59.678,0.00002341430731710516
2024/02/09 01:59:59.678,0.000023266603576482292
2024/02/09 03:59:55.688,0.000022990423584372532
2024/02/09 05:59:57.678,0.000022909275899075024
2024/02/09 07:59:59.678,0.000022876201291953753
2024/02/09 09:59:59.678,0.00002307180556275502
2024/02/09 11:59:59.678,0.000023562980721150637
2024/02/09 13:59:59.678,0.00002372730052833479
2024/02/09 15:59:59.678,0.000023727330288057373
2024/02/09 17:59:58.678,0.000023742537162624098
2024/02/09 19:59:59.683,0.000023653444670166047
2024/02/09 21:59:59.678,0.000023429756426021943
2024/02/09 23:59:57.678,0.00002336260073917525
2024/02/10 01:59:47.678,0.000023236128600595358
2024/02/10 03:59:57.678,0.00002307180929777101
2024/02/10 05:59:57.682,0.00002300895437674721
2024/02/10 07:59:58.679,0.000022909200430702793
2024/02/10 09:59:59.678,0.000023072328300980153
2024/02/10 11:59:59.683,0.000023654254550733357
2024/02/10 13:59:59.678,0.00002374254450151019
2024/02/10 15:16:56.683,0.000023808566086458233
2024/02/10 19:59:59.682,0.00002364515524679623
2024/02/10 21:59:59.678,0.000023562980778079566
2024/02/10 23:59:59.678,0.000023400589504220015
2024/02/11 01:59:59.678,0.000023236604772430274
2024/02/11 03:59:57.679,0.000023153970917735513
2024/02/11 05:59:54.678,0.00002290952934724318
2024/02/11 07:59:56.679,0.00002287621466972566
2024/02/11 09:59:57.678,0.00002307180928284924
2024/02/11 11:59:54.679,0.000023706883865610326
2024/02/11 13:59:59.678,0.000023731892656593832
2024/02/11 15:59:57.678,0.000023742537044528098
2024/02/11 17:59:56.679,0.000023727419631982034
2024/02/11 19:59:59.678,0.000023578997287697062
2024/02/11 21:59:59.678,0.000023562980719314355
2024/02/11 23:59:59.678,0.00002341454801534347
2024/02/12 01:59:59.678,0.000023228367792432166
2024/02/12 03:59:59.683,0.000023133549647622244
2024/02/12 05:59:59.678,0.00002323611236413298
2024/02/12 07:59:54.678,0.00002307180928285012
2024/02/12 09:59:59.683,0.000023307514630974292
2024/02/12 11:59:59.678,0.000023562980719314473
2024/02/12 13:59:59.682,0.000023810863040699226
2024/02/12 15:59:59.678,0.00002385683298672658
2024/02/12 17:59:58.678,0.000023869514749149387
2024/02/12 19:59:53.678,0.00002360349503896279
2024/02/12 21:59:55.678,0.000023594271936450274
2024/02/12 23:59:59.678,0.000023408801736035603
2024/02/13 01:59:59.678,0.000023236128602411827
2024/02/13 03:59:59.678,0.000023200113326573028
2024/02/13 05:59:59.679,0.00002315010962691209
2024/02/13 07:59:59.678,0.000023267563825610294
2024/02/13 09:59:59.683,0.000023472599305664345
2024/02/13 11:59:55.678,0.000023757789431738177
2024/02/13 13:59:59.678,0.000023859118374513438
2024/02/13 15:59:58.683,0.000023788281002397017
2024/02/13 17:59:59.678,0.00002371959715655587
2024/02/13 19:59:59.678,0.00002356298165955551
2024/02/13 21:59:59.678,0.000023562980719316262
2024/02/13 23:59:59.678,0.000023429984909542644
2024/02/14 01:59:57.678,0.00002339866193308803
2024/02/14 03:59:57.682,0.000023460405717833088
2024/02/14 05:59:59.678,0.000023561775212970128
2024/02/14 07:59:59.683,0.00002347299794889623
2024/02/14 09:59:59.682,0.000023629675105205527
2024/02/14 11:59:59.682,0.000023823818278913702
2024/02/14 13:59:59.678,0.00002375777449280982
2024/02/14 15:59:59.678,0.000023562988476549154
2024/02/14 17:59:51.678,0.00012082803093113862
2024/02/14 19:59:59.684,0.0001208380553461885
2024/02/14 21:59:55.689,0.00012076001024334642
2024/02/14 23:59:57.683,0.0001207695655692316
2024/02/15 01:59:59.678,0.00012086252803832709
2024/02/15 03:59:57.684,0.00012076095240228684
2024/02/15 05:59:53.683,0.00012078264263280265
2024/02/15 07:59:59.678,0.00012089425939571624
2024/02/15 09:59:57.683,0.00012086421468776767
2024/02/15 11:59:55.680,0.00012080403255096216
2024/02/15 13:59:59.678,0.0001206884847405731
2024/02/15 15:59:59.683,0.00012081627445556914
2024/02/15 17:59:51.683,0.00012090645862234458
2024/02/15 19:59:54.684,0.00012083849945809932
2024/02/15 21:59:54.684,0.00012061209820179716
2024/02/15 23:59:52.683,0.00012064980527989907
2024/02/16 01:59:59.683,0.00012074094562320821
2024/02/16 03:59:57.678,0.00012067261237142859
2024/02/16 05:59:59.683,0.00012088807264090078
2024/02/16 07:59:49.678,0.000120703828349242
2024/02/16 09:59:51.683,0.00012080784467692077
2024/02/16 11:59:59.683,0.0001206919929869056
2024/02/16 13:59:56.678,0.00012087723594758164
2024/02/16 15:59:59.683,0.00012073149935692977
2024/02/16 17:59:59.683,0.00012080815277887622
2024/02/16 19:59:53.683,0.0001209035457899166
2024/02/16 21:59:55.688,0.00012082919395605772
2024/02/16 23:59:59.683,0.00012104579576897879
2024/02/17 01:59:58.683,0.00012099609062426564
2024/02/17 03:59:57.683,0.00012092866167301222
2024/02/17 05:59:57.684,0.00012073260267430733
2024/02/17 07:59:59.678,0.00012071927416280137
2024/02/17 09:59:53.683,0.00012084211816872537
2024/02/17 11:59:59.678,0.00012069519529291389
2024/02/17 13:59:59.683,0.00012094597845470861
2024/02/17 15:59:59.684,0.00012079161886507459
2024/02/17 17:59:59.684,0.0001209657577952512
2024/02/17 19:59:58.683,0.00012073797493981325
2024/02/17 21:59:55.690,0.00012104796199560901
2024/02/17 23:59:53.682,0.00012076494617916812
2024/02/18 01:59:54.684,0.00012076515748829564
2024/02/18 03:59:55.690,0.00012074185676134366
2024/02/18 05:59:58.683,0.00012100659498663058
2024/02/18 07:59:59.684,0.00012089996825953242
2024/02/18 09:59:59.683,0.00012076356513665839
2024/02/18 11:59:56.679,0.00012085400102583859
2024/02/18 13:59:57.683,0.00012066627741856693
2024/02/18 15:59:59.682,0.00012090303790772529
2024/02/18 17:59:59.684,0.00012086044501728308
2024/02/18 19:59:53.683,0.00012060772058763818
2024/02/18 21:59:52.683,0.00012078423889280705
2024/02/18 23:59:59.678,0.00012081265946445976
2024/02/19 01:59:50.690,0.00012058755222610449
2024/02/19 03:59:58.684,0.0001209282202972545
2024/02/19 05:59:52.678,0.0001207984412607518
2024/02/19 07:59:59.682,0.00012088480953703402
2024/02/19 09:59:59.683,0.00012088786876479328
2024/02/19 11:59:59.683,0.00012103898122842473
2024/02/19 13:59:58.679,0.00007025948422504775
2024/02/19 15:59:56.679,0.00007013083025956643
2024/02/19 17:59:55.689,0.00007039624841409173
2024/02/19 19:59:52.683,0.00007020334561741138
2024/02/19 21:59:59.678,0.000018850860348666706
2024/02/19 23:59:57.678,0.000018973097875150804
2024/02/20 01:59:59.684,0.000018962066308128455
2024/02/20 03:59:54.683,0.000018936322912263053
2024/02/20 05:59:50.691,0.00001874690433012426
2024/02/20 07:59:50.690,0.000018885127101191323
2024/02/20 09:59:59.678,0.000018706193726664427
2024/02/20 11:59:59.683,0.000018916496207331185
2024/02/20 13:59:59.683,0.000018972597604652342
2024/02/20 15:59:53.683,0.000018909911691032043
2024/02/20 17:59:55.683,0.000018883164637909366
2024/02/20 19:59:55.679,0.00004741119550717657
2024/02/20 21:59:54.685,0.00004748147065779437
2024/02/20 23:59:59.683,0.00004705033959645361
2024/02/21 01:59:49.678,0.00004731881087218673
2024/02/21 03:59:52.683,0.00004721810946940556
2024/02/21 05:59:59.678,0.00004757654985326418
2024/02/21 07:59:59.683,0.00004725392667925862
2024/02/21 09:59:50.690,0.00004748511322788808
2024/02/21 11:59:59.683,0.00004678834041486019
2024/02/21 13:59:59.683,0.000046649611086996347
2024/02/21 15:59:47.682,0.000046622980042503574
2024/02/21 17:59:50.690,0.0000468483750340256
2024/02/21 19:59:57.684,0.00004668760712642721
2024/02/21 21:59:52.683,0.00004687135454735487
2024/02/21 23:59:51.678,0.00004674320488319936
2024/02/22 01:59:56.683,0.000046713623845827554
2024/02/22 03:59:54.683,0.00004675796369699447
2024/02/22 05:59:49.678,0.00004673695575049155
2024/02/22 07:59:50.679,0.000046587818841061606
2024/02/22 09:59:59.678,0.00004674850943971875
2024/02/22 11:59:59.683,0.000046898028303443476
2024/02/22 13:59:58.679,0.00004680791452280794
2024/02/22 15:59:51.683,0.00004699472504717208
2024/02/22 17:59:52.679,0.00004681335059902169
2024/02/22 19:59:59.683,0.00004671526727160326
2024/02/22 21:59:56.679,0.000046736077288829506
2024/02/22 23:59:56.683,0.00004670873655940037
2024/02/23 01:59:49.683,0.00004676527005553666
2024/02/23 03:59:57.682,0.00004656268062505283
2024/02/23 05:59:49.678,0.0000466275924123689
2024/02/23 07:59:57.683,0.00004670745409159595
2024/02/23 09:59:49.683,0.00004675684532845436
2024/02/23 11:59:59.683,0.00004668801673849704
2024/02/23 13:59:59.678,0.000046670584818760203
2024/02/23 15:59:59.682,0.00004675653264527778
2024/02/23 17:59:52.683,0.00004671728375833333
2024/02/23 19:59:54.684,0.0000467239618984354
2024/02/23 21:59:56.683,0.00004654840529715462
2024/02/23 23:59:54.679,0.00004674396954361877
2024/02/24 01:59:47.684,0.00004654163009623171
2024/02/24 03:59:57.678,0.000046487829280980756
2024/02/24 05:59:59.683,0.00004683522052603068
2024/02/24 07:59:57.683,0.00004655768034419443
2024/02/24 09:59:51.678,0.00004686398701873095
2024/02/24 11:59:59.683,0.000046828540150305587
2024/02/24 13:59:52.679,0.00004679639845840377
2024/02/24 15:59:56.683,0.00004683572633324537
2024/02/24 17:59:51.683,0.00004179777172805118
2024/02/24 19:59:48.683,0.000030341776424021843
2024/02/24 21:59:53.678,-1.4580929062546736e-8
2024/02/24 23:59:59.683,-6.380915465851802e-8
2024/02/25 01:59:53.684,-3.600489596529199e-8
2024/02/25 03:59:59.678,-1.0637476544197427e-8
2024/02/25 05:59:53.678,7.743978375733449e-8
2024/02/25 07:59:53.683,2.480876083331926e-7
2024/02/25 09:59:57.683,3.552562650210664e-8
2024/02/25 11:59:55.690,-3.797055032784742e-8
2024/02/25 13:59:51.684,1.0125269961807325e-7
2024/02/25 15:59:49.678,1.7547055501783594e-8
2024/02/25 17:59:58.679,2.0080128094205102e-7
2024/02/25 19:59:55.678,6.178737528694811e-8
2024/02/25 21:59:46.678,1.4311218681237573e-7
2024/02/25 23:59:57.682,5.161188419336173e-8
2024/02/26 01:59:47.684,6.878641651673186e-8
2024/02/26 03:59:52.679,2.2085443380744888e-9
2024/02/26 05:59:48.679,-1.8550776190509628e-8
2024/02/26 07:59:59.678,-1.7642926884974952e-9
2024/02/26 09:59:59.684,8.922594027251008e-8
2024/02/26 11:59:53.683,1.5151617194829375e-7
2024/02/26 13:59:57.678,1.286770570967245e-7
2024/02/26 15:59:58.683,-2.2123469479552293e-7
2024/02/26 17:59:59.684,7.608519419723421e-8
2024/02/26 19:59:59.684,-5.2323716716383305e-8
2024/02/26 21:59:58.679,1.458984679285692e-7
2024/02/26 23:59:47.684,-8.318579142382562e-8
2024/02/27 01:59:59.684,7.644153918112342e-8
2024/02/27 03:59:48.685,8.108180831953008e-8
2024/02/27 05:59:58.684,-4.8978057535951546e-8
2024/02/27 07:59:59.683,8.509768140339638e-8
2024/02/27 09:59:53.683,7.65466497661256e-8
2024/02/27 11:59:59.683,1.043241760646151e-7
2024/02/27 13:59:58.679,1.664606439796655e-7
2024/02/27 15:59:57.678,1.0862459592849861e-7
2024/02/27 17:59:55.689,-4.510836630941797e-8
2024/02/27 19:59:59.678,2.00366304788389e-7
2024/02/27 21:59:59.682,2.117715299103102e-7
2024/02/27 23:59:58.683,-3.945997661658623e-8
2024/02/28 01:59:52.679,5.127696649514447e-8
2024/02/28 03:59:57.678,-1.2537254959264714e-7
2024/02/28 05:59:58.683,-7.471946189121576e-8
2024/02/28 07:59:59.682,-8.673536772516065e-8
2024/02/28 09:59:52.683,-1.55763105935253e-7
2024/02/28 11:59:59.678,1.5535236231245634e-7
2024/02/28 13:59:59.683,8.721815772559597e-8
2024/02/28 15:59:59.683,1.1574489969474021e-7
2024/02/28 17:59:59.682,1.099238132436103e-7
2024/02/28 19:59:57.683,-1.2323015124084637e-7
2024/02/28 21:59:55.688,7.217430286106956e-8
2024/02/28 23:59:59.683,2.6080483250672715e-8
2024/02/29 01:59:59.682,1.838240073657306e-7
2024/02/29 03:59:59.683,1.1411889007459845e-7
2024/02/29 05:59:53.683,1.6167640387450996e-7
2024/02/29 07:59:59.683,-4.155457617597756e-8
2024/02/29 09:59:54.679,1.3042613849974018e-7
2024/02/29 11:59:51.684,8.237942412861228e-8
2024/02/29 13:59:58.683,1.6423359782599385e-7
2024/02/29 15:59:59.682,1.0717358104040773e-7
2024/02/29 17:59:59.678,2.963304942733688e-8
2024/02/29 19:59:59.678,2.0507074436534328e-7
2024/02/29 21:59:59.683,6.826788274923595e-8
2024/02/29 23:59:54.679,3.0483442399829526e-8
2024/03/01 01:59:57.678,-1.1067962336619739e-8
2024/03/01 03:59:57.682,-1.9976527893008404e-7
2024/03/01 05:59:51.682,-4.046482040095654e-8
2024/03/01 07:59:47.682,7.922967106086114e-8
2024/03/01 09:59:47.682,1.0156007196479891e-7
2024/03/01 11:59:59.682,-1.8760869717815827e-7
2024/03/01 13:59:53.683,-5.560627489089532e-9
2024/03/01 15:59:59.683,-7.10269673809402e-8
2024/03/01 17:59:54.683,8.392189446640832e-8
2024/03/01 19:59:56.679,-1.1092720176229541e-7
2024/03/01 21:59:59.678,-1.7245209202389573e-9
2024/03/01 23:59:51.683,-4.0293690990961524e-8
2024/03/02 13:59:59.442,0.00002280562185566367
2024/03/02 15:59:59.438,0.000022909215485399632
2024/03/02 17:59:59.438,0.000022901290647491128
2024/03/02 19:59:59.437,0.00002274495629026234
2024/03/02 21:59:58.440,0.000022836808473670917
2024/03/02 23:59:58.437,0.000022872366981727593
2024/03/03 01:59:59.437,0.00002274495628978425
2024/03/03 03:59:59.438,0.000022712183474595995
2024/03/03 05:59:59.437,0.000022590518105763613
2024/03/03 07:59:59.438,0.00002258242261768126
2024/03/03 09:59:59.438,0.000022745919218457993
2024/03/03 11:59:59.438,0.000023071694000695345
2024/03/03 13:59:59.438,0.000023236128600623757
2024/03/03 15:59:57.437,0.000023398668944802785
2024/03/03 17:59:59.437,0.000023398661686858353
2024/03/03 19:59:59.438,0.000023244225435621766
2024/03/03 21:59:59.438,0.000023073734887026653
2024/03/03 23:59:59.437,0.000023041258886231034
2024/03/04 01:59:59.437,0.000022909275899964537
2024/03/04 03:59:19.437,0.000022909275899993238
2024/03/04 05:59:59.438,0.00002290927208002352
2024/03/04 07:59:55.446,0.00012090512855993078
2024/03/04 09:59:59.437,0.00012108381925065475
2024/03/04 11:59:59.437,0.00012112743375067488
2024/03/04 13:59:59.442,0.0001210714114036476
2024/03/04 15:59:57.437,0.00012113543573322256
2024/03/04 17:59:57.441,0.00012093571564836512
2024/03/04 19:59:58.441,0.00012094428227877101
2024/03/04 21:59:55.448,0.00012106396745782714
2024/03/04 23:59:54.441,0.00012093463153039404
2024/03/05 01:59:59.442,0.00012108533812531201
2024/03/05 03:59:53.437,0.00012109462505087666
2024/03/05 05:59:58.441,0.00012128451651462981
2024/03/05 07:59:59.443,0.00012120108600851607
2024/03/05 09:59:59.443,0.00012091952795970509
2024/03/05 11:59:58.441,0.00012113573288826825
2024/03/05 13:59:59.442,0.00012103059431020374
2024/03/05 15:59:54.441,0.00012127344731429947
2024/03/05 17:59:59.442,0.00012094918566501217
2024/03/05 19:59:54.441,0.00012124716932563274
2024/03/05 21:59:58.437,0.00012106628679221375
2024/03/05 23:59:59.443,0.00012116494895009065
2024/03/06 01:59:55.448,0.00012109954531934212
2024/03/06 03:59:59.443,0.00012129085088553842
2024/03/06 05:59:54.438,0.00012117278506021128
2024/03/06 07:59:59.443,0.00012122287087535615
2024/03/06 09:59:53.442,0.00012107104817245728
2024/03/06 11:59:52.442,0.00012106332455631682
2024/03/06 13:59:56.442,0.00012138059604901335
2024/03/06 15:59:57.442,0.00012120362090776737
2024/03/06 17:59:53.443,0.00012122353830589407
2024/03/06 19:59:55.448,0.0001212320773783249
2024/03/06 21:59:55.437,0.00012112489159803229
2024/03/06 23:59:59.437,0.00012114065787290566
2024/03/07 01:59:59.443,0.000120937123031723
2024/03/07 03:59:57.443,0.00012108483151495773
2024/03/07 05:59:57.443,0.00012077094316032058
2024/03/07 07:59:59.437,0.00012114668186596198
2024/03/07 09:59:56.442,0.00012078524634226129
2024/03/07 11:59:59.443,0.0001211150265019676
2024/03/07 13:59:57.442,0.0001210623259729451
2024/03/07 15:59:58.442,0.0001213321347372167
2024/03/07 17:59:57.443,0.00012091977535825899
2024/03/07 19:59:53.437,0.0001211873137441636
2024/03/07 21:59:59.437,0.00012102817329424742
2024/03/07 23:59:59.438,0.0001211232902596697
2024/03/08 01:59:52.441,0.00012106015923828396
2024/03/08 03:59:54.442,0.00012111030769563756
2024/03/08 05:59:58.442,0.00012094014469049818
2024/03/08 07:59:59.442,0.00012115930822941116
2024/03/08 09:59:59.443,0.00012102070379494808
2024/03/08 11:59:59.442,0.00012108812065554659
2024/03/08 13:59:53.442,0.00012107020829718487
2024/03/08 15:59:50.448,0.0001210908895079976
2024/03/08 17:59:57.443,0.00012120158094772517
2024/03/08 19:59:53.438,0.00012124825700217399
2024/03/08 21:59:59.438,0.00012104266444628799
2024/03/08 23:59:58.442,0.00012094095084105726
2024/03/09 01:59:56.437,0.00012097490095607245
2024/03/09 03:59:55.437,0.00012101597625876913
2024/03/09 05:59:53.444,0.00012121316276043071
2024/03/09 07:59:59.438,0.00012112592772668154
2024/03/09 09:59:59.442,0.00012093676383882166
2024/03/09 11:59:59.438,0.0001209871212088542
2024/03/09 13:59:59.442,0.00012137078032360372
2024/03/09 15:59:58.437,0.00012112533613931857
2024/03/09 17:59:59.442,0.00012137807831887712
2024/03/09 19:59:59.438,0.00012100846485468821
2024/03/09 21:59:56.443,0.00012118308613930625
2024/03/09 23:59:50.447,0.00012089828536341394
2024/03/10 01:59:53.442,0.00012093454247638101
2024/03/10 04:59:50.448,0.00012106723608635305
2024/03/10 06:59:59.437,0.0001210099697689666
2024/03/10 08:59:54.442,0.00012108304116510678
2024/03/10 10:59:57.438,0.00012102717518237907
2024/03/10 12:59:50.447,0.00012086302679766187
2024/03/10 14:59:53.441,0.00012122367440019698
2024/03/10 16:59:59.441,0.00012109317204135008
2024/03/10 18:59:59.443,0.00012120157518540552
2024/03/10 20:59:59.442,0.00012093949778651734
2024/03/10 22:59:53.438,0.00012109936136394388
2024/03/11 00:59:55.438,0.00012101182701917897
2024/03/11 02:59:59.442,0.00012116758145362874
2024/03/11 04:59:57.443,0.00012106778044946087
2024/03/11 06:59:51.442,0.0001210175800280998
2024/03/11 08:59:59.443,0.00012109217769355179
2024/03/11 10:59:59.442,0.00012109927999297443
2024/03/11 12:59:55.438,0.00012118992261631597
2024/03/11 14:59:56.437,0.00012116885838800287
2024/03/11 16:59:52.442,0.00012109656286130964
2024/03/11 18:59:53.442,0.00012110979108049021
2024/03/11 20:59:49.442,0.00012108383862351112
2024/03/11 22:59:58.437,0.00012102819902880878
2024/03/12 00:59:51.441,0.00012110558812311915
2024/03/12 02:59:56.441,0.00012101930636041615
2024/03/12 04:59:59.442,0.0001212002018766826
2024/03/12 06:59:59.441,0.00012097030621415633
2024/03/12 08:59:59.443,0.00012122457633362276
2024/03/12 10:59:59.442,0.00012114538336322064
2024/03/12 12:59:52.437,0.0001211087279182965
2024/03/12 14:59:59.443,0.0001212027958790916
2024/03/12 16:59:59.442,0.0001212255381547646
2024/03/12 18:59:59.443,0.00012128381678251553
2024/03/12 20:59:59.443,0.00012110942036037475
2024/03/12 22:59:53.443,0.00012108888859444666
2024/03/13 00:59:59.442,0.00012110069212308667
2024/03/13 02:59:59.442,0.00012107831274916535
2024/03/13 04:59:59.442,0.00012095202210478483
2024/03/13 06:59:56.442,0.0001210188816487939
2024/03/13 08:59:59.438,0.00012112756307826595
2024/03/13 10:59:59.443,0.00012119438323566815
2024/03/13 12:59:57.442,0.00012136346977212093
2024/03/13 14:59:54.442,0.00012133349437405775
2024/03/13 16:59:59.441,0.000121140075093999
2024/03/13 18:59:59.443,0.0001211104378068947
2024/03/13 20:59:54.441,0.00012108824885042427
2024/03/13 22:59:59.442,0.00012108488773518386
2024/03/14 00:59:59.440,0.00012125439539669343
2024/03/14 02:59:53.442,0.0001210018528284329
2024/03/14 04:59:59.438,0.00012111789546075943
2024/03/14 06:59:59.442,0.00012100323359631943
2024/03/14 08:59:51.442,0.00012114129082182822
2024/03/14 10:59:59.443,0.00012114842495533794
2024/03/14 12:59:59.442,0.00012137642980693527
2024/03/14 14:59:48.442,0.00012109985143014496
2024/03/14 16:59:59.442,0.00012939787553162496
2024/03/14 18:59:52.442,0.0001292592984168213
2024/03/14 20:59:59.438,0.00012922857079297346
2024/03/14 22:59:59.442,0.00012940421253012293
2024/03/15 00:59:54.442,0.00012940501562858127
2024/03/15 02:59:58.437,0.00012914265785484943
2024/03/15 04:59:52.443,0.00012922994622008326
2024/03/15 06:59:53.443,0.00012938783066046287
2024/03/15 08:59:53.443,0.00012923042670673804
2024/03/15 10:59:58.442,0.00012930587486040084
2024/03/15 12:59:59.438,0.00012934385270269434
2024/03/15 14:59:59.438,0.00012926596752299989
2024/03/15 16:59:58.442,0.00012921559525977644
2024/03/15 18:59:59.443,0.00012930658053790902
2024/03/15 20:59:59.442,0.0001292356828931634
2024/03/15 22:59:54.442,0.00012923527086833986
2024/03/16 00:59:59.437,0.00012903035144741824
2024/03/16 02:59:53.438,0.0001291671786390715
2024/03/16 04:59:50.447,0.00012938500979202562
2024/03/16 06:59:46.442,0.00012919277336804176
2024/03/16 08:59:59.442,0.00012911770121443828
2024/03/16 10:59:59.442,0.00012922775780384486
2024/03/16 12:59:59.442,0.0001292626868572299
2024/03/16 14:59:58.437,0.00012929540675723494
2024/03/16 16:59:59.437,0.0001290969106468636
2024/03/16 18:59:50.447,0.00012940142421889733
2024/03/16 20:59:50.442,0.0001292537780415735
2024/03/16 22:59:53.437,0.00012905351833812927
2024/03/17 00:59:48.442,0.00012833441903211068
2024/03/17 02:59:47.443,0.0001285723022376473
2024/03/17 04:59:48.442,0.000128580745742649
2024/03/17 06:59:55.449,0.00012852320789149142
2024/03/17 08:59:59.443,0.0001285683172018618
2024/03/17 10:59:59.442,0.00012856237465810015
2024/03/17 12:59:56.437,0.0001283714778683192
2024/03/17 14:59:59.442,0.0001282762268514571
2024/03/17 16:59:59.438,0.000128618207324773
2024/03/17 18:59:55.449,0.00012841883895948727
2024/03/17 20:59:47.442,0.00012843876533124833
2024/03/17 22:59:48.442,0.00012852853495915202
2024/03/18 00:59:56.441,0.00012849667534045104
2024/03/18 02:59:58.441,0.00012856313626112643
2024/03/18 04:59:50.448,0.00012816857485810405
2024/03/18 06:59:59.437,0.0001285726518624758
2024/03/18 08:59:58.442,0.0001285640449458207
2024/03/18 10:59:59.444,0.0001284357386646676
2024/03/18 12:59:54.443,0.00012868977574480886
2024/03/18 14:59:59.438,0.00012839420108003055
2024/03/18 16:59:52.437,0.00012861110486091614
2024/03/18 18:59:57.443,0.00012858618251664525
2024/03/18 20:59:57.444,0.00012868400352410186
2024/03/18 22:59:59.444,0.0001285746500127686
2024/03/19 00:59:54.442,0.00012840583325331325
2024/03/19 02:59:59.443,0.00012856879742416502
2024/03/19 04:59:59.442,0.00012843699007014127
2024/03/19 06:59:59.440,0.0001285705987258395
2024/03/19 08:59:59.442,0.00012844358822130958
2024/03/19 10:59:59.438,0.000128702249131129
2024/03/19 12:59:59.438,0.00012892224923426808
2024/03/19 14:59:59.442,0.00012853634431540887
2024/03/19 16:59:49.442,0.00012858415281439008
2024/03/19 18:59:48.437,0.00012860325949515751
2024/03/19 20:59:46.441,0.00012872938526381595
2024/03/19 22:59:50.447,0.00012863854239582732
2024/03/20 00:59:52.442,0.00012843677048357064
2024/03/20 02:59:50.448,0.00012842122676988595
2024/03/20 04:59:51.443,0.00012858473869622
2024/03/20 06:59:59.442,0.00012858438990760043
2024/03/20 08:59:55.448,0.00012841287132873763
2024/03/20 10:59:48.437,0.0001287022223015535
2024/03/20 12:59:59.442,0.0001283744630707079
2024/03/20 14:59:57.442,0.00012859148998993952
2024/03/20 16:59:51.443,0.00012845500924607732
2024/03/20 18:59:54.442,0.00012857078007797856
2024/03/20 20:59:59.443,0.00012848666456115754
2024/03/20 22:59:54.437,0.0001285439258139537
2024/03/21 00:59:46.443,0.00012846645260151303
2024/03/21 02:59:59.443,0.00012838522018582252
2024/03/21 04:59:51.443,0.0001285742933425447
2024/03/21 06:59:52.442,0.0001284510064072862
2024/03/21 08:59:58.440,0.00012842289802551186
2024/03/21 10:59:59.443,0.00012866054848092442
2024/03/21 12:59:58.442,0.00012860006376309494
2024/03/21 14:59:59.438,0.0001286952165952722
2024/03/21 16:59:49.443,0.00012873990204356186
2024/03/21 18:59:48.437,0.0001287057647537986
2024/03/21 20:59:59.442,0.00012858972932323573
2024/03/21 22:59:59.442,0.0001286248838471792
2024/03/22 00:59:52.442,0.00012849717523352513
2024/03/22 02:59:59.443,0.00012860759695462688
2024/03/22 04:59:48.442,0.0001284446228391557
2024/03/22 06:59:59.443,0.0001286503087148181
2024/03/22 08:59:59.438,0.00012864300401756797
2024/03/22 10:59:47.443,0.0001286355751416715
2024/03/22 12:59:59.442,0.0001137440656719513
2024/03/22 14:59:59.443,0.00011387120137864559
2024/03/22 16:59:57.442,0.00011375317430523967
2024/03/22 18:59:53.438,0.00011377342759600301
2024/03/22 20:59:49.438,0.00011379914954373739
2024/03/22 22:59:55.437,0.00011323862228454634
2024/03/23 00:59:49.443,0.00011292191073670529
2024/03/23 02:59:59.442,0.00011319729747256602
2024/03/23 04:59:51.443,0.00011313244010224187
2024/03/23 06:59:59.443,0.00011311204149468387
2024/03/23 08:59:59.437,0.00011301905037843808
2024/03/23 10:59:59.442,0.00011338379985351878
2024/03/23 12:59:59.442,0.00011321711293842917
2024/03/23 14:59:59.443,0.00011308901150840088
2024/03/23 16:59:59.438,0.00011311818595623599
2024/03/23 18:59:50.445,0.00011306472686906449
2024/03/23 20:59:52.437,0.00011295759128343708
2024/03/23 22:59:50.448,0.00011292069021558374
2024/03/24 00:59:59.443,0.00011320454171514225
2024/03/24 02:59:59.443,0.00011301217320767297
2024/03/24 04:59:55.449,0.00011312278428414843
2024/03/24 06:59:50.448,0.00011308369214996117
2024/03/24 08:59:59.443,0.00011291309099135133
2024/03/24 10:59:45.438,0.00011289350306966488
2024/03/24 12:59:59.443,0.00011319748918668284
2024/03/24 14:59:59.438,0.00011318065685610051
2024/03/24 16:59:51.438,0.00011317278605663313
2024/03/24 18:59:52.437,0.00011317710944673189
2024/03/24 20:59:48.437,0.00011310738340726339
2024/03/24 22:59:56.442,0.00011308140991582188
2024/03/25 00:59:48.437,0.00011284472947252269
2024/03/25 02:59:52.443,0.0001129085916035551
2024/03/25 04:59:50.448,0.00011300673750687349
2024/03/25 06:59:56.443,0.00011318866650439523
2024/03/25 08:59:59.442,0.00011297966628132386
2024/03/25 10:59:59.438,0.00011303002309439815
2024/03/25 12:59:53.443,0.00011305092256057898
2024/03/25 14:59:49.444,0.00011291228976878139
2024/03/25 16:59:59.443,0.00011309918045428591
2024/03/25 18:59:58.437,0.0001131156727660736
2024/03/25 20:59:59.443,0.00011320956971896308
2024/03/25 22:59:59.442,0.00011324653082025297
2024/03/26 00:59:59.443,0.00011306064972850131
2024/03/26 02:59:50.448,0.00011319538672105363
2024/03/26 04:59:47.443,0.00011321503798318704
2024/03/26 06:59:55.437,0.00011300931329295755
2024/03/26 08:59:53.443,0.00011308339083674525
2024/03/26 10:59:51.442,0.0001129839319777309
2024/03/26 12:39:35.448,0.00011292911391196932
2024/03/26 14:59:57.438,0.00011311460456040273
2024/03/26 16:59:54.441,0.00011306363359245228
2024/03/26 18:59:53.442,0.00011316459935525224
2024/03/26 20:59:54.443,0.00011311166365093183
2024/03/26 22:59:53.437,0.00011299315171157393
2024/03/27 00:59:56.441,0.00011315063108000677
2024/03/27 02:59:53.442,0.00011312408228677356
2024/03/27 04:59:59.443,0.00011305340674839522
2024/03/27 06:59:52.443,0.0001130485869130284
2024/03/27 08:59:59.139,0.0001419349339416894
2024/03/27 10:59:56.133,0.0001422104685199591
2024/03/27 12:59:59.134,0.00012108793282817206
2024/03/27 14:59:59.140,0.00012119664079547553
2024/03/27 16:59:51.139,0.00012123872398120057
2024/03/27 18:59:59.138,0.00012108185319753904
2024/03/27 20:59:59.139,0.00012123237961787707
2024/03/27 22:59:55.144,0.00012095707924000995
2024/03/28 00:59:49.139,0.00012093375880069657
2024/03/28 02:59:54.133,0.00012119312686401973
2024/03/28 04:59:53.134,0.000121234561667441
2024/03/28 06:59:50.134,0.00012096603620459265
2024/03/28 08:59:59.135,0.00012135299588648256
2024/03/28 10:59:59.137,0.00012113993421063011
2024/03/28 12:59:59.134,0.00012111900168002548
2024/03/28 14:59:53.138,0.00012093481624534663
2024/03/28 16:59:58.136,0.00012116618334885584
2024/03/28 18:59:59.133,0.00012096106117197036
2024/03/28 20:59:55.139,0.00012120276980123755
2024/03/28 22:59:59.134,0.00012092166539722486
2024/03/29 00:59:50.133,0.00012108485040709925
2024/03/29 02:59:52.136,0.00012120281165355819
2024/03/29 04:59:59.139,0.00012102260882917645
2024/03/29 06:59:53.139,0.00012145685251914283
2024/03/29 08:59:59.135,0.00012120184013595033
2024/03/29 10:59:53.134,0.00012107192485713563
2024/03/29 12:59:50.142,0.00012120499531345238
2024/03/29 14:59:59.139,0.00012116501155441148
2024/03/29 16:59:59.135,0.00012109722204167974
2024/03/29 18:59:52.140,0.0001218613400813765
2024/03/29 20:59:59.133,0.00012172048900303687
2024/03/29 22:59:59.134,0.00012174065203411951
2024/03/30 00:59:59.139,0.00012190906204202767
2024/03/30 02:59:58.134,0.00012174569120287496
2024/03/30 04:59:59.134,0.00012187231831672743
2024/03/30 06:59:48.135,0.00012160260775457202
2024/03/30 08:59:59.133,0.00012190564111209235
2024/03/30 10:59:59.134,0.00012183596260204041
2024/03/30 12:59:49.139,0.00012185916719907223
2024/03/30 14:59:55.145,0.00012165171705497126
2024/03/30 16:59:47.140,0.00012172490184234538
2024/03/30 18:59:56.133,0.00012193244552562269
2024/03/30 20:59:59.134,0.00012175376568785745
2024/03/30 22:59:59.139,0.00012173583296373248
2024/03/31 00:59:59.139,0.00012183971347175861
2024/03/31 02:59:59.139,0.00012176166168025181
2024/03/31 04:59:53.139,0.00012159511578932971
2024/03/31 06:59:50.136,0.00012190699826508086
2024/03/31 08:59:48.133,0.00012179532451108422
2024/03/31 10:59:46.136,0.00012183015279497264
2024/03/31 12:59:55.144,0.00012175513211407234
2024/03/31 14:59:50.133,0.00012184580728198044
2024/03/31 16:59:59.134,0.00012174921898319085
2024/03/31 18:59:59.140,0.00011337846389326583
2024/03/31 20:59:59.140,0.00011293530289753517
2024/03/31 22:59:51.134,0.00011296819973717227
2024/04/01 00:59:47.133,0.00011301767851305574
2024/04/01 02:59:59.133,0.00011302782863505379
2024/04/01 04:59:50.135,0.00011292061051972392
2024/04/01 06:59:57.135,0.00011307049694567656
2024/04/01 08:59:56.134,0.00011305497570591196
2024/04/01 10:59:51.140,0.00011298325845369402
2024/04/01 12:59:52.133,0.00011314089663561679
2024/04/01 14:59:50.141,0.0000566639178698149
2024/04/01 16:59:59.138,0.00005637304999171665
2024/04/01 18:59:59.134,0.00005657383349525525
2024/04/01 20:59:59.134,0.000056378310113445294
2024/04/01 22:59:56.141,0.000056502351065709586
2024/04/02 00:59:56.139,0.000056354081415234766
2024/04/02 02:59:59.140,0.000056608416564894365
2024/04/02 04:59:56.136,0.00005649231051932542
2024/04/02 06:59:58.135,0.000056256712774567665
2024/04/02 08:59:53.140,0.00005621094169744689
2024/04/02 10:59:54.133,0.00005644325148863438
2024/04/02 12:59:50.138,0.00005652601284873335
2024/04/02 14:59:49.133,0.00005535246290189936
2024/04/02 16:59:50.144,0.000055269585795806105
2024/04/02 18:59:49.134,0.00005553974269621271
2024/04/02 20:59:55.139,0.00005553266018459197
2024/04/02 22:59:49.140,0.00005550428966243235
2024/04/03 00:59:52.136,0.00005539375656243259
2024/04/03 02:59:59.134,0.00005538221833658881
2024/04/03 04:59:48.136,0.0000554836002974628
2024/04/03 06:59:55.142,0.0000554240316142572
2024/04/03 08:59:55.145,0.000055383643959527055
2024/04/03 10:59:47.140,0.00005522331037802667
2024/04/03 12:59:55.140,0.000055669537932663534
2024/04/03 14:59:59.139,0.00005555634749382926
2024/04/03 16:59:56.134,0.00005537394091235019
2024/04/03 18:59:48.133,0.000055496333654110293
2024/04/03 20:59:49.139,0.000055404125154012635
2024/04/03 22:59:57.140,0.000055382403229354054
2024/04/04 00:59:59.135,0.00005534853371822386
2024/04/04 02:59:59.139,0.0000557814683476857
2024/04/04 04:59:59.134,0.000055390162471595276
2024/04/04 06:59:55.140,0.000055354187555206025
2024/04/04 08:59:49.135,0.00005566152080478941
2024/04/04 10:59:57.133,0.000055429962614814066
2024/04/04 12:59:59.139,0.00005539209095072736
2024/04/04 14:59:55.144,0.000055386923381801374
2024/04/04 16:59:59.139,0.000055501206828232834
2024/04/04 18:59:52.136,0.000055152981637236805
2024/04/04 20:59:55.145,0.0000552086559254814
2024/04/04 22:59:59.134,0.000055379540932984243
2024/04/05 00:59:48.134,0.00005531306021932067
2024/04/05 02:59:59.140,0.00005536073769362284
2024/04/05 04:59:48.136,0.000055382519157533856
2024/04/05 06:59:51.134,0.00005521900010206195
2024/04/05 08:59:50.143,0.000055657078796436694
2024/04/05 10:59:52.135,0.00005539363697896477
2024/04/05 12:59:48.141,0.00005521239822835089
2024/04/05 14:59:54.141,0.000055428852201224314
2024/04/05 16:59:59.138,0.00005566498562090138
2024/04/05 18:59:51.139,0.000055380803945048156
2024/04/05 20:59:51.134,0.00005566972708820337
2024/04/05 22:59:53.134,0.00005523097432750358
2024/04/06 00:59:50.134,0.000055509887750035863
2024/04/06 02:59:57.139,0.00005525028041271693
2024/04/06 04:59:59.134,0.00005548767541855253
2024/04/06 06:59:50.134,0.000055352141928801314
2024/04/06 08:59:59.139,0.00005538707054497919
2024/04/06 10:59:50.135,0.00005540283483478784
2024/04/06 12:59:53.140,0.00005515692359984887
2024/04/06 14:59:59.135,0.00005568655486457405
2024/04/06 16:59:54.139,0.000055490948752293856
2024/04/06 18:59:58.141,0.000055505311644029035
2024/04/06 20:59:46.141,0.00005536758205381356
2024/04/06 22:59:59.135,0.000055654263180927944
2024/04/07 00:59:49.134,0.000055538746805984934
2024/04/07 02:59:46.136,0.00005553258076149952
2024/04/07 04:59:56.139,0.000055505699538797045
2024/04/07 06:59:47.139,0.00005537907409092655
2024/04/07 08:59:55.144,0.00005548458401311938
2024/04/07 10:59:56.136,0.00005542396798260643
2024/04/07 12:59:58.136,0.00005521900070117994
2024/04/07 14:59:57.136,0.000055434257004951925
2024/04/07 16:59:49.140,0.000055806460625662613
2024/04/07 18:59:53.133,0.0000554295024910164
2024/04/07 20:59:56.141,0.000055491429193766716
2024/04/07 22:59:53.133,0.000055319135300343944
2024/04/08 00:59:59.139,0.000055521564694794396
2024/04/08 02:59:58.134,0.0000556795347437246
2024/04/08 04:59:55.145,0.000055333191641932684
2024/04/08 06:59:49.139,0.00005538891149247153
2024/04/08 08:59:54.139,0.00005554149408630879
2024/04/08 10:59:46.135,0.000055409523167406855
2024/04/08 12:59:59.134,0.00005538618520886438
2024/04/08 14:59:45.134,0.00005555236046840823
2024/04/08 16:59:59.140,0.00005545861128619273
2024/04/08 18:59:53.133,0.00005542549459709362
2024/04/08 20:59:52.134,0.00005540727987082128
2024/04/08 22:59:47.135,0.000055626836781471045
2024/04/09 00:59:55.144,0.000055373679789280924
2024/04/09 02:59:58.139,0.00005582296770163103
2024/04/09 04:59:53.140,0.00005551148783348211
2024/04/09 06:59:56.133,0.00005551474873781261
2024/04/09 08:59:57.133,0.00005520017787116238
2024/04/09 10:59:59.139,0.00005573329422068131
2024/04/09 12:59:51.134,0.00005527206165645433
2024/04/09 14:59:58.135,0.0000557446068145954
2024/04/09 16:59:59.134,0.00005554289800306545
2024/04/09 18:59:54.135,0.00005556214767360093
2024/04/09 20:59:59.140,0.000055380255640885876
2024/04/09 22:59:54.134,0.000055492956897587274
2024/04/10 00:59:57.139,0.00005551457453708556
2024/04/10 02:59:54.135,0.00005554457875166481
2024/04/10 04:59:50.133,0.00005535821051979143
2024/04/10 06:59:52.140,0.00005538681220762583
2024/04/10 08:59:59.133,0.00005548402657886798
2024/04/10 10:59:55.140,0.000055513817589090215
2024/04/10 12:59:52.135,0.000055474028416923
2024/04/10 14:59:59.139,0.00005537520469102368
2024/04/10 16:59:59.134,0.00005551126508903566
2024/04/10 18:59:54.135,0.000055473147267336105
2024/04/10 20:59:59.138,0.000055665815933450006
2024/04/10 22:59:59.133,0.00005541271962335107
2024/04/11 00:59:52.135,0.00005522324714424215
2024/04/11 02:59:56.135,0.00005547218040943652
2024/04/11 04:59:53.139,0.00005551083432130571
2024/04/11 06:59:59.140,0.000055389622944991836
2024/04/11 08:59:52.134,0.0000552764203807956
2024/04/11 10:59:59.139,0.000055381118457173084
2024/04/11 12:59:57.139,0.00005540069753212401
2024/04/11 14:59:57.140,0.00005551856692736804
2024/04/11 16:59:46.133,0.000055572928146357476
2024/04/11 18:59:51.139,0.00005551143845735089
2024/04/11 20:59:59.139,0.0000553774267792131
2024/04/11 22:59:51.133,0.000055414136326049145
2024/04/12 00:59:59.138,0.00005542161154445545
2024/04/12 02:59:59.139,0.00005531181003974291
2024/04/12 04:59:59.133,0.00005546931862534051
2024/04/12 06:59:59.133,0.00005533972656251825
2024/04/12 08:59:53.140,0.00005542924282271584
2024/04/12 10:59:45.145,0.00005551195208737775
2024/04/12 12:59:59.134,0.000055460450303930646
2024/04/12 14:59:54.135,0.000055454426394663245
2024/04/12 16:59:47.140,0.00005541475694883849
2024/04/12 18:59:51.134,0.000055630554367265574
2024/04/12 20:59:59.134,0.00005537017932816736
2024/04/12 22:59:51.139,0.00005548331350057322
2024/04/13 00:59:54.136,0.000055659335154008194
2024/04/13 02:59:48.136,0.000055509883348420507
2024/04/13 04:59:59.140,0.000055552279037938805
2024/04/13 06:59:53.138,0.000055512176698632756
2024/04/13 08:59:51.133,0.000055410592217239264
2024/04/13 10:59:59.133,0.000055466604987445666
2024/04/13 12:59:56.140,0.00005558571252025563
2024/04/13 14:59:56.133,0.0000555625011940215
2024/04/13 16:59:59.133,0.00005562459239770806
2024/04/13 18:59:49.135,0.00005535381579503062
2024/04/13 20:59:59.133,0.000055289039750232015
2024/04/13 22:59:53.136,0.000055495938704915275
2024/04/14 00:59:59.134,0.000055352827415057844
2024/04/14 02:59:56.140,0.00005553638446836139
2024/04/14 04:59:54.133,0.000055577479198818986
2024/04/14 06:59:59.133,0.00005550256758713462
2024/04/14 08:59:57.140,0.000055672077237223824
2024/04/14 10:59:53.133,0.00005547559338896678
2024/04/14 12:59:59.138,0.000055511958944876784
2024/04/14 14:59:59.139,0.00005539581813677363
2024/04/14 16:59:57.140,0.000055378997051048146
2024/04/14 18:59:47.134,0.000055490949670853714
2024/04/14 20:59:58.140,0.00005522647906542404
2024/04/14 22:59:59.139,0.000055582792814353465
2024/04/15 00:59:58.136,0.000055441689457283427
2024/04/15 02:59:45.140,0.00005550057906325982
2024/04/15 04:59:56.141,0.00005568409396089618
2024/04/15 06:59:54.134,0.00005547861843430235
2024/04/15 08:59:57.133,0.00005554515318616972
2024/04/15 10:59:48.134,0.000055514345641596423
2024/04/15 12:59:59.133,0.0000554109151791634
2024/04/15 14:59:59.133,0.000055584630500928575
2024/04/15 16:59:59.133,0.00005555506960567932
2024/04/15 18:59:58.135,0.00005547582200226113
2024/04/15 20:59:48.141,0.00005529119485615228
2024/04/15 22:59:56.140,0.000055382124496474354
2024/04/16 00:59:49.135,0.000055342651423744746
2024/04/16 02:59:45.136,0.00005541985794374375
2024/04/16 04:59:49.133,0.00005543610956702213
2024/04/16 06:59:59.133,0.000055326015245959665
2024/04/16 08:59:52.140,0.00005546620398162736
2024/04/16 10:59:52.133,0.00005557308019971514
2024/04/16 12:59:58.139,0.00005560308278585309
2024/04/16 14:59:59.139,0.00005555044131350473
2024/04/16 16:59:59.133,0.00005563166621366314
2024/04/16 18:59:59.135,0.000055377433544900374
2024/04/16 20:59:47.134,0.00005537283533786607
2024/04/16 22:59:53.135,0.000055356256500137844
2024/04/17 00:59:59.140,0.00005555452369788392
2024/04/17 02:59:59.133,0.00005556514235514191
2024/04/17 04:59:59.135,0.0000553988629245755
2024/04/17 06:59:45.136,0.00005558389300952795
2024/04/17 08:59:59.134,0.0000554250404140074
2024/04/17 10:59:59.135,0.00005560446478553201
2024/04/17 12:59:53.139,0.00005564533569885012
2024/04/17 14:59:58.136,0.000055520720265633056
2024/04/17 16:59:54.135,0.000055544801038427256
2024/04/17 18:59:59.133,0.00005553342169183823
2024/04/17 20:59:57.140,0.000055511098112522776
2024/04/17 22:59:58.134,0.000055575407184508254
2024/04/18 00:59:53.140,0.00005521508212202129
2024/04/18 02:59:55.144,0.00005551198971287041
2024/04/18 04:59:51.135,0.00005537916891862689
2024/04/18 06:59:50.145,0.0000551585604965739
2024/04/18 08:59:46.133,0.00005547847671444678
2024/04/18 10:59:56.133,0.00005555197063464659
2024/04/18 12:59:52.135,0.00005539131830730903
2024/04/18 14:59:59.134,0.00005533817002138924
2024/04/18 16:59:57.134,0.000055264831310863576
2024/04/18 18:59:51.139,0.000055227614202029404
2024/04/18 20:59:59.135,0.00005523146027347669
2024/04/18 22:59:54.134,0.00005550828853666308
2024/04/19 00:59:59.140,0.000055320304342123354
2024/04/19 02:59:55.145,0.000055673818548213355
2024/04/19 04:59:58.134,0.000055327919553472485
2024/04/19 06:59:59.139,0.00005550920760150211
2024/04/19 08:59:56.136,0.0000554236467091014
2024/04/19 10:59:52.135,0.000055366740419803565
2024/04/19 12:59:50.146,0.000055514776028384894
2024/04/19 14:59:58.140,0.00005566688458134235
2024/04/19 16:59:58.134,0.00005533213170130491
2024/04/19 18:59:58.140,0.00005522411264411714
2024/04/19 20:59:59.138,0.000055548063044094946
2024/04/19 22:59:58.140,0.00005566034086239254
2024/04/20 00:59:58.134,0.000055383192407451884
2024/04/20 02:59:59.139,0.00005538107895325754
2024/04/20 04:59:59.133,0.00005538047072714278
2024/04/20 06:59:52.134,0.00005543141381963928
2024/04/20 08:59:55.144,0.000055387064874235876
2024/04/20 10:59:53.138,0.0000552947927160769
2024/04/20 12:59:59.139,0.000055386840883092426
2024/04/20 14:59:59.134,0.00005535751158185586
2024/04/20 16:59:56.140,0.00005573554899496373
2024/04/20 18:59:59.140,0.000055240198914061105
2024/04/20 20:59:56.136,0.00005512553313372799
2024/04/20 22:59:46.136,0.000055510945270468917
2024/04/21 00:59:48.139,0.00005538717043726687
2024/04/21 02:59:46.136,0.00005533342961495839
2024/04/21 04:59:52.140,0.00005562527424327431
2024/04/21 06:59:59.133,0.000055299810505864525
2024/04/21 08:59:55.145,0.00005549846167637502
2024/04/21 10:59:56.135,0.0000555670654053986
2024/04/21 12:59:59.139,0.00005557347109474119
2024/04/21 14:59:58.141,0.00005540009429279865
2024/04/21 16:59:49.133,0.000055707627077484205
2024/04/21 18:59:59.134,0.00005539354936182473
2024/04/21 20:59:51.133,0.00005548137208490119
2024/04/21 22:59:59.135,0.00005534642191272373
2024/04/22 00:59:59.140,0.00005550145164647535
2024/04/22 02:59:59.133,0.000055476600940021725
2024/04/22 04:59:59.133,0.00005567550948668481
2024/04/22 06:59:54.134,0.00005521240904806336
2024/04/22 08:59:50.134,0.00005547883222900376
2024/04/22 10:59:59.134,0.00005531172527673907
2024/04/22 12:59:53.140,0.00005555406445784114
2024/04/22 14:59:52.140,0.00005565506759085241
2024/04/22 16:59:52.133,0.00005563741830875121
2024/04/22 18:59:49.139,0.00005565775262701726
2024/04/22 20:59:54.135,0.000055214666179601
2024/04/22 22:59:56.135,0.00005574267143131396
2024/04/23 00:59:53.135,0.000055051997783269736
2024/04/23 02:59:50.134,0.00005554492177463254
2024/04/23 04:59:55.133,0.00005534736582019233
2024/04/23 06:59:57.135,0.00005544461439135034
2024/04/23 08:59:58.141,0.000055656629421668625
2024/04/23 10:59:53.134,0.00005549841268223478
2024/04/23 12:59:55.143,0.00005549936702183599
2024/04/23 14:59:54.136,0.00005538738543027279
2024/04/23 16:59:59.133,0.00005559472268882285
2024/04/23 18:59:59.134,0.000055567535977979784
2024/04/23 20:59:53.134,0.000055228839572664734
2024/04/23 22:59:52.137,0.00005539421514325159
2024/04/24 00:59:56.135,0.00005524806715084282
2024/04/24 02:59:59.138,0.00005538567249275273
2024/04/24 04:59:59.137,0.00005549452147914075
2024/04/24 06:59:58.140,0.00005536275112864069
2024/04/24 08:59:48.135,0.00005554464565057737
2024/04/24 10:59:58.136,0.000055399667401960834
2024/04/24 12:59:57.140,0.000055663679498253324
2024/04/24 14:59:58.136,0.000055394844504705924
2024/04/24 16:59:59.135,0.00005567530376487088
2024/04/24 18:59:51.134,0.00005532692090346599
2024/04/24 20:59:59.139,0.00005565587925774066
2024/04/24 22:59:59.139,0.00005551555163916799
2024/04/25 00:59:54.134,0.0000555419928174382
2024/04/25 02:59:59.133,0.000055414586069752504
2024/04/25 04:59:53.133,0.000055355065768453523
2024/04/25 06:59:59.140,0.00005568391345982845
2024/04/25 08:59:57.133,0.0000554205238437458
2024/04/25 10:59:59.139,0.000055515771867862235
2024/04/25 12:59:56.136,0.000055494323154103995
2024/04/25 14:59:59.139,0.00005562469056179687
2024/04/25 16:59:58.140,0.0000554014251339733
2024/04/25 17:04:39.138,0.00005537868903438671
2024/04/25 20:59:55.137,0.00005582218252580772
2024/04/25 22:59:56.140,0.00005532649159587728
2024/04/26 00:59:58.134,0.00005555968457530675
2024/04/26 02:59:59.139,0.00005543459694729907
2024/04/26 04:59:54.140,0.000055473524769691794
2024/04/26 06:59:59.139,0.000055636391483837285
2024/04/26 08:59:52.140,0.00005547763729915626
2024/04/26 10:59:52.135,0.000055508380916826637
2024/04/26 12:59:59.133,0.000055514353846775086
2024/04/26 14:59:55.144,0.00005571853951043604
2024/04/26 16:59:59.133,0.00005564761331250689
2024/04/26 18:59:59.134,0.000055635018774611184
2024/04/26 20:59:54.133,0.0000557666312920649
2024/04/26 22:59:59.139,0.00005567678543691577
2024/04/27 00:59:59.139,0.000055542143548624604
2024/04/27 02:59:59.133,0.00005590047891766231
2024/04/27 04:59:55.134,0.00005563376825971543
2024/04/27 06:59:56.135,0.00005570903939010064
2024/04/27 08:59:55.144,0.0000555533743796144
2024/04/27 10:59:56.135,0.000055839455397253455
2024/04/27 12:59:59.139,0.00005582584266476684
2024/04/27 14:59:59.133,0.00005596504234883886
2024/04/27 16:59:58.135,0.000055871225054415744
2024/04/27 18:59:59.138,0.00005587235694491456
2024/04/27 20:59:59.134,0.00005571981608122109
2024/04/27 22:59:59.133,0.00005583682710453523
2024/04/28 00:59:59.139,0.000055661367714590346
2024/04/28 02:59:59.133,0.000055807670692479943
2024/04/28 04:59:59.139,0.00005569952577523678
2024/04/28 06:59:51.135,0.00005573789015083605
2024/04/28 08:59:53.139,0.00005594789572455024
2024/04/28 10:59:56.133,0.0000557449732361192
2024/04/28 12:59:59.139,0.000055901157667967765
2024/04/28 14:59:59.133,0.00005586152011425286
2024/04/28 16:59:59.139,0.00005588985114513206
2024/04/28 18:59:59.133,0.00005580180350728803
2024/04/28 20:59:58.133,0.00005565598703491491
2024/04/28 22:59:56.133,0.000055805400634011296
2024/04/29 00:59:59.133,0.000055891974565156146
2024/04/29 02:59:55.139,0.00005586125284753652
2024/04/29 04:59:55.145,0.0000559972391839282
2024/04/29 06:59:58.136,0.000055835153448168434
2024/04/29 08:59:59.138,0.0000558183806577679
2024/04/29 10:59:59.133,0.00005564187499964042
2024/04/29 12:59:54.140,0.0000559939576935809
2024/04/29 14:59:56.136,0.00005586805410414706
2024/04/29 16:59:55.145,0.000055868973671108307
2024/04/29 18:59:59.133,0.000055685006023541305
2024/04/29 20:59:55.144,0.000055748200217148466
2024/04/29 22:59:53.138,0.00005563238429957512
2024/04/30 00:59:57.134,0.000055843233496485155
2024/04/30 02:59:51.134,0.000056150367682878314
2024/04/30 04:59:52.140,0.00005581747467862844
2024/04/30 06:59:59.139,0.00005570411548738551
2024/04/30 08:59:52.136,0.00005584817861111927
2024/04/30 10:59:54.140,0.00005572674166537247
2024/04/30 12:59:59.139,0.000055847318448869056
2024/04/30 14:59:59.139,0.00005591109570017705
2024/04/30 16:59:56.136,0.000055866761901663305
2024/04/30 18:59:59.134,0.00005583294924450604
2024/04/30 20:59:55.144,0.000055846853934335576
2024/04/30 22:59:59.140,0.000055594770756415157
2024/05/01 00:59:53.134,0.000055718577732722255
2024/05/01 02:59:59.138,0.00005599470144646026
2024/05/01 04:59:59.135,0.00005570669730394221
2024/05/01 06:59:51.140,0.00005566854524218734
2024/05/01 08:59:58.140,0.0000559966443708759
2024/05/01 10:59:59.133,0.00005587818253777151
2024/05/01 12:59:57.133,0.00005661342433105276
2024/05/01 14:59:48.140,0.0000564673001191933
2024/05/01 16:59:58.136,0.00005646630260040303
2024/05/01 18:59:59.139,0.000056534686671608556
2024/05/01 20:59:58.140,0.00005649859882786616
2024/05/01 22:59:50.136,0.000056515915485482795
2024/05/02 00:59:57.134,0.000056601379806659073
2024/05/02 02:59:58.135,0.00005635307411596202
2024/05/02 04:59:59.139,0.00005637730948703095
2024/05/02 06:59:59.140,0.00005624850090985678
2024/05/02 08:59:59.139,0.00005643500801278476
2024/05/02 10:59:59.140,0.0000565290209795107
2024/05/02 12:59:59.134,0.000056605511205148604
2024/05/02 14:59:55.137,0.000056311846107368654
2024/05/02 16:59:56.133,0.00005652642590291871
2024/05/02 18:59:59.140,0.00005644023263652709
2024/05/02 20:59:54.134,0.000056605192571303777
2024/05/02 22:59:58.140,0.00005671520855677741
2024/05/03 00:59:50.142,0.000056497601252312604
2024/05/03 02:59:59.139,0.000056372959527216385
2024/05/03 04:59:59.134,0.000056644101773899585
2024/05/03 06:59:56.135,0.00005652327606473523
2024/05/03 08:59:50.138,0.00005646446604442111
2024/05/03 10:59:55.140,0.000056396513965403996
2024/05/03 12:59:52.133,0.00005660537816150992
2024/05/03 14:59:48.136,0.00005653528213727629
2024/05/03 16:59:59.139,0.00005663415838894191
2024/05/03 18:59:52.133,0.00005655879956309043
2024/05/03 20:59:59.133,0.00005657654656026998
2024/05/03 22:59:54.133,0.00005633651104424692
2024/05/04 00:59:49.140,0.00005664788040706944
2024/05/04 02:59:54.133,0.000056237737427738106
2024/05/04 04:59:51.134,0.000056497623086305877
2024/05/04 06:59:59.133,0.00005632047306962781
2024/05/04 08:59:59.139,0.000056493195665408906
2024/05/04 10:59:59.139,0.000056362378640876086
2024/05/04 12:59:51.139,0.00005655146420011367
2024/05/04 14:59:57.133,0.00005645511703828769
2024/05/04 16:59:59.134,0.00005641654748895983
2024/05/04 18:59:58.135,0.00005630156930516393
2024/05/04 20:59:55.138,0.000056498028884922984
2024/05/04 22:59:47.139,0.00005646035061360105
2024/05/05 00:59:48.136,0.00005620578617085436
2024/05/05 02:59:50.140,0.000056486205702821876
2024/05/05 04:59:50.133,0.00005655659881880018
2024/05/05 06:59:49.139,0.00005664274728140085
2024/05/05 08:59:55.139,0.00018252960259814937
2024/05/05 10:59:47.134,0.00018261163331471898
2024/05/05 12:59:55.139,0.00018264875990438536
2024/05/05 14:59:59.135,0.00018246962323405545
2024/05/05 16:59:48.134,0.00018258792152202642
2024/05/05 18:59:52.133,0.0001824453560704069
2024/05/05 20:59:59.133,0.00018233579179429514
2024/05/05 22:59:59.134,0.00018249597494331303
2024/05/06 00:59:57.134,0.00018226276368901904
2024/05/06 02:59:59.134,0.0001825298210834938
2024/05/06 04:59:49.133,0.00018243384081868328
2024/05/06 06:59:58.136,0.00018220300057367075
2024/05/06 08:59:59.133,0.00018247159491212918
2024/05/06 10:59:58.140,0.0001826730088427452
2024/05/06 12:59:51.134,0.00018267116865106593
2024/05/06 14:59:59.140,0.0001823878013323857
2024/05/06 16:59:51.140,0.00018254654194567395
2024/05/06 18:59:50.143,0.00018247575855822527
2024/05/06 20:59:59.134,0.00018253323169162243
2024/05/06 22:59:47.134,0.00018237529237561517
2024/05/07 00:59:56.133,0.00018254890066673782
2024/05/07 02:59:53.133,0.000182535647846296
2024/05/07 04:59:56.133,0.00018256330831063771
2024/05/07 06:59:56.134,0.00018249831930938282
2024/05/07 08:59:59.133,0.00018263348325317042
2024/05/07 10:59:58.140,0.00018266690099359581
2024/05/07 12:59:55.139,0.00018251979280991217
2024/05/07 14:59:49.139,0.00018269309908546154
2024/05/07 16:59:59.139,0.00018237892097181557
2024/05/07 18:59:57.134,0.00018263477558159104
2024/05/07 20:59:59.138,0.00018252728956967342
2024/05/07 22:59:59.133,0.00018263363947687371
2024/05/08 00:59:57.133,0.00018262717601919443
2024/05/08 02:59:54.133,0.0001825910360410261
2024/05/08 04:59:53.134,0.0001823374845080515
2024/05/08 06:59:59.139,0.00018283161624277962
2024/05/08 08:59:54.135,0.00018261391443873538
2024/05/08 10:59:56.140,0.00018252209387656357
2024/05/08 12:59:59.134,0.00018269326005759335
2024/05/08 14:59:59.134,0.00018229694974763975
2024/05/08 16:59:54.135,0.00018237268233085112
2024/05/08 18:59:50.141,0.00018273968022764031
2024/05/08 20:59:53.133,0.00018261202703127223
2024/05/08 22:59:55.144,0.00018238162454187992
2024/05/09 00:59:51.139,0.00018255832423468547
2024/05/09 02:59:59.139,0.00018260417457810623
2024/05/09 04:59:56.140,0.0001826593854986997
2024/05/09 06:59:59.133,0.00018262413678870622
2024/05/09 08:59:59.133,0.0001824806273292933
2024/05/09 10:59:55.140,0.00018258554435876133
2024/05/09 12:59:59.139,0.00018261115043505287
2024/05/09 14:59:57.140,0.00018266517677571333
2024/05/09 16:59:48.139,0.00018265969868160172
2024/05/09 18:59:58.135,0.00018253844602951044
2024/05/09 20:59:59.139,0.00018152928998917356
2024/05/09 22:59:59.134,0.00018163106130485477
2024/05/10 00:59:51.134,0.00018154672387047182
2024/05/10 02:59:52.140,0.00018148594789409303
2024/05/10 04:59:59.138,0.00018145666246191237
2024/05/10 06:59:46.136,0.00018182081304792
2024/05/10 08:59:59.136,0.00018154046612630043
2024/05/10 10:59:47.134,0.0001817095046436925
2024/05/10 12:59:59.140,0.0001817227240966175
2024/05/10 14:59:53.139,0.00018165453571322235
2024/05/10 16:59:52.140,0.0001818546685325719
2024/05/10 18:59:59.133,0.00018158176436164843
2024/05/10 20:59:50.141,0.00018138657929731418
2024/05/10 22:59:59.135,0.00018165713516593031
2024/05/11 00:59:59.139,0.0001813146963605366
2024/05/11 02:59:53.139,0.00018168687610215094
2024/05/11 04:59:47.139,0.0001815802543430003
2024/05/11 06:59:55.144,0.00018153496432483216
2024/05/11 08:59:59.139,0.00018139464931545506
2024/05/11 10:59:55.137,0.00018151930013954516
2024/05/11 12:59:49.135,0.0001814452945716682
2024/05/11 14:59:46.135,0.0001816334051510048
2024/05/11 16:59:49.134,0.0001815582205238057
2024/05/11 18:59:59.133,0.00018157820863531966
2024/05/11 20:59:59.134,0.00018167751408827465
2024/05/11 22:59:59.133,0.00018160765132199154
2024/05/12 00:59:59.133,0.00018147925007277728
2024/05/12 02:59:48.134,0.00018134093759958897
2024/05/12 04:59:49.133,0.00018148731789398363
2024/05/12 06:59:48.141,0.00018168494108741472
2024/05/12 08:59:47.140,0.00018177249076536633
2024/05/12 10:59:51.139,0.0001816953631290993
2024/05/12 12:59:58.133,0.00018169898765360416
2024/05/12 14:59:49.133,0.0001815225257397522
2024/05/12 16:59:59.133,0.00018148971129237424
2024/05/12 18:59:46.133,0.00018146865287877524
2024/05/12 20:59:57.139,0.00018154501072770212
2024/05/12 22:59:47.140,0.00018155143402329897
2024/05/13 00:59:59.138,0.00018156783422091196
2024/05/13 02:59:51.139,0.00018131529521764222
2024/05/13 04:59:48.135,0.00018158866314820068
2024/05/13 06:59:59.139,0.00018154481329008305
2024/05/13 08:59:49.134,0.00018154907108413874
2024/05/13 10:59:52.134,0.00018159101768986486
2024/05/13 12:59:50.142,0.00018164016593200932
2024/05/13 14:59:49.139,0.0001814769161238908
2024/05/13 16:59:50.137,0.0001814018815825318
2024/05/13 18:59:48.135,0.00018157521560770455
2024/05/13 20:59:48.135,0.00018168055931422553
2024/05/13 22:59:59.133,0.0001813732471579998
2024/05/14 00:59:59.139,0.0001812738595358634
2024/05/14 02:59:57.133,0.00018120875074388614
2024/05/14 04:59:50.138,0.00018167353563811696
2024/05/14 06:59:53.134,0.0001814673982081303
2024/05/14 08:59:47.140,0.0001815054164214381
2024/05/14 10:59:58.135,0.0001815886198104924
2024/05/14 12:59:53.139,0.00018147036833016057
2024/05/14 14:59:47.134,0.0001816783384559801
2024/05/14 16:59:50.141,0.00018151741776419793
2024/05/14 18:59:57.133,0.00018171830495712863
2024/05/14 20:59:48.133,0.0001815981713355945
2024/05/14 22:59:56.135,0.00018169337704850317
2024/05/15 00:59:59.135,0.00018138023398637983
2024/05/15 02:59:59.133,0.0001816088741320185
2024/05/15 04:59:51.139,0.0001815832499319225
2024/05/15 06:59:55.135,0.00018146876005165205
2024/05/15 08:59:49.133,0.00018148370832879885
2024/05/15 10:59:59.134,0.0001817313111413392
2024/05/15 12:59:51.134,0.00018144689731146787
2024/05/15 14:59:59.139,0.00018151733540533446
2024/05/15 16:59:59.139,0.00018168448411684944
2024/05/15 18:59:59.140,0.00018156835513290876
2024/05/15 20:59:59.133,0.0001815830363491839
2024/05/15 22:59:59.133,0.0001815151701574356
2024/05/16 00:59:56.141,0.0001816665707002165
2024/05/16 02:59:57.138,0.00018139165751141943
2024/05/16 04:59:49.140,0.00018147868466028287
2024/05/16 06:59:46.140,0.00018127686108566912
2024/05/16 08:59:47.140,0.00018140346434679735
2024/05/16 10:59:59.140,0.00018156100257265493
2024/05/16 12:59:55.138,0.00018173142070671873
2024/05/16 14:59:59.140,0.0001815156283074496
2024/05/16 16:59:56.140,0.0001814730945909822
2024/05/16 18:59:59.138,0.00018182428576013303
2024/05/16 20:59:57.133,0.00018158945131541542
2024/05/16 22:59:47.139,0.00018132453641951134
2024/05/17 00:59:59.133,0.00018143882279641127
2024/05/17 02:59:59.139,0.00018155153335429764
2024/05/17 04:59:49.133,0.00018159862786390984
2024/05/17 06:59:59.140,0.00018143885957148806
2024/05/17 08:59:51.133,0.00018170848502571663
2024/05/17 10:59:51.133,0.00018154732510320388
2024/05/17 12:59:59.138,0.00018155120126875468
2024/05/17 14:59:51.134,0.00018140927087751353
2024/05/17 16:59:59.135,0.00018168638322724258
2024/05/17 18:59:58.136,0.00018154770110902454
2024/05/17 20:59:52.141,0.00018155086471628344
2024/05/17 22:59:47.140,0.00018165309775688366
2024/05/18 00:59:59.139,0.00018155720348682507
2024/05/18 02:59:47.133,0.0001815976038108456
2024/05/18 04:59:53.135,0.0001813894074357432
2024/05/18 06:59:51.133,0.00018148453734126682
2024/05/18 08:59:50.135,0.000181549553895421
2024/05/18 10:59:53.140,0.00018154887534964728
2024/05/18 12:59:59.134,0.00018155261132072817
2024/05/18 14:59:59.139,0.00018139702624452988
2024/05/18 16:59:54.139,0.0001813562827412962
2024/05/18 18:59:51.140,0.00018154189851349434
2024/05/18 20:59:48.136,0.0001813892518509435
2024/05/18 22:59:48.140,0.00018153759097457432
2024/05/19 00:59:52.134,0.00018168206002771914
2024/05/19 02:59:59.135,0.00018154440179581714
2024/05/19 04:59:56.135,0.00018150297945304905
2024/05/19 06:59:59.133,0.00018146438690666436
2024/05/19 08:59:47.134,0.00018168196185248457
2024/05/19 10:59:56.135,0.0001815928952565471
2024/05/19 12:59:51.139,0.00018143959074977127
2024/05/19 14:59:54.134,0.00018155754829649886
2024/05/19 16:59:52.140,0.0001815785746841989
2024/05/19 18:59:51.139,0.00018166911859290654
2024/05/19 20:59:51.135,0.00018155133123643242
2024/05/19 22:59:58.134,0.00018170501920691307
2024/05/20 00:59:57.133,0.00018158285716432092
2024/05/20 02:59:48.134,0.00018154456576235635
2024/05/20 04:59:59.139,0.000181673588994713
2024/05/20 06:59:59.133,0.00018148490316531474
2024/05/20 08:59:54.133,0.00018161706055136624
2024/05/20 10:59:57.133,0.00018164906341030295
2024/05/20 12:59:48.134,0.00018154448417252017
2024/05/20 14:59:55.141,0.0001814402715273134
2024/05/20 16:59:56.133,0.00018162282165702198
2024/05/20 18:59:54.135,0.00018163759118102474
2024/05/20 20:59:59.139,0.00018154425301499338
2024/05/20 22:59:56.140,0.0001813834185471068
2024/05/21 00:59:55.141,0.00018167018858324926
2024/05/21 02:59:57.135,0.00018156043798187642
2024/05/21 04:59:53.140,0.00018151749080376863
2024/05/21 06:59:59.139,0.00018149888510034576
2024/05/21 08:59:51.133,0.00018174958668828618
2024/05/21 10:59:54.134,0.00018163669023892452
2024/05/21 12:59:50.145,0.0001816283543385287
2024/05/21 14:59:57.140,0.00018155302033100472
2024/05/21 16:59:54.133,0.0001817934718615779
2024/05/21 18:15:06.140,0.00018163167974526563
2024/05/21 20:59:53.139,0.00018147965613208355
2024/05/21 22:59:54.139,0.0001815017927957462
2024/05/22 00:59:54.140,0.0001817843026531877
2024/05/22 02:59:54.134,0.00018154465548574246
2024/05/22 04:59:54.140,0.0001812330822430345
2024/05/22 06:59:54.135,0.00018150879247055414
2024/05/22 08:59:54.133,0.0001815203568756109
2024/05/22 10:59:54.140,0.00018155825096905634
2024/05/22 12:59:54.133,0.00018159045267126088
2024/05/22 14:59:54.133,0.0001814807643283766
2024/05/22 16:59:54.140,0.00018165070265809067
2024/05/22 18:59:54.139,0.00018159830755933528
2024/05/22 20:59:54.133,0.00018164728263492269
2024/05/22 22:59:54.135,0.00018143915657468273
2024/05/23 00:59:54.136,0.00018136335975577652
2024/05/23 02:59:54.140,0.00018152897694738988
2024/05/23 04:59:56.140,0.00018163159178446138
2024/05/23 06:59:55.138,0.000181438471979737
2024/05/23 08:59:55.144,0.00018152846887028423
2024/05/23 10:59:56.133,0.00018136136807630633
2024/05/23 12:59:56.140,0.0001815799706660707
2024/05/23 14:59:56.136,0.00018154764730417085
2024/05/23 16:59:56.133,0.00018158185585092788
2024/05/23 18:59:57.139,0.0001816610602750957
2024/05/23 20:59:56.141,0.00018138373638529117
2024/05/23 22:59:58.136,0.0001815606901744686
2024/05/24 00:59:58.134,0.00018169403858112914
2024/05/24 02:59:58.136,0.00018166408723632992
2024/05/24 04:59:59.139,0.00018158348019711254
2024/05/24 06:59:57.133,0.0001816464057472549
2024/05/24 08:59:57.139,0.00018149889396653883
2024/05/24 10:59:59.139,0.00018163148439804492
2024/05/24 12:59:58.136,0.00018153644315624926
2024/05/24 14:59:58.135,0.0001815240241432994
2024/05/24 16:59:58.140,0.00018159466886055192
2024/05/24 18:59:58.136,0.00018184150951460113
2024/05/24 20:59:58.139,0.000181487914933942
2024/05/24 22:59:58.133,0.00018152133041867476
2024/05/25 00:59:58.135,0.00018156321582369343
2024/05/25 02:59:58.135,0.00018157302848334018
2024/05/25 04:59:58.135,0.0001815413240647726
2024/05/25 06:59:58.136,0.0001813941229029038
2024/05/25 08:59:58.135,0.0001813854303140126
2024/05/25 10:59:59.140,0.000181396120717467
2024/05/25 12:59:58.136,0.00018158684446416645
2024/05/25 14:59:58.133,0.00018156034853460088
2024/05/25 16:59:58.135,0.00018154894837401367
2024/05/25 18:59:58.134,0.0001815981262881902
2024/05/25 20:59:58.136,0.00018149098126913165
2024/05/25 22:59:58.134,0.000181377909247203
2024/05/26 00:59:58.140,0.00018140160043678987
2024/05/26 02:59:58.135,0.00018159067411735027
2024/05/26 04:59:58.134,0.0001815838415772933
2024/05/26 06:59:58.137,0.00018147896561155065
2024/05/26 08:59:58.133,0.00018162218273381662
2024/05/26 10:59:55.144,0.00018147380731488232
2024/05/26 12:59:58.136,0.00018155053668817656
2024/05/26 14:59:58.135,0.00018156786214680617
2024/05/26 16:59:58.133,0.0001815828101762892
2024/05/26 18:59:58.139,0.00018122142610724792
2024/05/26 20:59:58.139,0.00018168002946285632
2024/05/26 22:59:58.133,0.00018168551214857348
2024/05/27 00:59:58.136,0.0001816240703300277
2024/05/27 02:59:58.133,0.00018149552311323353
2024/05/27 04:59:58.133,0.00018156809013988035
2024/05/27 06:59:58.140,0.0001813746085126524
2024/05/27 08:59:58.136,0.00018166855280419406
2024/05/27 10:59:59.134,0.0001813541139475271
2024/05/27 12:59:58.140,0.0001814881386253491
2024/05/27 14:59:58.140,0.00018153892423522383
2024/05/27 16:59:58.140,0.00018153090026478373
2024/05/27 18:59:58.134,0.0001816442892245872
2024/05/27 20:59:58.133,0.00018164294991030637
2024/05/27 22:59:58.136,0.00018138094925338713
2024/05/28 00:59:58.140,0.00018166156488275188
2024/05/28 02:59:58.133,0.00018163701177820814
2024/05/28 04:59:58.133,0.00018152460443756632
2024/05/28 06:59:59.139,0.00018123186233507795
2024/05/28 08:59:59.139,0.000181390557698977
2024/05/28 10:59:59.133,0.00018158985796776117
2024/05/28 12:59:59.139,0.00018152558517913245
2024/05/28 14:59:59.133,0.00018168309761877293
2024/05/28 16:59:59.140,0.00018154550989726894
2024/05/28 18:59:59.134,0.00018169233678319317
2024/05/28 20:59:58.135,0.00018182904969484264
2024/05/28 22:59:59.133,0.00018170289629005642
2024/05/29 00:59:58.140,0.00018151586363566446
2024/05/29 02:59:58.140,0.00018131280925747523
2024/05/29 04:59:57.138,0.00018132606489156247
2024/05/29 06:59:58.135,0.00018151691861032263
2024/05/29 08:59:59.133,0.00018163710527537672
2024/05/29 10:59:59.140,0.00018159347508030335
2024/05/29 12:59:59.139,0.00018159837019975862
2024/05/29 14:59:59.134,0.00018140443641259866
2024/05/29 16:59:59.133,0.0001815980204916875
2024/05/29 18:59:59.140,0.00018151872266665
2024/05/29 20:59:58.134,0.00018158983528204653
2024/05/29 22:59:59.140,0.00018155216446944758
2024/05/30 00:59:58.135,0.0001814079785733721
2024/05/30 02:59:58.133,0.0001814787998480039
2024/05/30 04:59:56.135,0.00018148701789744
2024/05/30 06:59:57.133,0.00018159632643555034
2024/05/30 08:59:57.140,0.00018137536068693632
2024/05/30 10:59:57.133,0.00018152065907805443
2024/05/30 12:59:56.135,0.00018168846531007202
2024/05/30 14:59:58.136,0.0001815491246420161
2024/05/30 16:59:56.133,0.0001818062245833171
2024/05/30 18:59:58.134,0.00018159892743385364
2024/05/30 20:59:59.135,0.00018154480750676556
2024/05/30 22:59:59.133,0.00018150471289930125
2024/05/31 00:59:59.135,0.00018143893833031681
2024/05/31 02:59:59.138,0.00018154942197756775
2024/05/31 04:59:58.135,0.00018143769353196485
2024/05/31 06:59:59.139,0.0001815634280463187
2024/05/31 08:59:58.136,0.00018149863605323375
2024/05/31 10:59:58.136,0.0001816326209190562
2024/05/31 12:59:59.139,0.0001815639669370687
2024/05/31 14:59:58.135,0.00018167235368562654
2024/05/31 16:59:59.133,0.00018170477080617562
2024/05/31 18:59:59.135,0.00018154452285044386
2024/05/31 20:59:59.140,0.00018152591175678073
2024/05/31 22:59:59.133,0.00018149812193294637
2024/06/01 00:59:59.140,0.0001814232892440079
2024/06/01 02:59:58.140,0.00018152636666037082
2024/06/01 04:59:59.140,0.00018149342900679427
2024/06/01 06:59:59.140,0.0001813944377401518
2024/06/01 08:59:59.139,0.0001814302417065285
2024/06/01 10:59:51.134,0.00018140697222165667
2024/06/01 12:59:59.133,0.00018141596062735846
2024/06/01 14:59:59.133,0.00018163124464951128
2024/06/01 16:59:59.134,0.00018168384334650792
2024/06/01 18:59:59.134,0.00018164929127065162
2024/06/01 20:59:59.140,0.00018183201134235204
2024/06/01 22:59:58.140,0.0001813861794343475
2024/06/02 00:59:58.140,0.00018139187918875642
2024/06/02 02:59:58.133,0.00018133797058098424
2024/06/02 04:59:59.135,0.0001816718761370971
2024/06/02 06:59:59.135,0.00018154940605674322
2024/06/02 08:59:58.134,0.0001812311831293205
2024/06/02 10:59:59.135,0.0001814155503249643
2024/06/02 12:59:58.133,0.00018163330724068954
2024/06/02 14:59:59.139,0.0001814186043431688
2024/06/02 16:59:58.135,0.00018156761930703674
2024/06/02 18:59:59.139,0.00018154303804168923
2024/06/02 20:59:57.135,0.00018138641021866577
2024/06/02 22:59:54.136,0.00018155159293925524
2024/06/03 00:59:59.133,0.00018163789934079797
2024/06/03 02:59:56.135,0.00018168435434564074
2024/06/03 04:59:59.133,0.00018159870256727692
2024/06/03 06:59:59.135,0.00018140014041416285
2024/06/03 08:59:54.135,0.00018163838732513233
2024/06/03 10:59:59.135,0.00018157836044613724
2024/06/03 12:59:59.134,0.0001815481899539709
2024/06/03 14:59:59.133,0.00018141710885547884
2024/06/03 16:59:59.140,0.0001815325051724997
2024/06/03 18:59:59.134,0.00018137736789145638
2024/06/03 20:59:59.140,0.00018164235102356417
2024/06/03 22:59:57.139,0.0001815937306344737
2024/06/04 00:59:59.134,0.00018157891850583072
2024/06/04 02:59:59.134,0.00018147453519269614
2024/06/04 04:59:58.133,0.00018159980415016058
2024/06/04 06:59:57.133,0.0001813632791570086
2024/06/04 08:59:55.141,0.0001817489600706905
2024/06/04 10:59:55.140,0.00018163121727003304
2024/06/04 12:59:55.133,0.00018146776734956224
2024/06/04 14:59:56.134,0.00018153892152349214
2024/06/04 16:59:56.135,0.0001815726761180038
2024/06/04 18:59:56.140,0.0001814579408700346
2024/06/04 20:59:56.135,0.0001817111731000638
2024/06/04 22:59:56.135,0.00018139144761689696
2024/06/05 00:59:57.139,0.00018139432271363138
2024/06/05 02:59:56.141,0.00018137695290693377
2024/06/05 04:59:57.133,0.00018173479240415736
2024/06/05 06:59:57.133,0.00018155160152774714
2024/06/05 08:59:56.140,0.00018148836827289346
2024/06/05 10:59:56.135,0.00018155153897750947
2024/06/05 12:59:57.138,0.000181552289385714
2024/06/05 14:59:56.133,0.00018151686419290187
2024/06/05 16:59:58.134,0.00018172462925726633
2024/06/05 18:59:57.134,0.00018165906550076578
2024/06/05 20:59:58.134,0.00018173978288543645
2024/06/05 22:59:58.133,0.0001814637697728415
2024/06/06 00:59:58.135,0.0001816642948066168
2024/06/06 02:59:57.139,0.00018154132165335027
2024/06/06 04:59:57.133,0.00018158067328612562
2024/06/06 06:59:57.134,0.00018137579845294965
2024/06/06 08:59:58.140,0.00018152163108378275
2024/06/06 10:59:58.140,0.0001815466891376431
2024/06/06 12:59:56.135,0.0001815177217120586
2024/06/06 14:59:57.139,0.00018167942701924737
2024/06/06 16:59:59.139,0.00018154426780342368
2024/06/06 18:59:59.135,0.00018167761738314858
2024/06/06 20:59:59.139,0.0001816313938741626
2024/06/06 22:59:59.134,0.00018158695611904266
2024/06/07 00:59:54.140,0.00018141486092809465
2024/06/07 02:59:59.133,0.00018142964440679503
2024/06/07 04:59:59.139,0.00018144132111496544
2024/06/07 06:59:59.140,0.00018154916693434992
2024/06/07 08:59:58.141,0.00018139630973541322
2024/06/07 10:59:59.134,0.00018252286876809692
2024/06/07 12:59:58.134,0.0002170460083104535
2024/06/07 14:59:51.133,0.0002169908892291177
2024/06/07 16:59:52.135,0.00021727377344863023
2024/06/07 18:59:59.133,0.00021702700173460658
2024/06/07 20:59:59.141,0.00021697489992797192
2024/06/07 22:59:59.139,0.00021684470628981702
2024/06/08 00:59:59.133,0.0002169422118749369
2024/06/08 02:59:58.136,0.00021697435619126964
2024/06/08 04:59:59.133,0.00021703229890236974
2024/06/08 06:59:59.134,0.00021694572017313013
2024/06/08 08:59:51.139,0.00021587557888146016
2024/06/08 10:59:59.134,0.0002159509551148631
2024/06/08 12:59:59.133,0.0002161033433850272
2024/06/08 14:59:59.135,0.00021603549575381327
2024/06/08 16:59:59.134,0.00021601515661441137
2024/06/08 18:59:50.137,0.00021614964259661677
2024/06/08 20:59:58.140,0.0002160051112974499
2024/06/08 22:59:58.135,0.000216146596686689
2024/06/09 00:59:59.135,0.00021600853669453534
2024/06/09 02:59:59.140,0.0002161411493447139
2024/06/09 04:59:59.138,0.00021613938744160006
2024/06/09 06:59:59.139,0.00021597870253776396
2024/06/09 08:59:51.135,0.00021595753521905727
2024/06/09 10:59:59.139,0.00021605574585746852
2024/06/09 12:59:59.133,0.0002159375335604357
2024/06/09 14:59:59.134,0.00021614669090274963
2024/06/09 16:59:58.134,0.0002159659369246007
2024/06/09 18:59:59.139,0.0002160147666452001
2024/06/09 20:59:59.134,0.00021614231986172812
2024/06/09 22:59:59.134,0.00021599579590617524
2024/06/10 00:59:59.140,0.000216056826954828
2024/06/10 02:59:59.134,0.00021588486668341154
2024/06/10 04:59:50.136,0.00021599674210234405
2024/06/10 06:59:58.134,0.0002159240636364556
2024/06/10 08:59:56.140,0.0002159131715994229
2024/06/10 10:59:59.133,0.00021587685458100583
2024/06/10 12:59:58.133,0.0002160197795041015
2024/06/10 14:59:59.133,0.0002160964200408536
2024/06/10 16:59:59.133,0.00021598823103704813
2024/06/10 18:59:59.133,0.00021595309545873134
2024/06/10 20:59:51.133,0.0002160500891171096
2024/06/10 22:59:54.133,0.00021610538955137918
2024/06/11 00:59:59.133,0.0002161493792522705
2024/06/11 02:59:55.140,0.00021605969739618965
2024/06/11 04:59:56.140,0.00021613259326321854
2024/06/11 06:59:59.140,0.00021620800168760867
2024/06/11 08:59:59.133,0.0002158280123653569
2024/06/11 10:59:52.133,0.0002160337367943145
2024/06/11 12:59:55.145,0.00021602175838455464
2024/06/11 14:59:58.135,0.00021602565017017248
2024/06/11 16:59:59.139,0.00021601834439227997
2024/06/11 18:59:59.133,0.00021617446180994732
2024/06/11 20:59:58.140,0.00021596612927345552
2024/06/11 22:59:59.133,0.00021593642681350716
2024/06/12 00:59:52.136,0.00021603188855564607
2024/06/12 02:59:57.135,0.00021632149044141833
2024/06/12 04:59:59.134,0.00021598767013169195
2024/06/12 06:59:59.133,0.0002162716464225537
2024/06/12 08:59:58.134,0.00021602231729550336
2024/06/12 10:59:59.133,0.0002159911032464479
2024/06/12 12:59:59.139,0.0002158650268285783
2024/06/12 14:59:59.133,0.00021604759614313014
2024/06/12 16:59:58.140,0.00021602565882461976
2024/06/12 18:59:49.133,0.00021606170372351658
2024/06/12 20:59:58.133,0.00021616928675321327
2024/06/12 22:59:59.140,0.00021601829891296697
2024/06/13 00:59:59.140,0.000216009037283643
2024/06/13 02:59:48.133,0.00021616855346788083
2024/06/13 04:59:59.140,0.00021585385317893482
2024/06/13 06:59:59.133,0.00021590058617070035
2024/06/13 08:59:59.134,0.00021596645001366644
2024/06/13 10:59:49.133,0.0002161161729608052
2024/06/13 12:59:59.133,0.00021611490243033624
2024/06/13 14:59:59.140,0.000216295032216145
2024/06/13 16:59:59.134,0.000215845963640917
2024/06/13 18:59:47.134,0.00021612727580335383
2024/06/13 20:59:59.139,0.0002161391221529711
2024/06/13 22:59:52.135,0.00021598434920661424
2024/06/14 00:59:59.133,0.0002161496972959472
2024/06/14 02:59:59.133,0.0002159315483910897
2024/06/14 04:59:53.133,0.00021620076222776574
2024/06/14 06:59:59.134,0.00021586142421770198
2024/06/14 08:59:59.134,0.00021602388372499789
2024/06/14 10:59:59.133,0.00021607245930665975
2024/06/14 12:59:59.140,0.000216141571252131
2024/06/14 14:59:59.140,0.00021603470014016499
2024/06/14 16:59:58.140,0.00021601010671899214
2024/06/14 18:59:49.139,0.00021587410526134065
2024/06/14 20:59:57.135,0.00021602852754902787
2024/06/14 22:59:59.133,0.00021619749010526353
2024/06/15 00:59:48.133,0.00021590410175993416
2024/06/15 02:59:59.133,0.00021621280354958632
2024/06/15 04:59:59.133,0.00021613493067719066
2024/06/15 06:59:59.139,0.00021612987871249496
2024/06/15 08:59:58.133,0.0002159560016745524
2024/06/15 10:59:59.140,0.00021614744639417442
2024/06/15 12:59:59.140,0.00021615490567546914
2024/06/15 14:59:48.136,0.00021601898939389505
2024/06/15 16:59:59.135,0.00021614897524781313
2024/06/15 18:59:56.141,0.00021602328734490785
2024/06/15 20:59:59.139,5.2775716220002406e-8
2024/06/15 22:59:56.141,0.00021603758999517428
2024/06/16 00:59:59.135,0.0002160143916495275
2024/06/16 02:59:59.140,0.00021603077673462123
2024/06/16 04:59:59.133,0.00021621095191898216
2024/06/16 06:59:54.133,0.00021594839583054487
2024/06/16 08:59:51.138,0.00021601733126165416
2024/06/16 10:59:58.135,0.00021588547064711424
2024/06/16 12:59:59.140,0.00021619285667331576
2024/06/16 14:59:58.134,0.00021616859730812978
2024/06/16 16:59:59.134,0.0002161498767138646
2024/06/16 18:59:55.140,0.00021630528660541534
2024/06/16 20:59:59.133,0.00021621371741006396
2024/06/16 22:59:54.136,0.00021617876355633413
2024/06/17 00:59:59.133,0.00021613613122497448
2024/06/17 02:59:58.135,0.00021614162678547963
2024/06/17 04:59:55.137,0.00021598262697263704
2024/06/17 06:59:49.134,0.00021612776789213206
2024/06/17 08:59:56.140,0.00021612590774007287
2024/06/17 10:59:59.133,0.00021612144033901547
2024/06/17 12:59:59.138,0.00021585107580784565
2024/06/17 14:59:59.133,0.0002161014198351503
2024/06/17 16:59:59.139,0.00021617591303008948
2024/06/17 18:59:59.134,0.00021617326454437139
2024/06/17 20:59:53.140,0.00021614046451652513
2024/06/17 22:59:59.134,0.00021614447153684002
2024/06/18 00:59:59.133,0.00021615523162993514
2024/06/18 02:59:58.136,0.00021615613147388084
2024/06/18 04:59:59.139,0.00021598769503528795
2024/06/18 06:59:58.140,0.00021614787330999304
2024/06/18 08:59:57.133,0.0002162519037793975
2024/06/18 10:59:58.135,0.0002161788093894848
2024/06/18 12:59:57.134,0.00021628295606875234
2024/06/18 14:59:58.133,0.0002162220628436536
2024/06/18 16:59:58.136,0.00021601766243760557
2024/06/18 18:59:54.134,0.00021614735842495882
2024/06/18 20:59:58.133,0.00021606364699808644
2024/06/18 22:59:57.134,0.00021584532950117574
2024/06/19 00:59:59.140,0.00021614014042322757
2024/06/19 02:59:59.138,0.00021600549104322257
2024/06/19 04:59:59.139,0.0002160657146821648
2024/06/19 06:59:59.139,0.00021617224534413522
2024/06/19 08:59:59.133,0.0002160642759521583
2024/06/19 10:59:59.133,0.00021585615292310433
2024/06/19 12:59:52.136,0.00021594455069357267
2024/06/19 14:59:58.139,0.00021614786483372094
2024/06/19 16:59:59.133,0.00021596823041899468
2024/06/19 18:59:59.140,0.00021638231188987264
2024/06/19 20:59:59.140,0.00021603601064607125
2024/06/19 22:59:59.134,0.0002162393721669482
2024/06/20 00:59:59.140,0.0002161472674283533
2024/06/20 02:59:59.134,0.00021609025378618266
2024/06/20 04:59:59.140,0.0002160553295665561
2024/06/20 06:59:51.135,0.00021617136171046835
2024/06/20 08:59:59.139,0.0002158594500510611
2024/06/20 10:59:59.140,0.0002161483104013624
2024/06/20 12:59:59.140,0.0002161561492402232
2024/06/20 14:59:59.135,0.00021600952385836836
2024/06/20 16:59:57.133,0.0002163340695832427
2024/06/20 18:59:59.140,0.00021594632437867852
2024/06/20 20:59:51.133,0.00021590648090214013
2024/06/20 22:59:59.133,0.00021611069577543706
2024/06/21 00:59:58.133,0.00021606487520821587
2024/06/21 02:59:52.140,0.0002159940367614539
2024/06/21 04:59:51.140,0.0002161536113138295
2024/06/21 06:59:53.140,0.00021611506959488868
2024/06/21 08:59:59.133,0.00021581040790479757
2024/06/21 10:59:59.134,0.00021613983567649183
2024/06/21 12:59:59.139,0.00021612406827230325
2024/06/21 14:59:59.140,0.00021613517228325995
2024/06/21 16:59:59.140,0.00021597114866395864
2024/06/21 18:59:59.133,0.00021599471372276771
2024/06/21 20:59:59.140,0.00021601520996977495
2024/06/21 22:59:55.139,0.00021587306611781172
2024/06/22 00:59:51.140,0.00021609676035604086
2024/06/22 02:59:56.136,0.00021598455519666854
2024/06/22 04:59:59.133,0.00021588752232412368
2024/06/22 06:59:50.139,0.0002159622719749837
2024/06/22 08:59:57.140,0.00021595854923454224
2024/06/22 10:59:49.135,0.00021587078377176735
2024/06/22 12:59:53.139,0.0002161156475937415
2024/06/22 14:59:59.133,0.00021601243113972734
2024/06/22 16:59:56.134,0.00021607020227610473
2024/06/22 18:59:59.134,0.00021601562807755832
2024/06/22 20:59:59.134,0.0002161559251175162
2024/06/22 22:59:56.141,0.00021601734308482643
2024/06/23 00:59:59.135,0.00021615275270320722
2024/06/23 02:59:56.134,0.00021592393851212717
2024/06/23 04:59:55.139,0.00021597280568903
2024/06/23 06:59:50.137,0.00021592685591647977
2024/06/23 08:59:50.134,0.0002160402657848213
2024/06/23 10:59:59.139,0.00021601189023419092
2024/06/23 12:59:50.135,0.00021616815690026192
2024/06/23 14:59:59.133,0.00021606535760252895
2024/06/23 16:59:59.133,0.00021598664874419965
2024/06/23 18:59:59.133,0.0002159433122945127
2024/06/23 20:59:50.137,0.0002159038684890718
2024/06/23 22:59:59.134,0.00021630366784771156
2024/06/24 00:59:59.134,0.00021613561181721254
2024/06/24 02:59:59.133,0.0002162753047145187
2024/06/24 04:59:51.139,0.00021585851159109862
2024/06/24 06:59:54.134,0.0002161175016131963
2024/06/24 08:59:57.133,0.00021606700327314328
2024/06/24 10:59:59.133,0.00021611380382440963
2024/06/24 12:59:59.140,0.00021597611226922527
2024/06/24 14:59:59.140,0.00021601493894269212
2024/06/24 16:59:59.133,0.00021622018708798783
2024/06/24 18:59:59.139,0.00021598274632050922
2024/06/24 20:59:59.134,0.00021586506325938493
2024/06/24 22:59:59.134,0.00021601823856687373
2024/06/25 00:59:54.140,0.00021582340622391553
2024/06/25 02:59:49.133,0.0002161717219072761
2024/06/25 04:59:59.133,0.00021621185545557927
2024/06/25 06:59:59.140,0.00021612687204446428
2024/06/25 08:59:59.139,0.00021568222010127325
2024/06/25 10:59:50.137,0.00021610052240471773
2024/06/25 12:59:59.133,0.00021589593316961978
2024/06/25 14:59:46.134,0.00021597600315676437
2024/06/25 16:59:47.135,0.00021616775637674568
2024/06/25 18:59:57.140,0.0002161009509103164
2024/06/25 20:59:49.134,0.00021617868007537457
2024/06/25 22:59:56.133,0.00021614976849741865
2024/06/26 00:59:54.135,0.00021586684987935976
2024/06/26 02:59:59.134,0.00021601329155682546
2024/06/26 04:59:57.139,0.00021601700616211134
2024/06/26 06:59:54.133,0.00021617376996626116
2024/06/26 08:59:59.135,0.0002160099640120469
2024/06/26 10:59:57.133,0.00021613764447616022
2024/06/26 12:59:55.133,0.00021599755580798365
2024/06/26 14:59:59.140,0.00021601690219365198
2024/06/26 16:59:59.133,0.00021609012740246588
2024/06/26 18:59:49.134,0.00021601222398800028
2024/06/26 20:59:59.140,0.00021625884432397943
2024/06/26 22:59:59.140,0.00021617062253101313
2024/06/27 00:59:59.133,0.00021609332590961916
2024/06/27 02:59:48.135,0.0002160577529775862
2024/06/27 04:59:59.138,0.00021613939325999224
2024/06/27 06:59:59.139,0.00021606452425852656
2024/06/27 08:59:59.133,0.00021609292545864253
2024/06/27 10:59:59.139,0.0002161010396117884
2024/06/27 12:59:59.138,0.00021615492081088184
2024/06/27 14:59:49.134,0.0002160291648511791
2024/06/27 16:59:59.134,0.00021629794217567697
2024/06/27 18:59:59.134,0.0002161463721591571
2024/06/27 20:59:49.133,0.00021623975509424358
2024/06/27 22:59:59.134,0.00021614688634016786
2024/06/28 00:59:59.139,0.0002161772719321976
2024/06/28 02:59:59.140,0.00021601137468017133
2024/06/28 04:59:59.134,0.00021607070838250148
2024/06/28 06:59:48.136,0.00021602679677433292
2024/06/28 08:59:59.139,0.0002161363467198488
2024/06/28 10:59:48.135,0.00021586029173624054
2024/06/28 12:59:59.140,0.00021584324055265498
2024/06/28 14:59:59.140,0.00021631552084309922
2024/06/28 16:59:59.133,0.00021609988723432456
2024/06/28 18:59:59.140,0.00021600497633389643
2024/06/28 20:59:59.133,0.00021613727395641667
2024/06/28 22:59:59.140,0.00021615290736079202
2024/06/29 00:59:59.133,0.00021619634063713055
2024/06/29 02:59:59.133,0.00021623650558548938
2024/06/29 04:59:59.139,0.00021608556977015592
2024/06/29 06:59:59.140,0.00021603740113065458
2024/06/29 08:59:59.139,0.00021602793940987274
2024/06/29 10:59:59.140,0.0002160763973351446
2024/06/29 12:59:59.133,0.00021598728132962513
2024/06/29 14:59:59.135,0.00021601885932821143
2024/06/29 16:59:59.139,0.00021618170191554408
2024/06/29 18:59:59.140,0.0002160659847919478
2024/06/29 20:59:59.133,0.0002162244897986967
2024/06/29 22:59:59.134,0.00021598065080702546
2024/06/30 00:59:59.133,0.00021606584327443697
2024/06/30 02:59:49.133,0.00021595122870532506
2024/06/30 04:59:59.133,0.00021608900570011953
2024/06/30 06:59:59.139,0.00021629227997471294
2024/06/30 08:59:59.135,0.00021618230062778966
2024/06/30 10:59:59.133,0.00021602860150681896
2024/06/30 12:59:59.140,0.00021617543406450096
2024/06/30 14:59:59.139,0.00021616846427334246
2024/06/30 16:59:59.134,0.00021614260642610598
2024/06/30 18:59:49.134,0.00021589163094303413
2024/06/30 20:59:59.135,0.0002157013044702933
2024/06/30 22:59:49.134,0.00021566515453998351
2024/07/01 00:59:49.134,0.00021569678391255594
2024/07/01 02:59:50.141,0.0002157804144825242
2024/07/01 04:59:50.140,0.00021558333245627826
2024/07/01 06:59:59.133,0.0002157075567042951
2024/07/01 08:59:59.139,0.00021581539865442054
2024/07/01 10:59:59.140,0.0002156160611613608
2024/07/01 12:59:59.139,0.0002156625258970195
2024/07/01 14:59:59.135,0.00021581311919535422
2024/07/01 16:59:49.140,0.00021584136001977835
2024/07/01 18:59:59.140,0.0002159541858943914
2024/07/01 20:59:59.134,0.00021602229630993865
2024/07/01 22:59:48.140,0.00021582327992542626
2024/07/02 00:59:59.135,0.00021609502916889608
2024/07/02 02:59:59.133,0.00021604922432814824
2024/07/02 04:59:59.140,0.00021568151016070192
2024/07/02 06:59:49.140,0.0002159731649609456
2024/07/02 08:59:59.134,0.0002159434116444886
2024/07/02 10:59:59.139,0.00021631506473494073
2024/07/02 12:59:59.133,0.00021602776490087518
2024/07/02 14:59:59.134,0.0002161500113909593
2024/07/02 16:59:59.139,0.00021630881522920423
2024/07/02 18:59:59.140,0.00021592281443445682
2024/07/02 20:59:59.133,0.00021614854849929735
2024/07/02 22:59:50.138,0.00021613610287247805
2024/07/03 00:59:49.137,0.00021600997872766274
2024/07/03 02:59:59.135,0.00021600643320483415
2024/07/03 04:59:49.134,0.00021595727998124716
2024/07/03 06:59:59.141,0.0002159125507644036
2024/07/03 08:59:49.144,0.00021606670889839197
2024/07/03 10:58:32.138,0.00021583077092178097
2024/07/03 12:59:59.136,0.00021602417442943386
2024/07/03 14:59:59.137,0.00021626277249755456
2024/07/03 16:59:59.144,0.00021605396441782412
2024/07/03 18:59:59.147,0.0002162423772187563
2024/07/03 20:59:59.134,0.00021615067739917852
2024/07/03 22:59:48.142,0.00021590525502174622
2024/07/04 00:59:59.135,0.0002160967668862757
2024/07/04 02:52:45.165,0.00021602301481970433
2024/07/04 04:59:49.134,0.0002160483500602074
2024/07/04 06:59:59.141,0.0002160946359262112
2024/07/04 08:59:59.135,0.00021604714583945236
2024/07/04 10:59:59.150,0.00021609892920094578
2024/07/04 12:59:59.146,0.00021627953209164735
2024/07/04 14:59:59.152,0.00021601601909975035
2024/07/04 16:59:59.151,0.00021592469284442283
2024/07/04 18:03:29.135,0.00021621599991617776
2024/07/13 06:59:59.895,0.000023727300586713674
2024/07/13 08:59:59.896,0.00002374254451558767
2024/07/13 10:59:59.896,0.000023727904729582652
2024/07/13 12:59:59.896,0.000023889832255962173
2024/07/13 14:59:59.896,0.00002389368725185161
2024/07/13 16:59:59.896,0.000023889892916090108
2024/07/13 18:59:59.895,0.00002388989243127209
2024/07/13 20:59:59.895,0.000023889591928493462
2024/07/13 22:59:59.895,0.000023885006079788266
2024/07/14 00:59:59.896,0.000023734918438674238
2024/07/14 02:59:59.896,0.000023727299593660903
2024/07/14 04:59:59.896,0.00002372726950927486
2024/07/14 06:59:59.895,0.000023727299538626818
2024/07/14 08:59:59.899,0.000023823803280841446
2024/07/14 10:59:59.895,0.000023889828534043254
2024/07/14 12:59:59.895,0.00002388983219783596
2024/07/14 14:59:59.896,0.000023889834132580835
2024/07/14 16:59:59.901,0.00002399137555475437
2024/07/14 18:59:59.896,0.00002388982852862231
2024/07/14 20:59:59.898,0.0000238240490696666
2024/07/14 22:59:59.896,0.00002372729983080549
2024/07/15 00:59:59.896,0.000023727299597363528
2024/07/15 02:59:59.895,0.00002372729947986231
2024/07/15 04:59:59.896,0.00002370801334765871
2024/07/15 06:59:59.896,0.00002372343273584248
2024/07/15 08:59:59.900,0.000023788280253778412
2024/07/15 10:59:59.895,0.000023757776473341265
2024/07/15 12:59:59.896,0.00002376787109769039
2024/07/15 14:59:59.895,0.000023897526787494856
2024/07/15 16:59:59.899,0.000023951451730910082
2024/07/15 18:59:59.901,0.00002378886503601159
2024/07/15 20:59:59.895,0.000023728251468043532
2024/07/15 22:59:59.896,0.00002374507685345207
2024/07/16 00:59:59.896,0.000023727058896107933
2024/07/16 02:59:59.900,0.00002363512602499636
2024/07/16 04:59:59.895,0.00002359379053878076
2024/07/16 06:59:59.899,0.0000236448515710316
2024/07/16 08:59:59.896,0.000023725016818720693
2024/07/16 10:59:59.896,0.000023763344938575583
2024/07/16 12:59:59.895,0.000023871990933195518
2024/07/16 14:59:59.896,0.00002387459459849406
2024/07/16 16:59:59.895,0.000023906375450245696
2024/07/16 18:59:59.896,0.000023889832255957843
2024/07/16 20:59:59.896,0.00002374636152127801
2024/07/16 22:59:59.896,0.00002372729960108188
2024/07/17 00:59:59.896,0.000023727058897970683
2024/07/17 02:59:59.897,0.000023643197032110822
2024/07/17 04:59:59.896,0.000023583400244344257
2024/07/17 06:59:59.896,0.000023599437937830327
2024/07/17 08:59:59.895,0.000023729264272245146
2024/07/17 10:59:59.895,0.000023856940715610905
2024/07/17 12:59:59.895,0.00002385923836154658
2024/07/17 14:59:59.899,0.000023971991585444462
2024/07/17 16:59:59.899,0.00002395145268946791
2024/07/17 18:59:59.896,0.00002404953361772052
2024/07/17 20:59:59.896,0.000024021270215695413
2024/07/17 22:59:59.898,0.00002379221373344363
2024/07/18 00:59:59.895,0.00002373110895985818
2024/07/18 02:59:59.895,0.000023711333049306518
2024/07/18 04:59:59.897,0.000023663631737878372
2024/07/18 06:59:59.896,0.000023723387731156917
2024/07/18 08:59:42.895,0.00002372729959739222
2024/07/18 10:59:59.896,0.000023906199940752076
2024/07/18 12:59:59.895,0.000024050298687513387
2024/07/18 14:59:59.895,0.000023889832373606806
2024/07/18 16:59:59.900,0.000023823946621582074
2024/07/18 18:59:59.895,0.000023859349963297446
2024/07/18 20:59:59.896,0.00002417998045611179
2024/07/18 22:59:59.896,0.00002388983225779852
2024/07/19 00:59:59.896,0.000023398646813788177
2024/07/19 02:59:59.898,0.00002298277286587224
2024/07/19 04:59:59.895,0.00002274495628990259
2024/07/19 06:59:59.900,0.000022490995516624824
2024/07/19 08:59:59.899,0.000023152757353820257
2024/07/19 10:59:59.896,0.000023889712748583692
2024/07/19 12:59:59.901,0.000023962927243975394
2024/07/19 14:59:59.896,0.00002356285255282702
2024/07/19 16:59:59.896,0.000023236124209125514
2024/07/19 18:59:59.900,0.00002331231701583202
2024/07/19 20:59:59.900,0.00002380856590454364
2024/07/19 22:59:59.895,0.000024054388918728914
2024/07/20 00:59:59.896,0.00002372736909883989
2024/07/20 02:59:59.896,0.000023398661694124076
2024/07/20 04:59:59.896,0.00002307180556275951
2024/07/20 06:59:59.896,0.00002290927589999678
2024/07/20 08:59:59.896,0.00002339739283546918
2024/07/20 10:59:39.895,0.000023889832255962112
2024/07/20 12:59:59.895,0.00002405462701444599
2024/07/20 14:59:59.896,0.00002390530734037091
2024/07/20 16:59:59.895,0.00002387459111138187
2024/07/20 18:59:59.900,0.000023808089792770438
2024/07/20 20:59:59.896,0.00002418500013628051
2024/07/20 22:59:59.901,0.00002382697411221551
2024/07/21 00:59:59.896,0.000023232153228648794
2024/07/21 02:59:59.897,0.000022836231518050136
2024/07/21 04:59:59.895,0.000022582422588313723
2024/07/21 06:59:59.896,0.000022414233791592015
2024/07/21 08:59:59.900,0.00002284315516728089
2024/07/21 10:59:59.901,0.000023498937930308745
2024/07/21 12:59:59.896,0.00002388983335345212
2024/07/21 14:59:59.896,0.000024085119483377853
2024/07/21 16:59:59.899,0.000024135543544022876
2024/07/21 18:59:59.895,0.00002420045580114034
2024/07/21 20:59:59.895,0.000023882333909847495
2024/07/21 22:59:59.896,0.000023560475418146716
2024/07/22 00:59:59.896,0.00002307180928311799
2024/07/22 02:59:59.896,0.00002290728986870485
2024/07/22 04:59:59.896,0.000022618574021353476
2024/07/22 06:59:59.896,0.000022582422617700643
2024/07/22 08:59:59.895,0.000023056571557923448
2024/07/22 10:59:59.895,0.000023727239422075693
2024/07/22 12:59:59.896,0.00002405415084134248
2024/07/22 14:59:59.896,0.000023929885114332353
2024/07/22 16:59:59.896,0.000023727427552779752
2024/07/22 18:59:59.896,0.00002388984729979139
2024/07/22 20:59:59.901,0.00002397199064566912
2024/07/22 22:59:59.895,0.000023889830395910906
2024/07/23 00:59:59.895,0.000023562996734637652
2024/07/23 02:59:59.895,0.00002336049064249793
2024/07/23 04:59:59.897,0.00002316216064656935
2024/07/23 06:59:59.896,0.000023071807393514547
2024/07/23 08:59:59.896,0.000023562980719314463
2024/07/23 10:59:59.896,0.000024030959842795904
2024/07/23 12:59:59.895,0.000023890073427349846
2024/07/23 14:59:43.896,0.00002356298071931447
2024/07/23 16:59:59.895,0.000023366242957870547
2024/07/23 18:59:59.896,0.00002356198269355328
2024/07/23 20:59:59.895,0.00002405415084134076
2024/07/23 22:59:59.900,0.000023971505725047246
2024/07/24 00:59:59.895,0.000023888879451767093
2024/07/24 02:59:59.896,0.000023727291934411393
2024/07/24 04:59:59.896,0.000023562498809264898
2024/07/24 06:59:59.895,0.000023398692031614944
2024/07/24 08:59:59.896,0.000023727299597375373
2024/07/24 10:59:59.896,0.00002405414896086754
2024/07/24 12:59:59.895,0.000024054022483941203
2024/07/24 14:59:59.899,0.000023824315527563696
2024/07/24 16:59:59.896,0.000023725373979864377
2024/07/24 18:59:59.896,0.000023888872469533755
2024/07/24 20:59:59.895,0.00002405462918509507
2024/07/24 22:59:59.896,0.000024057952675135604
2024/07/25 00:59:59.896,0.00002388983272608178
2024/07/25 02:59:59.896,0.000023563222392486406
2024/07/25 04:59:59.896,0.000023274524767567858
2024/07/25 06:59:59.896,0.000023071810223095436
2024/07/25 08:59:59.896,0.000023400969008408053
2024/07/25 10:59:59.896,0.000023926067701268878
2024/07/25 12:59:59.896,0.000024054150605357823
2024/07/25 14:59:59.896,0.00002389080389537157
2024/07/25 16:59:59.896,0.0000237273005582955
2024/07/25 18:59:59.900,0.000023808819423817103
2024/07/25 20:59:59.896,0.000024054150841342604
2024/07/25 22:59:59.900,0.000023989994329999102
2024/07/26 00:59:59.895,0.000023570682233058237
2024/07/26 02:59:59.895,0.000023103185274685258
2024/07/26 04:59:59.900,0.000022808642287055155
2024/07/26 06:59:59.900,0.000022643372836561185
2024/07/26 08:59:59.896,0.00002307187059217653
2024/07/26 10:59:59.896,0.000023767634597073134
2024/07/26 12:59:57.896,0.000024054150841342615
2024/07/26 14:59:59.895,0.000024054150841327185
2024/07/26 16:59:59.896,0.000024090693091768366
2024/07/26 18:59:59.896,0.000023887579789853996
2024/07/26 20:59:59.896,0.00002359379051655756
2024/07/26 22:59:59.896,0.000023104900838046646
2024/07/27 00:59:59.896,0.000022744960325467735
2024/07/27 02:59:59.896,0.000022420088547703304
2024/07/27 04:59:59.896,0.00002225556875389362
2024/07/27 06:59:59.900,0.000022168915545505137
2024/07/27 08:59:59.896,0.000022582422621556476
2024/07/27 10:59:59.900,0.00002299054268575099
2024/07/27 12:59:59.896,0.000023236604772188152
2024/07/27 14:59:59.895,0.000023402771795749988
2024/07/27 16:59:59.896,0.00002369007998028772
2024/07/27 18:59:59.896,0.000023719595246579594
2024/07/27 20:59:59.896,0.000023244260756868158
2024/07/27 22:59:59.896,0.000022901451161394756
2024/07/28 00:59:59.896,0.00002258049705274868
2024/07/28 02:59:56.895,0.000022255568753893614
2024/07/28 04:59:59.896,0.00002194248370354227
2024/07/28 06:59:59.901,0.00002186403730823948
2024/07/28 08:59:59.899,0.000022173158974463465
2024/07/28 10:59:59.896,0.00002292862041071682
2024/07/28 12:59:59.896,0.000023734988886379257
2024/07/28 14:59:59.896,0.000024053668969548093
2024/07/28 16:59:59.896,0.00002405415084133496
2024/07/28 18:59:59.896,0.00002369648983379931
2024/07/28 20:59:59.901,0.000023301662652459617
2024/07/28 22:59:59.896,0.000023071816805716488
2024/07/29 00:59:59.896,0.000022736067272017394
2024/07/29 02:59:59.900,0.00002248212974342008
2024/07/29 04:59:59.896,0.000022264767225636032
2024/07/29 06:59:59.896,0.000022089322916590797
2024/07/29 08:59:59.896,0.000022541462559735123
2024/07/29 10:59:59.895,0.000023236127660353526
2024/07/29 12:59:59.896,0.000023727307509846022
2024/07/29 14:59:59.896,0.000024045935791194542
2024/07/29 15:16:06.034,0.000024054146962853725
2024/07/29 15:16:06.896,0.000024054146962853725
